/*
 * Copyright (c) 2026, Realtek Semiconductor Corporation
 *
 * SPDX-License-Identifier: LicenseRef-Realtek-5-Clause
 */

/*
 * This file is auto-generated from COM33_2025-07-30_15-35-54.log
 * Generated at: 2025-07-30 18:36:54
 * Total packets: 337
 * Each packet is 57 bytes, total bytes: 19209
 */
#ifndef _DATA_ALL_H_
#define _DATA_ALL_H_
#include "stdio.h"
#include "stdlib.h"
#include "section.h"

#define FAKE_SCO_DATA_LEN 337
const uint8_t fake_sco_data[FAKE_SCO_DATA_LEN][57] =
{
    // seq 194
    { 0xAD, 0x00, 0x00, 0xE0, 0x10, 0x00, 0x00, 0x00, 0x7F, 0xB6, 0xD5, 0x5F, 0xAD, 0xB5, 0x57, 0xE3, 0x6D, 0x55, 0xDC, 0xDB, 0x55, 0x6D, 0x36, 0xD5, 0x5C, 0x0D, 0xB5, 0x56, 0xF3, 0x6D, 0x55, 0x8C, 0xDB, 0x55, 0x5B, 0xB6, 0xD5, 0x51, 0x2D, 0xB5, 0x53, 0xB3, 0x6D, 0x55, 0x3C, 0xDB, 0x55, 0x50, 0x36, 0xD5, 0x52, 0xAD, 0xB5, 0x53, 0xFB, 0x6D, 0x54 },
    // seq 195
    { 0xAD, 0x00, 0x00, 0x8F, 0x20, 0x00, 0x00, 0x00, 0x5E, 0xDB, 0x55, 0x58, 0x06, 0xD5, 0x56, 0x01, 0xB5, 0x55, 0x81, 0x6D, 0x55, 0x62, 0x5B, 0x55, 0x59, 0x16, 0xD5, 0x56, 0x61, 0xB5, 0x55, 0x67, 0x6D, 0x55, 0x5E, 0x53, 0x55, 0x55, 0xF4, 0xD5, 0x55, 0xAE, 0x35, 0x55, 0xAA, 0x6D, 0x55, 0x6D, 0x5B, 0x55, 0x55, 0x86, 0xD5, 0x53, 0x9D, 0xB5, 0x54 },
    // seq 196
    { 0xAD, 0x00, 0x00, 0x8F, 0x20, 0x00, 0x00, 0x00, 0x48, 0xDB, 0x55, 0x51, 0x56, 0xD5, 0x55, 0x75, 0xA5, 0x55, 0x46, 0x6D, 0x55, 0x3F, 0xDA, 0x55, 0x57, 0x36, 0xD5, 0x55, 0x89, 0x35, 0x55, 0x30, 0x6D, 0x55, 0x5D, 0xDB, 0x55, 0x58, 0xA6, 0xD5, 0x55, 0xB5, 0xB5, 0x55, 0x74, 0x6D, 0x55, 0x5B, 0xA3, 0x55, 0x55, 0x06, 0xD5, 0x56, 0x2D, 0xB5, 0x54 },
    // seq 197
    { 0xAD, 0x00, 0x00, 0x8F, 0x20, 0x00, 0x00, 0x00, 0x5D, 0x1B, 0x55, 0x57, 0xC8, 0xD5, 0x56, 0x41, 0xB5, 0x55, 0x9A, 0x6D, 0x55, 0x68, 0xD3, 0x55, 0x57, 0x06, 0xD5, 0x56, 0x39, 0xB5, 0x55, 0x8E, 0x6D, 0x55, 0x63, 0x5B, 0x55, 0x5D, 0x76, 0xD5, 0x58, 0x29, 0xB5, 0x55, 0xE3, 0x6D, 0x55, 0x69, 0x53, 0x55, 0x53, 0xE6, 0xD5, 0x51, 0xF9, 0xB5, 0x54 },
    // seq 198
    { 0xAD, 0x00, 0x00, 0x51, 0x40, 0x00, 0x00, 0x00, 0x6C, 0x0D, 0x55, 0x5D, 0xBB, 0x55, 0x57, 0xFC, 0xD5, 0x56, 0x29, 0x35, 0x55, 0x8A, 0xED, 0x55, 0x5F, 0xA3, 0x55, 0x56, 0x62, 0xD5, 0x55, 0x68, 0xB5, 0x55, 0x54, 0xE9, 0x55, 0x55, 0xCB, 0x55, 0x58, 0x8E, 0xD5, 0x57, 0x52, 0x35, 0x55, 0xDC, 0x6D, 0x55, 0x60, 0x23, 0x55, 0x52, 0x72, 0x55, 0x54 },
    // seq 199
    { 0xAD, 0x00, 0x00, 0xBC, 0xA3, 0x23, 0x00, 0x00, 0x7E, 0x2F, 0x7C, 0x1F, 0xDB, 0x62, 0xF8, 0x28, 0xF8, 0x3E, 0x17, 0xC1, 0xF0, 0x88, 0xB3, 0x83, 0xE1, 0xC4, 0x1E, 0xD7, 0xC0, 0xB8, 0x3D, 0xAE, 0xCA, 0x30, 0x61, 0x91, 0x93, 0xD9, 0x7C, 0x24, 0xC7, 0xC9, 0x18, 0xC2, 0x76, 0x95, 0xF1, 0xBF, 0x71, 0x74, 0x72, 0xF1, 0x84, 0x7A, 0xF1, 0x32, 0x54 },
    // seq 200
    { 0xAD, 0x00, 0x00, 0xCA, 0xD5, 0x43, 0x10, 0x00, 0x7C, 0xA0, 0xF8, 0x5C, 0xB8, 0x46, 0x56, 0xD9, 0x4E, 0x05, 0xC3, 0x9B, 0x59, 0x7F, 0xE5, 0x28, 0x65, 0xE8, 0xD9, 0x5A, 0x6D, 0x4A, 0xC6, 0x6F, 0x83, 0xF1, 0x78, 0x59, 0x35, 0x55, 0x4D, 0xE2, 0x14, 0x49, 0x8A, 0x25, 0x56, 0x81, 0xC5, 0x88, 0xD0, 0x9A, 0x71, 0x0E, 0xD6, 0x4D, 0x64, 0x55, 0x50 },
    // seq 201
    { 0xAD, 0x00, 0x00, 0xD7, 0xD5, 0x55, 0x10, 0x00, 0xAC, 0x9A, 0xE6, 0x1B, 0x27, 0x45, 0x84, 0x4F, 0x96, 0xB0, 0xF3, 0xBC, 0xE5, 0x47, 0x19, 0x45, 0x99, 0x28, 0x32, 0x29, 0x95, 0x4D, 0x8B, 0x3C, 0xCB, 0x9A, 0xD5, 0xC1, 0x36, 0x69, 0x59, 0x39, 0x96, 0xAE, 0x50, 0x85, 0x33, 0xE5, 0xE5, 0x45, 0xD5, 0x44, 0x51, 0xE9, 0xEA, 0x55, 0xA0, 0xCA, 0x34 },
    // seq 202
    { 0xAD, 0x00, 0x00, 0x6D, 0xD6, 0x55, 0x10, 0x00, 0x8E, 0x1D, 0x6A, 0x73, 0xC9, 0xD5, 0x5D, 0xE0, 0xD9, 0x96, 0xB4, 0x65, 0xD5, 0x6C, 0x60, 0xCB, 0x51, 0xBB, 0xB1, 0xD3, 0x89, 0x7A, 0x58, 0xDA, 0xC3, 0x26, 0x4E, 0x90, 0x31, 0x64, 0x68, 0xD6, 0xDE, 0x02, 0x15, 0x47, 0xC9, 0x3E, 0x29, 0xBC, 0x19, 0x74, 0x5B, 0xF9, 0x32, 0x94, 0x2A, 0xDB, 0x64 },
    // seq 203
    { 0xAD, 0x00, 0x00, 0xD9, 0xD6, 0x55, 0x00, 0x00, 0x34, 0x92, 0xAB, 0x4D, 0xEC, 0xF1, 0x55, 0x09, 0x04, 0x12, 0x39, 0x81, 0x58, 0xDA, 0xE5, 0x52, 0x3B, 0xB1, 0xE5, 0x6B, 0x75, 0xA7, 0x25, 0xA5, 0x8F, 0x78, 0x3F, 0x31, 0xC2, 0x8D, 0x03, 0xAD, 0x03, 0x5B, 0xCD, 0x51, 0x36, 0x18, 0xE3, 0x91, 0x69, 0x4D, 0xF9, 0x28, 0x5A, 0x9F, 0x61, 0x19, 0xD8 },
    // seq 204
    { 0xAD, 0x00, 0x00, 0x55, 0xD6, 0x56, 0x00, 0x00, 0xB6, 0x13, 0x73, 0x98, 0x69, 0xFD, 0x23, 0x63, 0x39, 0x30, 0xC3, 0x4A, 0xCF, 0x3A, 0xF6, 0xAD, 0x15, 0x13, 0x08, 0x69, 0x4A, 0x27, 0x5B, 0x90, 0x99, 0xAD, 0xFB, 0x1F, 0xCC, 0xAE, 0xD3, 0x6A, 0xD6, 0x4D, 0xB3, 0x28, 0xD6, 0xAD, 0x95, 0x2B, 0x22, 0x4A, 0x8D, 0x0A, 0x02, 0xD5, 0x1E, 0x77, 0xE8 },
    // seq 205
    { 0xAD, 0x00, 0x00, 0xE1, 0xD6, 0x56, 0x10, 0x00, 0x9C, 0x11, 0x43, 0x7B, 0x9B, 0xDD, 0xDF, 0xD2, 0x70, 0x96, 0xD4, 0x72, 0x51, 0x5E, 0x94, 0x91, 0x4C, 0x65, 0x4A, 0xA2, 0x76, 0x07, 0x48, 0xB7, 0x53, 0xB2, 0x4F, 0x6B, 0xAF, 0xA8, 0x43, 0x94, 0x2F, 0x3E, 0x30, 0xB7, 0xEF, 0x98, 0xCD, 0xB3, 0x69, 0x29, 0x18, 0x76, 0xDC, 0x03, 0x3D, 0x4D, 0x00 },
    // seq 206
    { 0xAD, 0x00, 0x00, 0x29, 0xE6, 0x67, 0x10, 0x00, 0x51, 0xF2, 0x9B, 0x94, 0xEA, 0x62, 0xF6, 0x8B, 0x35, 0xC6, 0x58, 0xB1, 0x8E, 0xBF, 0x2F, 0x73, 0xEF, 0xB3, 0xDE, 0xF9, 0x71, 0x4A, 0xC1, 0xB4, 0x49, 0x8E, 0x55, 0x10, 0xAC, 0x52, 0xEB, 0xD0, 0xB5, 0x02, 0xA8, 0xBD, 0xB2, 0xDF, 0x15, 0xA1, 0xCE, 0x59, 0xF2, 0x4C, 0x65, 0x3C, 0x2D, 0x44, 0x34 },
    // seq 207
    { 0xAD, 0x00, 0x00, 0xF0, 0xE6, 0x77, 0x20, 0x00, 0x95, 0x15, 0x37, 0x1A, 0x57, 0xC2, 0x05, 0x15, 0xAE, 0x71, 0x18, 0x7C, 0xE1, 0x4C, 0x08, 0xC5, 0x5B, 0xCC, 0xEE, 0xAA, 0x6D, 0x84, 0x7B, 0x26, 0xC5, 0x92, 0xBE, 0xA8, 0x8A, 0x64, 0x46, 0x60, 0xD6, 0x72, 0x2B, 0xB1, 0x2E, 0x7C, 0x51, 0x3F, 0x25, 0x28, 0x53, 0x11, 0x39, 0xD7, 0x9B, 0x75, 0x44 },
    // seq 208
    { 0xAD, 0x00, 0x00, 0xEB, 0xE7, 0x78, 0x20, 0x00, 0xB3, 0x94, 0x38, 0x73, 0xDB, 0xC1, 0xAB, 0x92, 0x0F, 0x66, 0x16, 0x8C, 0x25, 0x5F, 0x60, 0xD1, 0x52, 0x08, 0x4C, 0x53, 0xF6, 0x8C, 0xB5, 0x4F, 0x45, 0xD5, 0x87, 0xF0, 0x24, 0x2F, 0xB1, 0x56, 0x4D, 0x06, 0x86, 0xD6, 0xBD, 0x55, 0xB5, 0x7D, 0xEA, 0x35, 0x96, 0xF6, 0xD2, 0x64, 0x29, 0x8B, 0x38 },
    // seq 209
    { 0xAD, 0x00, 0x00, 0xEB, 0xE7, 0x78, 0x20, 0x00, 0x3E, 0xB3, 0x0D, 0x97, 0x92, 0xA3, 0x29, 0xA7, 0x6D, 0x8B, 0x2C, 0x54, 0x8D, 0xCA, 0xDF, 0x17, 0x67, 0x34, 0xA2, 0xD6, 0xCE, 0x52, 0xF1, 0x36, 0x6B, 0xC0, 0x3B, 0x50, 0xED, 0x51, 0xDA, 0x34, 0x97, 0x51, 0x0A, 0xE6, 0xC8, 0x8F, 0x31, 0xD0, 0xEE, 0x95, 0x6F, 0x46, 0x39, 0xD8, 0x99, 0xCF, 0x54 },
    // seq 210
    { 0xAD, 0x00, 0x00, 0x4C, 0xE8, 0x87, 0x10, 0x00, 0x5F, 0x9F, 0x9D, 0x10, 0xC8, 0x1D, 0x73, 0x8D, 0xF8, 0x21, 0x4B, 0x69, 0xE2, 0x8E, 0x29, 0xCE, 0xF2, 0x33, 0xCF, 0x8C, 0xF6, 0xB9, 0x56, 0xA8, 0x75, 0xEB, 0x77, 0x20, 0x8C, 0xD3, 0xD7, 0x9D, 0x93, 0x69, 0x67, 0x95, 0x03, 0xA5, 0xE9, 0x70, 0x4E, 0x51, 0x6C, 0xEA, 0x6F, 0x7D, 0x31, 0xB6, 0x60 },
    // seq 211
    { 0xAD, 0x00, 0x00, 0x4B, 0xE8, 0x76, 0x10, 0x00, 0xBE, 0x1F, 0x79, 0xE3, 0xD6, 0xD9, 0xA5, 0xEA, 0x19, 0x14, 0xE9, 0x6D, 0xD5, 0x35, 0x68, 0x82, 0xD6, 0xE4, 0x5C, 0xD9, 0xE7, 0x32, 0x4F, 0x3A, 0x52, 0x8A, 0xC3, 0xDF, 0x86, 0xA6, 0xF8, 0xA0, 0x26, 0xBD, 0xA7, 0x5D, 0x1A, 0x99, 0xED, 0x3A, 0xDF, 0x84, 0x55, 0x68, 0xE9, 0x18, 0xEA, 0x9B, 0x20 },
    // seq 212
    { 0xAD, 0x00, 0x00, 0x4B, 0xE8, 0x76, 0x10, 0x00, 0xC2, 0x93, 0x2E, 0x30, 0x47, 0x94, 0x5A, 0x2A, 0x78, 0xED, 0xD8, 0x5E, 0x27, 0x4D, 0xEA, 0x83, 0x4F, 0x95, 0x21, 0x25, 0x1E, 0xD7, 0x2A, 0x08, 0x36, 0xD6, 0xB7, 0x6A, 0xB1, 0xEF, 0xE4, 0xE3, 0xCA, 0x8E, 0x79, 0x9D, 0xF4, 0x5D, 0xF2, 0x50, 0x22, 0x7B, 0xCF, 0xF9, 0x5C, 0xC5, 0x52, 0x6A, 0x68 },
    // seq 213
    { 0xAD, 0x00, 0x00, 0x24, 0xD8, 0x76, 0x10, 0x00, 0x8A, 0xB8, 0x81, 0xBC, 0x76, 0x4E, 0xFE, 0xFE, 0xD5, 0xAF, 0x19, 0x95, 0x78, 0x6E, 0xDD, 0x5A, 0xC6, 0x76, 0xD6, 0xD0, 0xA1, 0xF6, 0xD0, 0xEB, 0x14, 0xA7, 0x9B, 0x72, 0x55, 0xF8, 0xB3, 0x5E, 0xEE, 0x3A, 0xB8, 0xCA, 0xE7, 0x66, 0x0E, 0x68, 0x29, 0x8A, 0xCA, 0xC7, 0xDE, 0xF2, 0x19, 0xE8, 0xCC },
    // seq 214
    { 0xAD, 0x00, 0x00, 0xA8, 0xD8, 0x75, 0x10, 0x00, 0x4E, 0xDE, 0x65, 0x67, 0x0E, 0x2D, 0x9C, 0xD4, 0xAD, 0x87, 0x77, 0x14, 0x90, 0xAD, 0xC9, 0x3A, 0x18, 0x2D, 0xD2, 0x02, 0xA5, 0x35, 0x70, 0x8A, 0xFE, 0x50, 0x5C, 0xC4, 0xD7, 0x6A, 0x32, 0xBE, 0x9D, 0x8D, 0x0F, 0xAB, 0x46, 0xFC, 0xDA, 0x95, 0xE3, 0x35, 0x53, 0xF2, 0x4D, 0x92, 0x7D, 0x34, 0xC4 },
    // seq 215
    { 0xAD, 0x00, 0x00, 0xE8, 0xD9, 0x96, 0x20, 0x00, 0x36, 0x55, 0x15, 0x5C, 0x6F, 0xB9, 0xDB, 0x24, 0x90, 0x77, 0x47, 0x0C, 0x5D, 0xC2, 0x45, 0x27, 0x23, 0x51, 0xCD, 0x44, 0xFD, 0x94, 0x50, 0xDF, 0x0D, 0x30, 0x42, 0xC3, 0x57, 0x5C, 0xF3, 0xC5, 0xDA, 0x2D, 0x70, 0x66, 0xFB, 0x54, 0xD9, 0xB9, 0x65, 0x79, 0x66, 0x55, 0xDD, 0x56, 0xDC, 0xB8, 0x94 },
    // seq 216
    { 0xAD, 0x00, 0x00, 0x3A, 0xCA, 0x95, 0x10, 0x00, 0x20, 0x47, 0xB9, 0xC8, 0xB0, 0xEC, 0x75, 0x3C, 0xC9, 0x8A, 0x2D, 0x1A, 0x7A, 0xB7, 0xC9, 0x95, 0x6D, 0xB0, 0xA7, 0x69, 0xC4, 0xAA, 0x29, 0xCB, 0x0E, 0x39, 0x50, 0xC3, 0x78, 0x53, 0x30, 0x9A, 0xE6, 0xEA, 0x86, 0xCE, 0x34, 0x65, 0x79, 0x99, 0xB6, 0x4E, 0x29, 0x0F, 0x11, 0x48, 0xCA, 0x02, 0xC4 },
    // seq 217
    { 0xAD, 0x00, 0x00, 0x24, 0xBC, 0x96, 0x10, 0x00, 0x7E, 0x6C, 0x37, 0x50, 0xDF, 0xCE, 0x43, 0xB7, 0xB5, 0xE1, 0xBE, 0x1D, 0x97, 0x9E, 0x8E, 0x81, 0xF2, 0x20, 0xA2, 0x8B, 0x58, 0x4A, 0x9A, 0x92, 0x1A, 0xE6, 0x76, 0x93, 0xCA, 0x18, 0xE2, 0xB8, 0x36, 0x38, 0x9E, 0x2D, 0x95, 0x5A, 0xF7, 0x66, 0x39, 0x89, 0x60, 0x58, 0xD5, 0x99, 0xC7, 0x42, 0x84 },
    // seq 218
    { 0xAD, 0x00, 0x00, 0xFB, 0xAC, 0x97, 0x30, 0x00, 0xA3, 0xB6, 0xBB, 0x57, 0x59, 0xB4, 0x52, 0xE6, 0xAC, 0xD5, 0xFA, 0x3A, 0x19, 0xA0, 0x4E, 0x77, 0x75, 0x9D, 0x91, 0x9B, 0x69, 0xA6, 0x56, 0x69, 0xB9, 0x25, 0x6C, 0x8A, 0xA9, 0x47, 0x70, 0x3E, 0xA1, 0x99, 0x53, 0x48, 0xED, 0x5C, 0x5E, 0xA3, 0x6F, 0x36, 0x76, 0xE8, 0x49, 0xDB, 0xD8, 0xAE, 0x60 },
    // seq 219
    { 0xAD, 0x00, 0x00, 0xBB, 0xAB, 0x97, 0x20, 0x00, 0x8A, 0x46, 0xDA, 0x0F, 0x09, 0x34, 0x84, 0x38, 0x4D, 0xD5, 0x4E, 0x9A, 0xDA, 0x9B, 0x4C, 0xB6, 0xAC, 0x63, 0x39, 0xAC, 0x9D, 0x91, 0x6A, 0x92, 0xDD, 0x5D, 0x66, 0x3B, 0x49, 0x59, 0x91, 0xC5, 0x55, 0x98, 0x0C, 0x62, 0x1D, 0x22, 0x58, 0xAA, 0x60, 0x67, 0x26, 0xAA, 0xAA, 0x07, 0x4A, 0x89, 0x94 },
    // seq 220
    { 0xAD, 0x00, 0x00, 0x2C, 0xAB, 0x86, 0x20, 0x00, 0x58, 0x52, 0x84, 0x51, 0xDC, 0xAE, 0xA3, 0x6C, 0xC9, 0x9A, 0x5B, 0x1C, 0x81, 0x97, 0x69, 0x37, 0x30, 0x53, 0x4D, 0x8A, 0xCD, 0xAE, 0xD2, 0x5A, 0x75, 0xA1, 0x7D, 0x39, 0x25, 0x95, 0xB4, 0xD2, 0xE7, 0x9A, 0x99, 0x3A, 0x19, 0xA7, 0x1A, 0xA2, 0x75, 0xA9, 0x9A, 0x53, 0xB6, 0xA5, 0xE4, 0xEB, 0x14 },
    // seq 221
    { 0xAD, 0x00, 0x00, 0x26, 0xAA, 0x97, 0x20, 0x00, 0x3E, 0x96, 0xC6, 0x19, 0xB6, 0x31, 0xC9, 0x5B, 0xCC, 0x72, 0x6D, 0xC4, 0x28, 0xD0, 0x86, 0xF6, 0x28, 0x7A, 0x59, 0x09, 0xAC, 0x98, 0x71, 0xB4, 0x3C, 0xF0, 0x52, 0x2B, 0x35, 0x56, 0xE0, 0xC1, 0xE6, 0x05, 0xF2, 0x79, 0xBE, 0x33, 0x22, 0x64, 0xAC, 0xB6, 0x66, 0x59, 0x29, 0x17, 0x60, 0x0C, 0x90 },
    // seq 222
    { 0xAD, 0x00, 0x00, 0x17, 0xAB, 0x87, 0x30, 0x00, 0x61, 0x76, 0x39, 0x1B, 0x6F, 0x00, 0xC8, 0x05, 0xA4, 0xC7, 0x15, 0x79, 0xD5, 0xC8, 0xDD, 0x07, 0x68, 0xA4, 0x46, 0xA8, 0xD3, 0xB0, 0x79, 0xBA, 0xB4, 0xD2, 0x5D, 0xA9, 0x27, 0x99, 0x1C, 0x5E, 0x57, 0xA7, 0xD3, 0x45, 0xCD, 0x0A, 0xDD, 0xA3, 0x68, 0xB8, 0x5E, 0x31, 0x32, 0x18, 0x37, 0x6A, 0x44 },
    // seq 223
    { 0xAD, 0x00, 0x00, 0x3C, 0xAB, 0x87, 0x40, 0x00, 0x59, 0x5D, 0x8C, 0xD6, 0x55, 0x5D, 0x25, 0xC9, 0x50, 0x8A, 0x1E, 0xF2, 0xA2, 0x82, 0x39, 0x1A, 0xA4, 0xD4, 0x2B, 0x27, 0x29, 0x48, 0x69, 0x69, 0xF5, 0xD3, 0x84, 0xC1, 0x97, 0x21, 0x28, 0x8C, 0x4A, 0xB4, 0x22, 0x56, 0xF6, 0x1A, 0x4D, 0xB1, 0x82, 0x37, 0x31, 0xAE, 0x48, 0x35, 0xAB, 0x96, 0x04 },
    // seq 224
    { 0xAD, 0x00, 0x00, 0xD0, 0xAC, 0x97, 0x40, 0x00, 0x5A, 0xC9, 0xB4, 0x4D, 0xAD, 0x6E, 0x25, 0x91, 0x19, 0x6D, 0xDB, 0xD7, 0xA4, 0x82, 0x9D, 0x8B, 0x27, 0xC8, 0x64, 0x38, 0x92, 0x9B, 0x0E, 0x73, 0x97, 0x33, 0x89, 0x25, 0xF0, 0xE2, 0x3E, 0x74, 0x36, 0xEE, 0x9C, 0xB1, 0xA2, 0xC5, 0x4C, 0x70, 0xEC, 0xCE, 0xE6, 0xE0, 0x41, 0x38, 0x6C, 0xD5, 0x48 },
    // seq 225
    { 0xAD, 0x00, 0x00, 0xF0, 0x9B, 0x77, 0x30, 0x00, 0x8C, 0xBC, 0x0F, 0x03, 0x3E, 0x19, 0x44, 0xEB, 0xD3, 0x71, 0x7E, 0xE1, 0x5D, 0x4D, 0x15, 0x2E, 0xB6, 0x95, 0xA3, 0xEB, 0x54, 0xD8, 0xEA, 0x7D, 0x94, 0xC6, 0x5C, 0x89, 0x68, 0x58, 0xB7, 0x79, 0x0D, 0xFB, 0xEB, 0xE1, 0x12, 0xBB, 0xC1, 0xEA, 0xAB, 0x2D, 0x8E, 0x50, 0xAC, 0x29, 0x05, 0x9D, 0x08 },
    // seq 226
    { 0xAD, 0x00, 0x00, 0x24, 0xAB, 0x97, 0x40, 0x00, 0x5D, 0x6A, 0x0A, 0xDA, 0xEE, 0x92, 0x38, 0xEF, 0x27, 0x2D, 0x94, 0x48, 0xD3, 0xA9, 0x31, 0xD1, 0x1A, 0x25, 0x61, 0xB9, 0x65, 0x14, 0xC9, 0xAD, 0xE3, 0xA1, 0x88, 0x98, 0xE6, 0x22, 0xF7, 0x4E, 0xA5, 0xD2, 0x57, 0xB2, 0xD6, 0x95, 0xE5, 0x34, 0xAD, 0x67, 0x6B, 0x54, 0x58, 0x35, 0x47, 0x58, 0x64 },
    // seq 227
    { 0xAD, 0x00, 0x00, 0x95, 0x9C, 0x88, 0x50, 0x00, 0xAD, 0x81, 0xE0, 0x6C, 0xBE, 0xB6, 0x95, 0x59, 0x2F, 0x2B, 0x16, 0x2F, 0x9B, 0x46, 0xAC, 0xD6, 0xEE, 0x87, 0x95, 0xB4, 0xDC, 0xDD, 0xEE, 0xA7, 0x77, 0x9B, 0x59, 0xD5, 0x62, 0xE0, 0x54, 0xC6, 0x39, 0x63, 0xAD, 0x6C, 0xF9, 0x0B, 0x9B, 0x8E, 0x3B, 0xE2, 0xD3, 0x87, 0x29, 0xCB, 0x1B, 0xC9, 0xF0 },
    // seq 228
    { 0xAD, 0x00, 0x00, 0xB4, 0xAB, 0x77, 0x40, 0x00, 0x8E, 0x5B, 0x2D, 0x60, 0x5C, 0x2B, 0xC9, 0x2A, 0xAA, 0x4D, 0x8E, 0xC1, 0x9A, 0x92, 0x7A, 0xF8, 0x95, 0x86, 0x2E, 0xB9, 0x19, 0x4A, 0xF1, 0x6A, 0xD2, 0x0B, 0x9E, 0x6C, 0x64, 0x93, 0xD7, 0xBD, 0x29, 0x59, 0x8F, 0xCE, 0x22, 0xB4, 0xBB, 0x80, 0x29, 0x26, 0xF0, 0x72, 0x48, 0xA6, 0x39, 0x94, 0xE8 },
    // seq 229
    { 0xAD, 0x00, 0x00, 0x59, 0xCB, 0x67, 0x30, 0x00, 0x81, 0x1B, 0xDD, 0x1D, 0xD0, 0x33, 0x17, 0xD4, 0x89, 0x59, 0xFE, 0x9E, 0x0A, 0x88, 0x52, 0x48, 0xA2, 0x2D, 0xC2, 0xE9, 0x63, 0x04, 0x99, 0xBD, 0x52, 0x49, 0x81, 0xC5, 0xC3, 0x57, 0x10, 0x7A, 0x56, 0x84, 0x3E, 0xB5, 0x9A, 0x96, 0x5D, 0xA5, 0x3B, 0x81, 0x6D, 0x78, 0x1D, 0x5C, 0x52, 0x11, 0xB4 },
    // seq 230
    { 0xAD, 0x00, 0x00, 0xF4, 0xCB, 0x68, 0x40, 0x00, 0x78, 0x99, 0xEB, 0x11, 0xDC, 0x78, 0x52, 0xA6, 0x5C, 0xF0, 0xEE, 0x9A, 0x4A, 0x60, 0x3A, 0x20, 0x75, 0x33, 0x4A, 0x1D, 0x04, 0xE2, 0x2B, 0xA1, 0x9A, 0x7B, 0x8B, 0xD9, 0xDF, 0x13, 0x8F, 0xA7, 0xC0, 0x98, 0x6D, 0xF0, 0x72, 0x4D, 0x7C, 0x4A, 0x5D, 0xE3, 0x3D, 0xEA, 0xD7, 0x4B, 0x79, 0xB9, 0x8C },
    // seq 231
    { 0xAD, 0x00, 0x00, 0x22, 0xCC, 0x66, 0x30, 0x00, 0xF2, 0x26, 0xA5, 0x65, 0xF5, 0x6A, 0x96, 0x03, 0x4D, 0x90, 0xBF, 0x27, 0x50, 0x1D, 0xB7, 0xC5, 0x07, 0x6E, 0xB1, 0xDC, 0xBD, 0x19, 0xC6, 0xE6, 0x75, 0x71, 0xEE, 0x69, 0x74, 0x75, 0x49, 0x94, 0x98, 0x14, 0x05, 0x75, 0x11, 0x11, 0xAD, 0x09, 0x3F, 0x6B, 0x85, 0x0E, 0x96, 0x23, 0xA3, 0xD5, 0x58 },
    // seq 232
    { 0xAD, 0x00, 0x00, 0x72, 0xDC, 0x66, 0x10, 0x00, 0xC8, 0xDA, 0x18, 0x62, 0x86, 0x0C, 0x6D, 0x05, 0x32, 0xF2, 0x1D, 0x2C, 0xEA, 0x7C, 0xAF, 0xD4, 0xD8, 0x10, 0xD4, 0x54, 0x7C, 0x43, 0x9D, 0x36, 0xF2, 0xB9, 0x5C, 0x35, 0x3E, 0x72, 0xD6, 0x8F, 0x38, 0x89, 0xA3, 0xA7, 0x4F, 0x44, 0xF9, 0x82, 0xCC, 0xB5, 0x9F, 0x6B, 0x94, 0x45, 0xF4, 0x45, 0x20 },
    // seq 233
    { 0xAD, 0x00, 0x00, 0xB3, 0xDC, 0x66, 0x20, 0x00, 0x4E, 0x40, 0x77, 0x53, 0x70, 0x56, 0x55, 0x0B, 0x28, 0x56, 0xE1, 0x7B, 0x04, 0x9C, 0x8C, 0x6C, 0x30, 0x7D, 0x9A, 0x9A, 0x09, 0xB8, 0x66, 0x09, 0x22, 0x19, 0x68, 0x43, 0x76, 0x57, 0xAF, 0xDE, 0x14, 0x9B, 0xB9, 0x75, 0x65, 0x16, 0xA5, 0x6B, 0xB6, 0x54, 0x75, 0x13, 0x66, 0x57, 0x63, 0xF9, 0x74 },
    // seq 234
    { 0xAD, 0x00, 0x00, 0xB3, 0xDC, 0x66, 0x20, 0x00, 0xD5, 0x22, 0xA7, 0x59, 0xD9, 0x9D, 0xD9, 0x02, 0xA7, 0x45, 0x89, 0x0A, 0x5C, 0x61, 0x3C, 0x87, 0x15, 0x32, 0x1A, 0x15, 0x6B, 0x90, 0x76, 0x48, 0xF0, 0xE6, 0xC0, 0x2B, 0x1A, 0xA3, 0x7E, 0x18, 0xEB, 0xF8, 0x45, 0x59, 0xA9, 0x71, 0x65, 0x7F, 0xBD, 0x76, 0x58, 0x50, 0xE9, 0x55, 0xBB, 0x39, 0x84 },
    // seq 235
    { 0xAD, 0x00, 0x00, 0x71, 0xDC, 0x64, 0x10, 0x00, 0x5C, 0x4A, 0xB1, 0x96, 0x8F, 0x44, 0x89, 0xA3, 0xC9, 0x4E, 0xF6, 0x86, 0x19, 0x92, 0x7B, 0xAD, 0x2D, 0xE4, 0xEE, 0xB6, 0xBC, 0xFC, 0x29, 0xFC, 0xFC, 0xE0, 0x6A, 0x45, 0xCE, 0x55, 0xEB, 0xD4, 0xC5, 0x94, 0xC4, 0x59, 0x78, 0xF6, 0x57, 0x7E, 0x30, 0x97, 0x30, 0xB2, 0xC5, 0x38, 0x65, 0x92, 0xCC },
    // seq 236
    { 0xAD, 0x00, 0x00, 0xB0, 0xDC, 0x64, 0x20, 0x00, 0xC0, 0x93, 0x45, 0x5C, 0x37, 0x54, 0xD8, 0x03, 0xC4, 0xD5, 0xCC, 0xDA, 0xB1, 0x61, 0xBE, 0xB3, 0x56, 0xB4, 0x52, 0xE6, 0x12, 0x86, 0xC5, 0x87, 0x19, 0x46, 0xC8, 0xDA, 0xCC, 0x61, 0x05, 0x92, 0x5C, 0x35, 0x1B, 0xB6, 0x1D, 0x26, 0xA9, 0x7F, 0x30, 0xAC, 0x5C, 0xB0, 0x6D, 0x16, 0xE4, 0xB4, 0xB4 },
    // seq 237
    { 0xAD, 0x00, 0x00, 0x54, 0xCC, 0x64, 0x10, 0x00, 0x27, 0x35, 0x36, 0x14, 0x10, 0x67, 0x42, 0x64, 0x61, 0x1E, 0xA8, 0xD8, 0xD7, 0xE0, 0xB9, 0x32, 0xE9, 0x79, 0x6E, 0x3F, 0x51, 0x14, 0x5D, 0xD1, 0x67, 0x23, 0x80, 0x3C, 0xCA, 0xD9, 0x4F, 0xAD, 0x83, 0xBB, 0x53, 0xE9, 0x0B, 0x4B, 0x38, 0x32, 0xB0, 0x62, 0x8F, 0xF0, 0x53, 0x6D, 0xF5, 0x2B, 0xD4 },
    // seq 238
    { 0xAD, 0x00, 0x00, 0x7F, 0xDC, 0x43, 0x00, 0x00, 0x96, 0x8B, 0x08, 0x2C, 0xEC, 0xCA, 0x39, 0x81, 0x92, 0x2E, 0x08, 0x79, 0x16, 0x73, 0x9F, 0xE4, 0x9D, 0x09, 0x5D, 0x35, 0x99, 0x9B, 0x6D, 0xAF, 0x87, 0xC4, 0x59, 0xE3, 0x28, 0x9B, 0x16, 0x05, 0x0B, 0xC2, 0xF3, 0x96, 0x13, 0x49, 0xEA, 0xC1, 0x9F, 0x0D, 0x1F, 0xDA, 0x9A, 0xC8, 0x5D, 0x70, 0xC8 },
    // seq 239
    { 0xAD, 0x00, 0x00, 0xED, 0xDC, 0x54, 0x00, 0x00, 0x6F, 0xA1, 0xDE, 0x1C, 0xE8, 0x56, 0x55, 0xF6, 0x00, 0x65, 0xB0, 0x6B, 0x27, 0x60, 0x67, 0xCA, 0x9B, 0x55, 0x66, 0x2B, 0xE2, 0xDE, 0x65, 0xFA, 0x69, 0xB7, 0xC2, 0xD4, 0x65, 0x5E, 0x7C, 0x99, 0x88, 0x89, 0x29, 0xE1, 0xB5, 0x8E, 0x89, 0x72, 0x60, 0x99, 0x97, 0xF8, 0x73, 0x86, 0x49, 0x84, 0xC4 },
    // seq 240
    { 0xAD, 0x00, 0x00, 0xED, 0xDC, 0x54, 0x00, 0x00, 0x5C, 0xA9, 0x0A, 0xDD, 0x95, 0x83, 0x5B, 0xC2, 0x66, 0x1E, 0x1A, 0xA2, 0x87, 0xC1, 0x89, 0xA9, 0x9F, 0x3D, 0x5A, 0x78, 0x89, 0x4D, 0xE1, 0xB4, 0x82, 0x98, 0x6E, 0x62, 0x51, 0xD7, 0xD8, 0x44, 0x86, 0x11, 0xA0, 0xC9, 0x8D, 0x99, 0x3B, 0x79, 0xD8, 0x09, 0xEE, 0x49, 0x89, 0x58, 0x76, 0x71, 0xE0 },
    // seq 241
    { 0xAD, 0x00, 0x00, 0xED, 0xDC, 0x54, 0x00, 0x00, 0xBF, 0x4B, 0x65, 0xDF, 0x9D, 0x3A, 0x78, 0xA1, 0x45, 0xE5, 0xB1, 0x82, 0x86, 0x6F, 0xA3, 0xD5, 0x98, 0x67, 0x23, 0x85, 0xED, 0xFC, 0xD1, 0x84, 0x88, 0x4B, 0x77, 0xD9, 0x80, 0xAC, 0xC9, 0xE7, 0x88, 0xCE, 0x1E, 0x1B, 0x05, 0x48, 0x7A, 0x81, 0xF0, 0xA5, 0xA3, 0x35, 0x07, 0x86, 0xA6, 0x3D, 0xDC },
    // seq 242
    { 0xAD, 0x00, 0x00, 0xAE, 0xCB, 0x43, 0x00, 0x00, 0x52, 0x62, 0x5E, 0xD1, 0x86, 0x94, 0x23, 0x76, 0x40, 0xB1, 0x29, 0x7D, 0x61, 0x5E, 0x58, 0x2E, 0xF6, 0xED, 0x90, 0xD9, 0xE4, 0x86, 0x8F, 0xF3, 0xA3, 0x92, 0x94, 0x67, 0x1F, 0x28, 0xD4, 0x36, 0x85, 0xAE, 0xB4, 0xA9, 0x5A, 0x70, 0x4C, 0x4F, 0x5F, 0xA3, 0x4D, 0xC8, 0x88, 0x34, 0xE5, 0xDA, 0x64 },
    // seq 243
    { 0xAD, 0x00, 0x00, 0xB6, 0xCB, 0x53, 0x00, 0x00, 0x56, 0xDE, 0x2F, 0x72, 0x0B, 0xF9, 0x3A, 0x60, 0x2D, 0x6B, 0x94, 0xE8, 0x73, 0xA0, 0x13, 0x92, 0x67, 0x47, 0x36, 0xD6, 0xB2, 0xA2, 0x11, 0x67, 0x67, 0x7A, 0x58, 0x21, 0xA6, 0x8F, 0x88, 0x2A, 0xB4, 0x4D, 0xD2, 0x91, 0x53, 0x8B, 0x7A, 0xA4, 0x62, 0x32, 0xF0, 0xD3, 0xA8, 0x1C, 0x43, 0xC9, 0xB0 },
    // seq 244
    { 0xAD, 0x00, 0x00, 0xB6, 0xCB, 0x53, 0x00, 0x00, 0xC6, 0xC4, 0xE1, 0x22, 0xDB, 0x66, 0xA7, 0xF2, 0x1E, 0x31, 0x54, 0x5E, 0x92, 0x5F, 0x65, 0x5D, 0x11, 0xC7, 0x87, 0xC4, 0x71, 0xD9, 0xA9, 0x4A, 0x96, 0x61, 0x85, 0x16, 0xCF, 0x35, 0xDA, 0x48, 0x3A, 0xD1, 0xE2, 0x8B, 0x4C, 0x62, 0x73, 0x8B, 0xAB, 0xE6, 0xE0, 0x45, 0x37, 0xA6, 0x3A, 0x45, 0x30 },
    // seq 245
    { 0xAD, 0x00, 0x00, 0x33, 0xCA, 0x43, 0x00, 0x00, 0x4E, 0x21, 0x63, 0x14, 0xA6, 0xE6, 0xB3, 0x8E, 0x48, 0xF1, 0x4C, 0x7B, 0x74, 0x6F, 0xD7, 0x8E, 0x33, 0x2D, 0x14, 0x4A, 0xB0, 0xBE, 0xEF, 0x74, 0x94, 0x83, 0x9C, 0x2B, 0x22, 0xE3, 0xC2, 0xD9, 0xB7, 0x1B, 0x05, 0x31, 0x49, 0x62, 0x73, 0x55, 0xE1, 0x6C, 0xCD, 0xD8, 0xD7, 0xC4, 0xA5, 0xB2, 0x8C },
    // seq 246
    { 0xAD, 0x00, 0x00, 0x33, 0xCA, 0x43, 0x00, 0x00, 0x6F, 0x23, 0x1A, 0xAA, 0x38, 0x8C, 0x4C, 0xAC, 0xFD, 0xAA, 0xF8, 0xE9, 0x62, 0xB8, 0xC6, 0x5E, 0xE1, 0xAB, 0xB7, 0xC7, 0x7D, 0xFE, 0x31, 0x65, 0x5A, 0xA3, 0x4F, 0xE9, 0xDF, 0x12, 0x16, 0x48, 0x94, 0x4A, 0x1D, 0x6D, 0x9A, 0x86, 0x6A, 0x9B, 0xA0, 0x35, 0x71, 0x65, 0x56, 0x3B, 0x93, 0x46, 0x04 },
    // seq 247
    { 0xAD, 0x00, 0x00, 0xF4, 0xCA, 0x32, 0x00, 0x00, 0xC2, 0xC9, 0xD1, 0xA2, 0x3B, 0x87, 0xC7, 0xED, 0xE1, 0xF1, 0x7F, 0x65, 0xD0, 0x48, 0x67, 0x9E, 0x92, 0x86, 0x68, 0x54, 0x5E, 0x32, 0xD9, 0x89, 0x83, 0x53, 0x8E, 0x59, 0x86, 0x31, 0x5A, 0x1E, 0x9B, 0x6D, 0xA1, 0x2F, 0x00, 0x83, 0xA5, 0x93, 0x22, 0x5F, 0x1D, 0xC7, 0x4B, 0xC6, 0xAE, 0x1F, 0x30 },
    // seq 248
    { 0xAD, 0x00, 0x00, 0x14, 0xC8, 0x43, 0x00, 0x00, 0x51, 0xDA, 0xB8, 0x53, 0x08, 0x94, 0x64, 0x25, 0x5E, 0x1D, 0x71, 0xCA, 0xE4, 0x88, 0x07, 0xB2, 0xB0, 0x8C, 0x17, 0x6B, 0x96, 0x14, 0x2B, 0x1A, 0x41, 0x15, 0x99, 0xB2, 0x3A, 0x1E, 0x13, 0x8D, 0x66, 0x83, 0x04, 0x29, 0x54, 0x40, 0xC4, 0x52, 0x2D, 0x49, 0xD2, 0x17, 0x48, 0x95, 0x69, 0xC2, 0x0C },
    // seq 249
    { 0xAD, 0x00, 0x00, 0xC1, 0xC9, 0x33, 0x00, 0x00, 0x7F, 0x6E, 0xA3, 0x2D, 0x4D, 0xA8, 0xBC, 0xD8, 0x38, 0x96, 0xFC, 0xF6, 0x54, 0xAA, 0x65, 0x66, 0x60, 0x3C, 0xE7, 0x46, 0x65, 0x2B, 0x35, 0x43, 0x1D, 0x65, 0x43, 0x7C, 0x58, 0x8F, 0x80, 0xF1, 0x95, 0x27, 0x84, 0x75, 0xD6, 0xA9, 0x56, 0xAB, 0xF5, 0x69, 0xB2, 0xF2, 0x14, 0x5C, 0x33, 0x91, 0xD4 },
    // seq 250
    { 0xAD, 0x00, 0x00, 0xC1, 0xC9, 0x33, 0x00, 0x00, 0xB1, 0x08, 0x39, 0xE1, 0x54, 0xC7, 0x66, 0xBD, 0x1E, 0x99, 0x46, 0xA1, 0x5D, 0x43, 0x1A, 0x8D, 0x4F, 0x41, 0x50, 0x45, 0x95, 0x8D, 0xA5, 0xE2, 0x9F, 0x6D, 0xB8, 0xB9, 0x51, 0xB0, 0xF1, 0x3A, 0x5C, 0x57, 0x8B, 0x96, 0x9B, 0xB4, 0x76, 0x82, 0x6C, 0x9E, 0x5A, 0xAD, 0xE5, 0x64, 0xF4, 0x5D, 0x8C },
    // seq 251
    { 0xAD, 0x00, 0x00, 0xC1, 0xC9, 0x33, 0x00, 0x00, 0x47, 0xF8, 0x56, 0xCF, 0x7A, 0x7C, 0xD6, 0x3B, 0x39, 0x99, 0xF0, 0x33, 0xA8, 0xBE, 0xD3, 0x5C, 0xEF, 0x62, 0xB9, 0x6C, 0x09, 0x2E, 0xCE, 0x99, 0xC4, 0x66, 0x7F, 0xCB, 0x1A, 0x18, 0xB6, 0x00, 0x74, 0xA6, 0x55, 0x65, 0x11, 0x64, 0x7A, 0x40, 0x49, 0x6E, 0x98, 0x84, 0x89, 0x78, 0x35, 0x1A, 0x14 },
    // seq 252
    { 0xAD, 0x00, 0x00, 0x4E, 0xC9, 0x32, 0x00, 0x00, 0xBD, 0xAC, 0x29, 0xAF, 0x4D, 0x25, 0x4C, 0xA6, 0xA4, 0xC2, 0x8D, 0xDA, 0x7E, 0x7F, 0xE7, 0x62, 0xD7, 0xD5, 0xE9, 0x74, 0x44, 0xB6, 0x59, 0x15, 0x42, 0x71, 0x46, 0xD1, 0x19, 0x9C, 0x53, 0x87, 0xC8, 0xCF, 0x11, 0x22, 0xEF, 0xBF, 0x88, 0xBB, 0xAE, 0x71, 0x6E, 0xC4, 0x99, 0xA9, 0xDA, 0xDD, 0x58 },
    // seq 253
    { 0xAD, 0x00, 0x00, 0x5F, 0xC8, 0x31, 0x00, 0x00, 0x7D, 0x2E, 0xCC, 0x16, 0x85, 0x9C, 0x44, 0x4E, 0x6C, 0xE9, 0x06, 0xE1, 0x45, 0x53, 0x0B, 0x0E, 0xDC, 0xCB, 0xF4, 0xD9, 0x85, 0x41, 0x52, 0xF5, 0x21, 0x93, 0xBD, 0x1A, 0x0A, 0x6E, 0x68, 0xEC, 0x49, 0x5B, 0xD1, 0x0D, 0xC0, 0x14, 0x34, 0x4F, 0x95, 0xAD, 0x0E, 0x1B, 0xE4, 0x34, 0x1C, 0xC8, 0xD8 },
    // seq 254
    { 0xAD, 0x00, 0x00, 0x8B, 0xC7, 0x12, 0x00, 0x00, 0x5A, 0xFA, 0x21, 0x60, 0x39, 0x1A, 0x3A, 0x8B, 0xBC, 0x97, 0x06, 0x0C, 0x28, 0xBE, 0x3C, 0x5D, 0x6B, 0xA8, 0x99, 0x88, 0x65, 0xDD, 0xDD, 0x82, 0x97, 0x67, 0x47, 0x34, 0x12, 0xCF, 0x8C, 0x19, 0x55, 0x00, 0xBE, 0xD9, 0xC2, 0x55, 0x97, 0x95, 0x4B, 0x05, 0x6D, 0xD5, 0x04, 0x9C, 0x26, 0x93, 0x60 },
    // seq 255
    { 0xAD, 0x00, 0x00, 0x2C, 0xC7, 0x23, 0x00, 0x00, 0xB6, 0x9A, 0x65, 0xE6, 0xE0, 0x57, 0x76, 0xFD, 0xD5, 0xE9, 0x37, 0x26, 0x99, 0x3D, 0x8E, 0x61, 0x51, 0x3D, 0x54, 0x46, 0x2C, 0xAD, 0xA6, 0x39, 0x42, 0x3A, 0xB2, 0xD5, 0xE5, 0x6F, 0x18, 0xDA, 0x6B, 0x15, 0xF5, 0xE2, 0x43, 0x13, 0x44, 0x6A, 0x91, 0x24, 0xD2, 0xD5, 0x88, 0x94, 0xA0, 0x81, 0x30 },
    // seq 0
    { 0xAD, 0x00, 0x00, 0xFC, 0xB7, 0x11, 0x00, 0x00, 0x41, 0xD3, 0xEB, 0x62, 0xDC, 0xB5, 0x5C, 0x04, 0x51, 0x53, 0x53, 0xFB, 0x62, 0xC5, 0x22, 0xE1, 0x65, 0x85, 0x73, 0xA6, 0x0B, 0x21, 0x61, 0x09, 0xA3, 0xA2, 0x44, 0x56, 0xD2, 0x19, 0xDB, 0x04, 0x98, 0x9D, 0x06, 0x9A, 0xAF, 0x41, 0x86, 0xB1, 0xF0, 0x5E, 0x27, 0xE3, 0x8B, 0x87, 0xB3, 0x1D, 0xA0 },
    // seq 1
    { 0xAD, 0x00, 0x00, 0x4E, 0xA7, 0x00, 0x00, 0x00, 0x36, 0x1D, 0xD3, 0x08, 0xE3, 0x85, 0xD3, 0xAF, 0x5B, 0xF5, 0xC1, 0xBA, 0xD4, 0xA2, 0xA8, 0xC3, 0xB3, 0xF8, 0xD4, 0x1C, 0xB2, 0x53, 0x06, 0xE2, 0xA7, 0x91, 0x7B, 0xBA, 0xE8, 0x93, 0x49, 0x2F, 0x12, 0xDE, 0xB1, 0xB4, 0xE0, 0x15, 0x61, 0x57, 0x9A, 0x64, 0x22, 0xB3, 0x53, 0x9B, 0xB0, 0xF3, 0xA4 },
    // seq 2
    { 0xAD, 0x00, 0x00, 0x26, 0xA8, 0x00, 0x00, 0x00, 0xC9, 0x82, 0xAC, 0x32, 0x5B, 0x28, 0x99, 0xA7, 0xC7, 0x75, 0x9E, 0x6B, 0x09, 0x37, 0x0D, 0x51, 0x4C, 0x6A, 0xCC, 0xE3, 0xF1, 0x44, 0xA5, 0xEC, 0x6E, 0x70, 0xA1, 0x74, 0xF3, 0x72, 0x8E, 0x98, 0x8C, 0xAB, 0x62, 0x56, 0xB6, 0x86, 0x51, 0x8A, 0xEE, 0x4E, 0x15, 0x0E, 0x94, 0x94, 0xF6, 0x4B, 0x54 },
    // seq 3
    { 0xAD, 0x00, 0x00, 0x26, 0xA8, 0x00, 0x00, 0x00, 0x3B, 0x6C, 0x77, 0x59, 0xE0, 0x94, 0x57, 0x87, 0xE9, 0x76, 0x73, 0x44, 0xB1, 0xA7, 0xEE, 0x42, 0x67, 0x9C, 0xB0, 0x59, 0x4B, 0xC3, 0x35, 0xD4, 0x92, 0x3D, 0x73, 0xA3, 0x14, 0x5A, 0xF3, 0x32, 0x17, 0x78, 0xBA, 0x35, 0xFD, 0x4F, 0xE1, 0x82, 0xF4, 0x37, 0x61, 0x9E, 0xF0, 0x58, 0x3D, 0x42, 0x74 },
    // seq 4
    { 0xAD, 0x00, 0x00, 0x57, 0x76, 0x00, 0x00, 0x00, 0x7C, 0x57, 0xF1, 0x57, 0x89, 0xC4, 0x54, 0xCF, 0x8A, 0x55, 0xD8, 0xA0, 0xB4, 0xA5, 0x67, 0xE4, 0x6F, 0x25, 0xB8, 0x6B, 0x56, 0xA3, 0x16, 0x65, 0xD5, 0xC5, 0x68, 0x7A, 0xEE, 0x4A, 0xBC, 0xFF, 0x53, 0x97, 0xCD, 0x99, 0x17, 0x0E, 0xD5, 0x9B, 0x9A, 0x59, 0x66, 0x21, 0xFD, 0x5A, 0xED, 0x63, 0x54 },
    // seq 5
    { 0xAD, 0x00, 0x00, 0xED, 0x75, 0x00, 0x00, 0x00, 0x9E, 0xBA, 0x89, 0x60, 0xF1, 0xCD, 0x57, 0xD3, 0x47, 0x55, 0x98, 0x37, 0x55, 0x6D, 0x32, 0x34, 0x55, 0xBB, 0x89, 0x57, 0xAD, 0x04, 0x55, 0xEC, 0x4C, 0x55, 0xB0, 0x69, 0x75, 0x70, 0x55, 0x89, 0x97, 0xE0, 0xD3, 0x55, 0xEB, 0xB7, 0x15, 0x61, 0xD5, 0x35, 0x5A, 0x7A, 0xB5, 0x56, 0xDB, 0x1B, 0x14 },
    // seq 6
    { 0xAD, 0x00, 0x00, 0xA7, 0x55, 0x00, 0x00, 0x00, 0x3E, 0x74, 0x25, 0x6F, 0xA1, 0xD5, 0x59, 0x07, 0x7F, 0x57, 0x0E, 0x31, 0x95, 0x68, 0x4F, 0x75, 0x65, 0xD4, 0x0D, 0x53, 0xB3, 0x1D, 0x55, 0x56, 0x31, 0x15, 0x62, 0x33, 0xC5, 0x6A, 0xA3, 0x35, 0x5B, 0xC5, 0x22, 0x55, 0xEB, 0xBB, 0x55, 0x9B, 0x6F, 0xD5, 0x54, 0xCC, 0x51, 0x56, 0x3E, 0xE4, 0x54 },
    // seq 7
    { 0xAD, 0x00, 0x00, 0x8D, 0x32, 0x00, 0x00, 0x00, 0x46, 0xF8, 0x25, 0x52, 0x73, 0x71, 0x53, 0x56, 0x89, 0x56, 0x29, 0x9A, 0x55, 0x3C, 0x50, 0x95, 0x67, 0x3A, 0x85, 0x56, 0x39, 0x9D, 0x55, 0x44, 0x8A, 0x55, 0x88, 0x63, 0x55, 0x5B, 0xF7, 0xA5, 0x59, 0x36, 0x5C, 0x56, 0x0A, 0x5B, 0x55, 0x7F, 0xEC, 0x15, 0x59, 0xC6, 0x95, 0x58, 0x89, 0xD9, 0x54 },
    // seq 8
    { 0xAD, 0x00, 0x00, 0xE0, 0x10, 0x00, 0x00, 0x00, 0x76, 0xB6, 0xD5, 0x5D, 0xF1, 0xB5, 0x51, 0x71, 0x71, 0x54, 0x79, 0x1B, 0x55, 0x74, 0xD6, 0x95, 0x59, 0x45, 0xB5, 0x54, 0xC4, 0x6D, 0x55, 0x84, 0xDB, 0x55, 0x54, 0xB6, 0xD5, 0x4D, 0x69, 0xB5, 0x52, 0xAB, 0x6D, 0x55, 0x94, 0xDB, 0x55, 0x67, 0x36, 0xD5, 0x5C, 0x2D, 0xB5, 0x57, 0x13, 0x6D, 0x54 },
    // seq 9
    { 0xAD, 0x00, 0x00, 0xC5, 0x00, 0x00, 0x00, 0x00, 0x57, 0x6D, 0xB7, 0x19, 0xDB, 0x6D, 0xB6, 0x86, 0xDB, 0x69, 0xDD, 0xB6, 0xDB, 0x77, 0x6D, 0xB6, 0xDD, 0xDB, 0x6D, 0xB7, 0x76, 0xDB, 0x6D, 0xDD, 0xB6, 0xDB, 0x77, 0x6D, 0xB6, 0xDD, 0xDB, 0x6D, 0xB7, 0x76, 0xDB, 0x6D, 0xDD, 0xB6, 0xDB, 0x77, 0x6D, 0xB6, 0xDD, 0xDB, 0x6D, 0xB7, 0x76, 0xDB, 0x6C },
    // seq 10
    { 0xAD, 0x00, 0x00, 0xC5, 0x00, 0x00, 0x00, 0x00, 0x77, 0x6D, 0xB6, 0xDD, 0xDB, 0x6D, 0xB7, 0x76, 0xDB, 0x6D, 0xDD, 0xB6, 0xDB, 0x77, 0x6D, 0xB6, 0xDD, 0xDB, 0x6D, 0xB7, 0x76, 0xDB, 0x6D, 0xDD, 0xB6, 0xDB, 0x77, 0x6D, 0xB6, 0xDD, 0xDB, 0x6D, 0xB7, 0x76, 0xDB, 0x6D, 0xDD, 0xB6, 0xDB, 0x77, 0x6D, 0xB6, 0xDD, 0xDB, 0x6D, 0xB7, 0x76, 0xDB, 0x6C },
    // seq 11
    { 0xAD, 0x00, 0x00, 0xC5, 0x00, 0x00, 0x00, 0x00, 0x77, 0x6D, 0xB6, 0xDD, 0xDB, 0x6D, 0xB7, 0x76, 0xDB, 0x6D, 0xDD, 0xB6, 0xDB, 0x77, 0x6D, 0xB6, 0xDD, 0xDB, 0x6D, 0xB7, 0x76, 0xDB, 0x6D, 0xDD, 0xB6, 0xDB, 0x77, 0x6D, 0xB6, 0xDD, 0xDB, 0x6D, 0xB7, 0x76, 0xDB, 0x6D, 0xDD, 0xB6, 0xDB, 0x77, 0x6D, 0xB6, 0xDD, 0xDB, 0x6D, 0xB7, 0x76, 0xDB, 0x6C },
    // seq 12
    { 0xAD, 0x00, 0x00, 0xE0, 0x10, 0x00, 0x00, 0x00, 0x79, 0x36, 0xD5, 0x5B, 0x0D, 0xB5, 0x56, 0xFB, 0x6D, 0x55, 0xAA, 0xDB, 0x55, 0x61, 0x36, 0xD5, 0x56, 0xED, 0xB5, 0x54, 0x8B, 0x71, 0x54, 0xFA, 0xDA, 0x55, 0x40, 0x36, 0x95, 0x51, 0x8D, 0xB5, 0x54, 0xDA, 0x6D, 0x55, 0xA2, 0xDB, 0x55, 0x68, 0xB6, 0xD5, 0x5D, 0x4D, 0xB5, 0x57, 0x13, 0x6D, 0x54 },
    // seq 13
    { 0xAD, 0x00, 0x00, 0xC5, 0x00, 0x00, 0x00, 0x00, 0x57, 0x6D, 0xB7, 0x19, 0xDB, 0x6D, 0x27, 0x76, 0xDB, 0x6D, 0x9D, 0xB6, 0xDB, 0x57, 0x6D, 0xB6, 0x95, 0xDB, 0x6D, 0xC5, 0x76, 0xDB, 0x6D, 0x1D, 0xB6, 0xDA, 0x37, 0x6D, 0xB6, 0xC5, 0x9A, 0x6D, 0xB1, 0x86, 0xDB, 0x6C, 0x1D, 0xC6, 0xDB, 0x16, 0x71, 0xB6, 0xC5, 0x9C, 0x6D, 0xB0, 0x76, 0xDB, 0x6C },
    // seq 14
    { 0xAD, 0x00, 0x00, 0xC5, 0x00, 0x00, 0x00, 0x00, 0x17, 0x6D, 0xB6, 0xD1, 0xDB, 0x6D, 0xB4, 0x76, 0xDB, 0x6D, 0x99, 0xB6, 0xDA, 0x57, 0x6D, 0xB6, 0xD5, 0xDB, 0x6D, 0xC6, 0x76, 0xDB, 0x49, 0xDD, 0xB6, 0xDB, 0x77, 0x6D, 0xB6, 0xDD, 0xDB, 0x6D, 0xB7, 0x76, 0xDB, 0x6D, 0xDD, 0xB6, 0xDB, 0x77, 0x6D, 0xB6, 0xD9, 0xDB, 0x6D, 0xB5, 0x76, 0xDB, 0x70 },
    // seq 15
    { 0xAD, 0x00, 0x00, 0xC5, 0x00, 0x00, 0x00, 0x00, 0x57, 0x6D, 0xB6, 0x95, 0xDB, 0x6D, 0xB4, 0x76, 0xDB, 0x70, 0xDD, 0xB6, 0xDB, 0x26, 0x6D, 0xB6, 0xC5, 0xDC, 0x6D, 0xB4, 0x76, 0xDB, 0x6D, 0x1D, 0xB6, 0xDB, 0x57, 0x6D, 0xB6, 0x95, 0xDB, 0x6D, 0xB5, 0x76, 0xDB, 0x71, 0xDD, 0xB6, 0xDB, 0x77, 0x6D, 0xB6, 0xDD, 0xDB, 0x6D, 0xB7, 0x76, 0xDB, 0x6C },
    // seq 16
    { 0xAD, 0x00, 0x00, 0xC5, 0x00, 0x00, 0x00, 0x00, 0x77, 0x6D, 0xB6, 0xDD, 0xDB, 0x6D, 0xB7, 0x76, 0xDB, 0x6D, 0xDD, 0xB6, 0xDB, 0x77, 0x6D, 0xB6, 0xDD, 0xDB, 0x6D, 0xB7, 0x76, 0xDB, 0x6D, 0xDD, 0xB6, 0xDB, 0x77, 0x6D, 0xB6, 0xDD, 0xDB, 0x6D, 0xB7, 0x76, 0xDB, 0x6D, 0xDD, 0xB6, 0xDB, 0x77, 0x6D, 0xB6, 0xDD, 0xDB, 0x6D, 0xB7, 0x76, 0xDB, 0x6C },
    // seq 17
    { 0xAD, 0x00, 0x00, 0xC5, 0x00, 0x00, 0x00, 0x00, 0x77, 0x6D, 0xB6, 0xDD, 0xDB, 0x6D, 0xB7, 0x76, 0xDB, 0x6D, 0xDD, 0xB6, 0xDB, 0x77, 0x6D, 0xB6, 0xDD, 0xDB, 0x6D, 0xB7, 0x76, 0xDB, 0x6D, 0xDD, 0xB6, 0xDB, 0x77, 0x6D, 0xB6, 0xDD, 0xDB, 0x6D, 0xB7, 0x76, 0xDB, 0x6D, 0xDD, 0xB6, 0xDB, 0x77, 0x6D, 0xB6, 0xDD, 0xDB, 0x6D, 0xB7, 0x76, 0xDB, 0x6C },
    // seq 18
    { 0xAD, 0x00, 0x00, 0xC5, 0x00, 0x00, 0x00, 0x00, 0x77, 0x6D, 0xB6, 0xDD, 0xDB, 0x6D, 0xB7, 0x76, 0xDB, 0x6D, 0xDD, 0xB6, 0xDB, 0x77, 0x6D, 0xB6, 0xDD, 0xDB, 0x6D, 0xB7, 0x76, 0xDB, 0x6D, 0xDD, 0xB6, 0xDB, 0x77, 0x6D, 0xB6, 0xDD, 0xDB, 0x6D, 0xB7, 0x76, 0xDB, 0x6D, 0xDD, 0xB6, 0xDB, 0x77, 0x6D, 0xB6, 0xDD, 0xDB, 0x6D, 0xB7, 0x76, 0xDB, 0x6C },
    // seq 19
    { 0xAD, 0x00, 0x00, 0xC5, 0x00, 0x00, 0x00, 0x00, 0x77, 0x6D, 0xB6, 0xDD, 0xDB, 0x6D, 0xB7, 0x76, 0xDB, 0x6D, 0xDD, 0xB6, 0xDB, 0x77, 0x6D, 0xB6, 0xDD, 0xDB, 0x6D, 0xB7, 0x76, 0xDB, 0x6D, 0xDD, 0xB6, 0xDB, 0x77, 0x6D, 0xB6, 0xDD, 0xDB, 0x6D, 0xB7, 0x76, 0xDB, 0x6D, 0xDD, 0xB6, 0xDB, 0x77, 0x6D, 0xB6, 0xDD, 0xDB, 0x6D, 0xB7, 0x76, 0xDB, 0x6C },
    // seq 20
    { 0xAD, 0x00, 0x00, 0xC5, 0x00, 0x00, 0x00, 0x00, 0x77, 0x6D, 0xB6, 0xDD, 0xDB, 0x6D, 0xB7, 0x76, 0xDB, 0x6D, 0xDD, 0xB6, 0xDB, 0x77, 0x6D, 0xB6, 0xDD, 0xDB, 0x6D, 0xB7, 0x76, 0xDB, 0x6D, 0xDD, 0xB6, 0xDB, 0x77, 0x6D, 0xB6, 0xDD, 0xDB, 0x6D, 0xB7, 0x76, 0xDB, 0x6D, 0xDD, 0xB6, 0xDB, 0x77, 0x6D, 0xB6, 0xDD, 0xDB, 0x6D, 0xB7, 0x76, 0xDB, 0x6C },
    // seq 21
    { 0xAD, 0x00, 0x00, 0xC5, 0x00, 0x00, 0x00, 0x00, 0x77, 0x6D, 0xB6, 0xDD, 0xDB, 0x6D, 0xB7, 0x76, 0xDB, 0x6D, 0xDD, 0xB6, 0xDB, 0x77, 0x6D, 0xB6, 0xDD, 0xDB, 0x6D, 0xB7, 0x76, 0xDB, 0x6D, 0xDD, 0xB6, 0xDB, 0x77, 0x6D, 0xB6, 0xDD, 0xDB, 0x6D, 0xB7, 0x76, 0xDB, 0x6D, 0xDD, 0xB6, 0xDB, 0x77, 0x6D, 0xB6, 0xDD, 0xDB, 0x6D, 0xB7, 0x76, 0xDB, 0x6C },
    // seq 22
    { 0xAD, 0x00, 0x00, 0xC5, 0x00, 0x00, 0x00, 0x00, 0x77, 0x6D, 0xB6, 0xDD, 0xDB, 0x6D, 0xB7, 0x76, 0xDB, 0x6D, 0xDD, 0xB6, 0xDB, 0x77, 0x6D, 0xB6, 0xDD, 0xDB, 0x6D, 0xB7, 0x76, 0xDB, 0x6D, 0xDD, 0xB6, 0xDB, 0x77, 0x6D, 0xB6, 0xDD, 0xDB, 0x6D, 0xB7, 0x76, 0xDB, 0x6D, 0xDD, 0xB6, 0xDB, 0x77, 0x6D, 0xB6, 0xDD, 0xDB, 0x6D, 0xB7, 0x76, 0xDB, 0x6C },
    // seq 23
    { 0xAD, 0x00, 0x00, 0xC5, 0x00, 0x00, 0x00, 0x00, 0x77, 0x6D, 0xB6, 0xDD, 0xDB, 0x6D, 0xB7, 0x76, 0xDB, 0x6D, 0xDD, 0xB6, 0xDB, 0x77, 0x6D, 0xB6, 0xDD, 0xDB, 0x6D, 0xB7, 0x76, 0xDB, 0x6D, 0xDD, 0xB6, 0xDB, 0x77, 0x6D, 0xB6, 0xDD, 0xDB, 0x6D, 0xB7, 0x76, 0xDB, 0x6D, 0xDD, 0xB6, 0xDB, 0x77, 0x6D, 0xB6, 0xDD, 0xDB, 0x6D, 0xB7, 0x76, 0xDB, 0x6C },
    // seq 24
    { 0xAD, 0x00, 0x00, 0xC5, 0x00, 0x00, 0x00, 0x00, 0x77, 0x6D, 0xB6, 0xDD, 0xDB, 0x6D, 0xB7, 0x76, 0xDB, 0x6D, 0xDD, 0xB6, 0xDB, 0x77, 0x6D, 0xB6, 0xDD, 0xDB, 0x6D, 0xB7, 0x76, 0xDB, 0x6D, 0xDD, 0xB6, 0xDB, 0x77, 0x6D, 0xB6, 0xDD, 0xDB, 0x6D, 0xB7, 0x76, 0xDB, 0x6D, 0xDD, 0xB6, 0xDB, 0x77, 0x6D, 0xB6, 0xDD, 0xDB, 0x6D, 0xB7, 0x76, 0xDB, 0x6C },
    // seq 25
    { 0xAD, 0x00, 0x00, 0xC5, 0x00, 0x00, 0x00, 0x00, 0x77, 0x6D, 0xB6, 0xDD, 0xDB, 0x6D, 0xB7, 0x76, 0xDB, 0x6D, 0xDD, 0xB6, 0xDB, 0x77, 0x6D, 0xB6, 0xDD, 0xDB, 0x6D, 0xB7, 0x76, 0xDB, 0x6D, 0xDD, 0xB6, 0xDB, 0x77, 0x6D, 0xB6, 0xDD, 0xDB, 0x6D, 0xB7, 0x76, 0xDB, 0x6D, 0xDD, 0xB6, 0xDB, 0x77, 0x6D, 0xB6, 0xDD, 0xDB, 0x6D, 0xB7, 0x76, 0xDB, 0x6C },
    // seq 26
    { 0xAD, 0x00, 0x00, 0xC5, 0x00, 0x00, 0x00, 0x00, 0x77, 0x6D, 0xB6, 0xDD, 0xDB, 0x6D, 0xB7, 0x76, 0xDB, 0x6D, 0xDD, 0xB6, 0xDB, 0x77, 0x6D, 0xB6, 0xDD, 0xDB, 0x6D, 0xB7, 0x76, 0xDB, 0x6D, 0xDD, 0xB6, 0xDB, 0x77, 0x6D, 0xB6, 0xDD, 0xDB, 0x6D, 0xB7, 0x76, 0xDB, 0x6D, 0xDD, 0xB6, 0xDB, 0x77, 0x6D, 0xB6, 0xDD, 0xDB, 0x6D, 0xB7, 0x76, 0xDB, 0x6C },
    // seq 27
    { 0xAD, 0x00, 0x00, 0xC5, 0x00, 0x00, 0x00, 0x00, 0x77, 0x6D, 0xB6, 0xDD, 0xDB, 0x6D, 0xB7, 0x76, 0xDB, 0x6D, 0xDD, 0xB6, 0xDB, 0x77, 0x6D, 0xB6, 0xDD, 0xDB, 0x6D, 0xB7, 0x76, 0xDB, 0x6D, 0xDD, 0xB6, 0xDB, 0x77, 0x6D, 0xB6, 0xDD, 0xDB, 0x6D, 0xB7, 0x76, 0xDB, 0x6D, 0xDD, 0xB6, 0xDB, 0x77, 0x6D, 0xB6, 0xDD, 0xDB, 0x6D, 0xB7, 0x76, 0xDB, 0x6C },
    // seq 28
    { 0xAD, 0x00, 0x00, 0xC5, 0x00, 0x00, 0x00, 0x00, 0x77, 0x6D, 0xB6, 0xDD, 0xDB, 0x6D, 0xB7, 0x76, 0xDB, 0x6D, 0xDD, 0xB6, 0xDB, 0x77, 0x6D, 0xB6, 0xDD, 0xDB, 0x6D, 0xB7, 0x76, 0xDB, 0x6D, 0xDD, 0xB6, 0xDB, 0x77, 0x6D, 0xB6, 0xDD, 0xDB, 0x6D, 0xB7, 0x76, 0xDB, 0x6D, 0xDD, 0xB6, 0xDB, 0x77, 0x6D, 0xB6, 0xDD, 0xDB, 0x6D, 0xB7, 0x76, 0xDB, 0x6C },
    // seq 29
    { 0xAD, 0x00, 0x00, 0xC5, 0x00, 0x00, 0x00, 0x00, 0x77, 0x6D, 0xB6, 0xDD, 0xDB, 0x6D, 0xB7, 0x76, 0xDB, 0x6D, 0xDD, 0xB6, 0xDB, 0x77, 0x6D, 0xB6, 0xDD, 0xDB, 0x6D, 0xB7, 0x76, 0xDB, 0x6D, 0xDD, 0xB6, 0xDB, 0x77, 0x6D, 0xB6, 0xDD, 0xDB, 0x6D, 0xB7, 0x76, 0xDB, 0x6D, 0xDD, 0xB6, 0xDB, 0x77, 0x6D, 0xB6, 0xDD, 0xDB, 0x6D, 0xB7, 0x76, 0xDB, 0x6C },
    // seq 30
    { 0xAD, 0x00, 0x00, 0xC5, 0x00, 0x00, 0x00, 0x00, 0x77, 0x6D, 0xB6, 0xDD, 0xDB, 0x6D, 0xB7, 0x76, 0xDB, 0x6D, 0xDD, 0xB6, 0xDB, 0x77, 0x6D, 0xB6, 0xDD, 0xDB, 0x6D, 0xB7, 0x76, 0xDB, 0x6D, 0xDD, 0xB6, 0xDB, 0x77, 0x6D, 0xB6, 0xDD, 0xDB, 0x6D, 0xB7, 0x76, 0xDB, 0x6D, 0xDD, 0xB6, 0xDB, 0x77, 0x6D, 0xB6, 0xDD, 0xDB, 0x6D, 0xB7, 0x76, 0xDB, 0x6C },
    // seq 31
    { 0xAD, 0x00, 0x00, 0xC5, 0x00, 0x00, 0x00, 0x00, 0x77, 0x6D, 0xB6, 0xDD, 0xDB, 0x6D, 0xB7, 0x76, 0xDB, 0x6D, 0xDD, 0xB6, 0xDB, 0x77, 0x6D, 0xB6, 0xDD, 0xDB, 0x6D, 0xB7, 0x76, 0xDB, 0x6D, 0xDD, 0xB6, 0xDB, 0x77, 0x6D, 0xB6, 0xDD, 0xDB, 0x6D, 0xB7, 0x76, 0xDB, 0x6D, 0xDD, 0xB6, 0xDB, 0x77, 0x6D, 0xB6, 0xDD, 0xDB, 0x6D, 0xB7, 0x76, 0xDB, 0x6C },
    // seq 32
    { 0xAD, 0x00, 0x00, 0xC5, 0x00, 0x00, 0x00, 0x00, 0x77, 0x6D, 0xB6, 0xDD, 0xDB, 0x6D, 0xB7, 0x76, 0xDB, 0x6D, 0xDD, 0xB6, 0xDB, 0x77, 0x6D, 0xB6, 0xDD, 0xDB, 0x6D, 0xB7, 0x76, 0xDB, 0x6D, 0xDD, 0xB6, 0xDB, 0x77, 0x6D, 0xB6, 0xDD, 0xDB, 0x6D, 0xB7, 0x76, 0xDB, 0x6D, 0xDD, 0xB6, 0xDB, 0x77, 0x6D, 0xB6, 0xDD, 0xDB, 0x6D, 0xB7, 0x76, 0xDB, 0x6C },
    // seq 33
    { 0xAD, 0x00, 0x00, 0xC5, 0x00, 0x00, 0x00, 0x00, 0x77, 0x6D, 0xB6, 0xDD, 0xDB, 0x6D, 0xB7, 0x76, 0xDB, 0x6D, 0xDD, 0xB6, 0xDB, 0x77, 0x6D, 0xB6, 0xDD, 0xDB, 0x6D, 0xB7, 0x76, 0xDB, 0x6D, 0xDD, 0xB6, 0xDB, 0x77, 0x6D, 0xB6, 0xDD, 0xDB, 0x6D, 0xB7, 0x76, 0xDB, 0x6D, 0xDD, 0xB6, 0xDB, 0x77, 0x6D, 0xB6, 0xDD, 0xDB, 0x6D, 0xB7, 0x76, 0xDB, 0x6C },
    // seq 34
    { 0xAD, 0x00, 0x00, 0xC5, 0x00, 0x00, 0x00, 0x00, 0x77, 0x6D, 0xB6, 0xDD, 0xDB, 0x6D, 0xB7, 0x76, 0xDB, 0x6D, 0xDD, 0xB6, 0xDB, 0x77, 0x6D, 0xB6, 0xDD, 0xDB, 0x6D, 0xB7, 0x76, 0xDB, 0x6D, 0xDD, 0xB6, 0xDB, 0x77, 0x6D, 0xB6, 0xDD, 0xDB, 0x6D, 0xB7, 0x76, 0xDB, 0x6D, 0xDD, 0xB6, 0xDB, 0x77, 0x6D, 0xB6, 0xDD, 0xDB, 0x6D, 0xB7, 0x76, 0xDB, 0x6C },
    // seq 35
    { 0xAD, 0x00, 0x00, 0xC5, 0x00, 0x00, 0x00, 0x00, 0x77, 0x6D, 0xB6, 0xDD, 0xDB, 0x6D, 0xB7, 0x76, 0xDB, 0x6D, 0xDD, 0xB6, 0xDB, 0x77, 0x6D, 0xB6, 0xDD, 0xDB, 0x6D, 0xB7, 0x76, 0xDB, 0x6D, 0xDD, 0xB6, 0xDB, 0x77, 0x6D, 0xB6, 0xDD, 0xDB, 0x6D, 0xB7, 0x76, 0xDB, 0x6D, 0xDD, 0xB6, 0xDB, 0x77, 0x6D, 0xB6, 0xDD, 0xDB, 0x6D, 0xB7, 0x76, 0xDB, 0x6C },
    // seq 36
    { 0xAD, 0x00, 0x00, 0xC5, 0x00, 0x00, 0x00, 0x00, 0x77, 0x6D, 0xB6, 0xDD, 0xDB, 0x6D, 0xB7, 0x76, 0xDB, 0x6D, 0xDD, 0xB6, 0xDB, 0x77, 0x6D, 0xB6, 0xDD, 0xDB, 0x6D, 0xB7, 0x76, 0xDB, 0x6D, 0xDD, 0xB6, 0xDB, 0x77, 0x6D, 0xB6, 0xDD, 0xDB, 0x6D, 0xB7, 0x76, 0xDB, 0x6D, 0xDD, 0xB6, 0xDB, 0x77, 0x6D, 0xB6, 0xDD, 0xDB, 0x6D, 0xB7, 0x76, 0xDB, 0x6C },
    // seq 37
    { 0xAD, 0x00, 0x00, 0xC5, 0x00, 0x00, 0x00, 0x00, 0x77, 0x6D, 0xB6, 0xDD, 0xDB, 0x6D, 0xB7, 0x76, 0xDB, 0x6D, 0xDD, 0xB6, 0xDB, 0x77, 0x6D, 0xB6, 0xDD, 0xDB, 0x6D, 0xB7, 0x76, 0xDB, 0x6D, 0xDD, 0xB6, 0xDB, 0x77, 0x6D, 0xB6, 0xDD, 0xDB, 0x6D, 0xB7, 0x76, 0xDB, 0x6D, 0xDD, 0xB6, 0xDB, 0x77, 0x6D, 0xB6, 0xDD, 0xDB, 0x6D, 0xB7, 0x76, 0xDB, 0x6C },
    // seq 38
    { 0xAD, 0x00, 0x00, 0xC5, 0x00, 0x00, 0x00, 0x00, 0x77, 0x6D, 0xB6, 0xDD, 0xDB, 0x6D, 0xB7, 0x76, 0xDB, 0x6D, 0xDD, 0xB6, 0xDB, 0x77, 0x6D, 0xB6, 0xDD, 0xDB, 0x6D, 0xB7, 0x76, 0xDB, 0x6D, 0xDD, 0xB6, 0xDB, 0x77, 0x6D, 0xB6, 0xDD, 0xDB, 0x6D, 0xB7, 0x76, 0xDB, 0x6D, 0xDD, 0xB6, 0xDB, 0x77, 0x6D, 0xB6, 0xDD, 0xDB, 0x6D, 0xB7, 0x76, 0xDB, 0x6C },
    // seq 39
    { 0xAD, 0x00, 0x00, 0xC5, 0x00, 0x00, 0x00, 0x00, 0x77, 0x6D, 0xB6, 0xDD, 0xDB, 0x6D, 0xB7, 0x76, 0xDB, 0x6D, 0xDD, 0xB6, 0xDB, 0x77, 0x6D, 0xB6, 0xDD, 0xDB, 0x6D, 0xB7, 0x76, 0xDB, 0x6D, 0xDD, 0xB6, 0xDB, 0x77, 0x6D, 0xB6, 0xDD, 0xDB, 0x6D, 0xB7, 0x76, 0xDB, 0x6D, 0xDD, 0xB6, 0xDB, 0x77, 0x6D, 0xB6, 0xDD, 0xDB, 0x6D, 0xB7, 0x76, 0xDB, 0x6C },
    // seq 40
    { 0xAD, 0x00, 0x00, 0xC5, 0x00, 0x00, 0x00, 0x00, 0x77, 0x6D, 0xB6, 0xDD, 0xDB, 0x6D, 0xB7, 0x76, 0xDB, 0x6D, 0xDD, 0xB6, 0xDB, 0x77, 0x6D, 0xB6, 0xDD, 0xDB, 0x6D, 0xB7, 0x76, 0xDB, 0x6D, 0xDD, 0xB6, 0xDB, 0x77, 0x6D, 0xB6, 0xDD, 0xDB, 0x6D, 0xB7, 0x76, 0xDB, 0x6D, 0xDD, 0xB6, 0xDB, 0x77, 0x6D, 0xB6, 0xDD, 0xDB, 0x6D, 0xB7, 0x76, 0xDB, 0x6C },
    // seq 41
    { 0xAD, 0x00, 0x00, 0xC5, 0x00, 0x00, 0x00, 0x00, 0x77, 0x6D, 0xB6, 0xDD, 0xDB, 0x6D, 0xB7, 0x76, 0xDB, 0x6D, 0xDD, 0xB6, 0xDB, 0x77, 0x6D, 0xB6, 0xDD, 0xDB, 0x6D, 0xB7, 0x76, 0xDB, 0x6D, 0xDD, 0xB6, 0xDB, 0x77, 0x6D, 0xB6, 0xDD, 0xDB, 0x6D, 0xB7, 0x76, 0xDB, 0x6D, 0xDD, 0xB6, 0xDB, 0x77, 0x6D, 0xB6, 0xDD, 0xDB, 0x6D, 0xB7, 0x76, 0xDB, 0x6C },
    // seq 42
    { 0xAD, 0x00, 0x00, 0xC5, 0x00, 0x00, 0x00, 0x00, 0x77, 0x6D, 0xB6, 0xDD, 0xDB, 0x6D, 0xB7, 0x76, 0xDB, 0x6D, 0xDD, 0xB6, 0xDB, 0x77, 0x6D, 0xB6, 0xDD, 0xDB, 0x6D, 0xB7, 0x76, 0xDB, 0x6D, 0xDD, 0xB6, 0xDB, 0x77, 0x6D, 0xB6, 0xDD, 0xDB, 0x6D, 0xB7, 0x76, 0xDB, 0x6D, 0xDD, 0xB6, 0xDB, 0x77, 0x6D, 0xB6, 0xDD, 0xDB, 0x6D, 0xB7, 0x76, 0xDB, 0x6C },
    // seq 43
    { 0xAD, 0x00, 0x00, 0xC5, 0x00, 0x00, 0x00, 0x00, 0x77, 0x6D, 0xB6, 0xDD, 0xDB, 0x6D, 0xB7, 0x76, 0xDB, 0x6D, 0xDD, 0xB6, 0xDB, 0x77, 0x6D, 0xB6, 0xDD, 0xDB, 0x6D, 0xB7, 0x76, 0xDB, 0x6D, 0xDD, 0xB6, 0xDB, 0x77, 0x6D, 0xB6, 0xDD, 0xDB, 0x6D, 0xB7, 0x76, 0xDB, 0x6D, 0xDD, 0xB6, 0xDB, 0x77, 0x6D, 0xB6, 0xDD, 0xDB, 0x6D, 0xB7, 0x76, 0xDB, 0x6C },
    // seq 44
    { 0xAD, 0x00, 0x00, 0xC5, 0x00, 0x00, 0x00, 0x00, 0x77, 0x6D, 0xB6, 0xDD, 0xDB, 0x6D, 0xB7, 0x76, 0xDB, 0x6D, 0xDD, 0xB6, 0xDB, 0x77, 0x6D, 0xB6, 0xDD, 0xDB, 0x6D, 0xB7, 0x76, 0xDB, 0x6D, 0xDD, 0xB6, 0xDB, 0x77, 0x6D, 0xB6, 0xDD, 0xDB, 0x6D, 0xB7, 0x76, 0xDB, 0x6D, 0xDD, 0xB6, 0xDB, 0x77, 0x6D, 0xB6, 0xD5, 0xDB, 0x6D, 0xC5, 0x76, 0xDB, 0x6C },
    // seq 45
    { 0xAD, 0x00, 0x00, 0xE0, 0x10, 0x00, 0x00, 0x00, 0x6F, 0x36, 0xD5, 0x1B, 0xAD, 0xB5, 0x55, 0xEB, 0x6D, 0x55, 0x66, 0xDB, 0x55, 0x3D, 0x36, 0xD5, 0x4F, 0xED, 0xB5, 0x55, 0x23, 0x6D, 0x55, 0x36, 0xDB, 0x55, 0x49, 0xB6, 0xD5, 0x4F, 0x2D, 0xB5, 0x53, 0xF3, 0x6D, 0x54, 0xFE, 0xDB, 0x55, 0x3F, 0xB6, 0xD5, 0x4F, 0xED, 0xB5, 0x54, 0x03, 0x6D, 0x54 },
    // seq 46
    { 0xAD, 0x00, 0x00, 0xE0, 0x10, 0x00, 0x00, 0x00, 0x40, 0x36, 0xD5, 0x50, 0x6D, 0xB5, 0x54, 0x63, 0x6D, 0x55, 0x44, 0xDB, 0x55, 0x49, 0xB6, 0xD5, 0x50, 0x8D, 0xB5, 0x54, 0x72, 0x6D, 0x55, 0x40, 0xDC, 0x55, 0x2D, 0x46, 0xD5, 0x40, 0xA9, 0xB5, 0x51, 0xC2, 0x6D, 0x54, 0x0A, 0xE4, 0x55, 0x1C, 0x36, 0xD5, 0x49, 0xED, 0xA5, 0x51, 0x1B, 0x6D, 0x54 },
    // seq 47
    { 0xAD, 0x00, 0x00, 0xE0, 0x10, 0x00, 0x00, 0x00, 0x45, 0x37, 0x15, 0x49, 0x0D, 0xB5, 0x51, 0xFB, 0x6D, 0x54, 0xDA, 0xDB, 0x55, 0x48, 0xB6, 0xD5, 0x4D, 0xE9, 0x35, 0x55, 0x13, 0x6D, 0x55, 0x22, 0xDB, 0x55, 0x45, 0xB6, 0xD5, 0x4D, 0xAD, 0xB5, 0x53, 0xBB, 0x6D, 0x54, 0xD2, 0xDB, 0x55, 0x2E, 0xB7, 0x15, 0x4F, 0xED, 0xB5, 0x55, 0x5B, 0x6D, 0x54 },
    // seq 48
    { 0xAD, 0x00, 0x00, 0xE0, 0x10, 0x00, 0x00, 0x00, 0x3A, 0xB7, 0x15, 0x54, 0x6D, 0xC5, 0x55, 0xCB, 0x6D, 0x55, 0x7C, 0xDB, 0x55, 0x51, 0x36, 0xD5, 0x52, 0x0D, 0x35, 0x54, 0x83, 0x69, 0x55, 0x0C, 0xD3, 0x55, 0x49, 0x27, 0x15, 0x59, 0x71, 0xB5, 0x52, 0x52, 0x71, 0x56, 0x07, 0x1B, 0x55, 0x58, 0x36, 0xD5, 0x47, 0x0D, 0xC5, 0x5A, 0x5D, 0x6D, 0x54 },
    // seq 49
    { 0xAD, 0x00, 0x00, 0x76, 0x42, 0x00, 0x00, 0x00, 0x69, 0x1E, 0x51, 0x5C, 0x97, 0x95, 0x5C, 0x1E, 0x55, 0x94, 0xBC, 0x43, 0x55, 0x74, 0x33, 0x95, 0x6E, 0x33, 0x75, 0x54, 0xDE, 0xD1, 0x56, 0x1F, 0x62, 0x55, 0x7A, 0x62, 0x55, 0x61, 0x47, 0x25, 0x58, 0x12, 0x71, 0x55, 0x6B, 0x57, 0x55, 0x86, 0x2B, 0x95, 0x67, 0x84, 0xB5, 0x54, 0xD2, 0x75, 0x54 },
    // seq 50
    { 0xAD, 0x00, 0x00, 0x55, 0x64, 0x00, 0x00, 0x00, 0x84, 0xAF, 0xC5, 0x5E, 0xCB, 0xE1, 0x57, 0xE7, 0x07, 0x56, 0x2C, 0x40, 0x95, 0x6E, 0xAF, 0x55, 0x61, 0x04, 0x3D, 0x59, 0x12, 0xED, 0x55, 0x98, 0x41, 0x55, 0x85, 0x30, 0xA5, 0x5F, 0x63, 0xA1, 0x58, 0xCD, 0x1D, 0x56, 0x06, 0xB4, 0x55, 0x76, 0xB4, 0xD5, 0x54, 0x51, 0xD9, 0x5D, 0x53, 0xB8, 0x54 },
    // seq 51
    { 0xAD, 0x00, 0x00, 0x62, 0x75, 0x01, 0x00, 0x00, 0x67, 0x0A, 0x68, 0x57, 0xE4, 0x9D, 0xBD, 0x47, 0x35, 0x74, 0x7C, 0x17, 0xDE, 0xA6, 0x9E, 0x48, 0x69, 0x78, 0x76, 0x71, 0xE1, 0x89, 0x5B, 0xC0, 0xBF, 0x54, 0x26, 0x08, 0x1A, 0x6A, 0x27, 0x19, 0x8A, 0x26, 0x37, 0x6C, 0x30, 0xDF, 0xB5, 0xF5, 0x4F, 0x74, 0x17, 0x12, 0x79, 0x37, 0x61, 0x94, 0x90 },
    // seq 52
    { 0xAD, 0x00, 0x00, 0x16, 0x86, 0x01, 0x00, 0x00, 0x7E, 0xEC, 0x37, 0x1B, 0x8C, 0x36, 0x5B, 0x07, 0x31, 0xD9, 0x6A, 0x25, 0x44, 0x6C, 0x18, 0x04, 0x67, 0x02, 0x27, 0x57, 0x95, 0x50, 0xAE, 0xA6, 0x3E, 0x8D, 0x15, 0x09, 0x37, 0x75, 0xC7, 0x2E, 0x59, 0x8A, 0x10, 0x58, 0x2F, 0xF0, 0xE0, 0xED, 0x2A, 0xDB, 0x12, 0x1B, 0x34, 0xD9, 0x91, 0x93, 0x90 },
    // seq 53
    { 0xAD, 0x00, 0x00, 0x99, 0x86, 0x00, 0x00, 0x00, 0x76, 0x42, 0x0A, 0x5A, 0x0B, 0x61, 0x0B, 0xBC, 0x47, 0xD5, 0x10, 0x63, 0xD5, 0x8B, 0xF8, 0x88, 0x61, 0x05, 0x9C, 0x5A, 0x33, 0xA6, 0x55, 0x4A, 0xD3, 0x96, 0x78, 0x5B, 0x78, 0x63, 0x8D, 0x27, 0x98, 0x12, 0xAE, 0xE6, 0x58, 0x99, 0xE6, 0x47, 0x27, 0x41, 0x75, 0x42, 0xD5, 0x53, 0xD4, 0x31, 0x08 },
    // seq 54
    { 0xAD, 0x00, 0x00, 0xAA, 0x86, 0x22, 0x00, 0x00, 0x86, 0x68, 0x8B, 0x2B, 0x28, 0x9E, 0xE3, 0x24, 0x58, 0x4A, 0x99, 0x5E, 0x4F, 0x7A, 0x96, 0x6B, 0xA8, 0x58, 0xE0, 0x87, 0xAA, 0x37, 0x4D, 0x6B, 0x36, 0xF6, 0xA4, 0x42, 0x51, 0x62, 0xCE, 0x63, 0x15, 0x44, 0xA8, 0xD1, 0xA0, 0xA1, 0xA9, 0xE3, 0xE0, 0x8C, 0x51, 0x65, 0xD8, 0xE5, 0x7F, 0x97, 0x28 },
    // seq 55
    { 0xAD, 0x00, 0x00, 0x82, 0x86, 0x12, 0x00, 0x00, 0xA6, 0x84, 0x0D, 0xC8, 0xAD, 0x57, 0x0A, 0x59, 0xFB, 0xB2, 0x4C, 0x3E, 0xB7, 0x98, 0xDB, 0x20, 0x31, 0xDB, 0x8F, 0x88, 0x81, 0x23, 0xE1, 0xFB, 0xC5, 0xC6, 0x6D, 0xD0, 0x6B, 0xD5, 0x4B, 0x99, 0x88, 0x25, 0x8D, 0x9C, 0xE2, 0x7F, 0x91, 0xAC, 0xA0, 0xF5, 0xA3, 0xF7, 0x90, 0x25, 0x62, 0xD3, 0x44 },
    // seq 56
    { 0xAD, 0x00, 0x00, 0x3A, 0x97, 0x12, 0x00, 0x00, 0x88, 0x94, 0x3D, 0x5F, 0x1A, 0x2E, 0xD9, 0xAD, 0xCA, 0x31, 0x58, 0x81, 0x73, 0x9A, 0xA0, 0x9B, 0x18, 0xB7, 0x54, 0x8C, 0x3E, 0x9C, 0x68, 0xFB, 0x30, 0x69, 0xAA, 0x38, 0x22, 0x9F, 0x11, 0xAB, 0x87, 0x4F, 0x92, 0xB5, 0xFE, 0x18, 0x6A, 0x77, 0x38, 0x1D, 0x62, 0x62, 0x10, 0xE8, 0x5B, 0xAD, 0x34 },
    // seq 57
    { 0xAD, 0x00, 0x00, 0x37, 0x87, 0x22, 0x00, 0x00, 0x8A, 0x09, 0x75, 0xD8, 0x3B, 0xDA, 0x7A, 0x38, 0xF7, 0x30, 0xBB, 0xA1, 0x79, 0xBB, 0x9E, 0x7A, 0x49, 0x55, 0xDC, 0x7F, 0x2B, 0x27, 0x65, 0x41, 0x2D, 0xF1, 0xBD, 0x31, 0xAA, 0x4B, 0x72, 0xA4, 0xC7, 0x9A, 0x68, 0x45, 0xB7, 0xC9, 0x14, 0xF7, 0x07, 0x3B, 0x53, 0x1B, 0x44, 0xA9, 0x59, 0x63, 0xE0 },
    // seq 58
    { 0xAD, 0x00, 0x00, 0xED, 0x98, 0x33, 0x00, 0x00, 0x7E, 0x54, 0x2D, 0x5D, 0x09, 0x6F, 0x65, 0xE6, 0x2B, 0xE5, 0xB8, 0x57, 0x16, 0xBA, 0xE6, 0x65, 0xA3, 0x88, 0xEB, 0xA8, 0xAC, 0xF4, 0x19, 0xF0, 0xC7, 0x16, 0x9F, 0x4D, 0x31, 0x0A, 0x6F, 0xB7, 0xC9, 0x7A, 0xB8, 0x60, 0xAD, 0x98, 0xE3, 0xC7, 0x94, 0x2A, 0xAC, 0x78, 0xE6, 0x9D, 0x99, 0xD3, 0xC8 },
    // seq 59
    { 0xAD, 0x00, 0x00, 0x97, 0xDA, 0x65, 0x10, 0x00, 0x7E, 0x63, 0x41, 0x9D, 0x67, 0x2F, 0x77, 0x46, 0x2C, 0x1D, 0xC3, 0x7C, 0xE8, 0x9F, 0xDC, 0xD6, 0xAD, 0xA9, 0x11, 0x67, 0x31, 0x7B, 0x5D, 0x50, 0x9B, 0x16, 0x4E, 0x9C, 0x4A, 0x16, 0x68, 0x54, 0x1B, 0xD6, 0x44, 0x5B, 0x8F, 0x56, 0xDB, 0x73, 0xAB, 0xE2, 0x16, 0x83, 0xF1, 0x95, 0x53, 0x53, 0x64 },
    // seq 60
    { 0xAD, 0x00, 0x00, 0x0A, 0xDB, 0x65, 0x10, 0x00, 0x5E, 0x57, 0x30, 0xDA, 0x67, 0xEF, 0x6E, 0x6A, 0x8B, 0xEE, 0xA4, 0x49, 0x02, 0x4F, 0xAC, 0x95, 0xDB, 0x45, 0xAD, 0xB7, 0x2A, 0x43, 0x14, 0xD8, 0x74, 0xBA, 0x92, 0xA4, 0xB1, 0xFF, 0xD5, 0x8D, 0x37, 0x76, 0xF3, 0xE9, 0x8F, 0x3B, 0x6A, 0x82, 0xAB, 0x4D, 0xD4, 0xE8, 0x95, 0x53, 0x14, 0xBB, 0xD8 },
    // seq 61
    { 0xAD, 0x00, 0x00, 0x65, 0xEB, 0x65, 0x10, 0x00, 0xB4, 0x7F, 0x45, 0x26, 0xE0, 0xB3, 0x96, 0xCE, 0xCA, 0xE6, 0x18, 0x92, 0xD5, 0x7D, 0x50, 0xB9, 0x53, 0x5C, 0x0C, 0x56, 0xBD, 0x5C, 0x2F, 0x02, 0x81, 0x29, 0x82, 0xA9, 0x2D, 0x1E, 0x04, 0x92, 0x68, 0x6A, 0xA3, 0xA5, 0xC2, 0x6C, 0xE7, 0x57, 0x1A, 0x42, 0x21, 0xDB, 0x90, 0x5B, 0xA0, 0xA1, 0x94 },
    // seq 62
    { 0xAD, 0x00, 0x00, 0xCB, 0xDB, 0x65, 0x20, 0x00, 0x71, 0xE5, 0x94, 0x5F, 0xEC, 0x9C, 0xD8, 0x2B, 0x58, 0xB5, 0x19, 0x66, 0x49, 0x30, 0x17, 0xAC, 0x70, 0xBC, 0x8E, 0xDD, 0x99, 0x0A, 0x35, 0xA5, 0x4A, 0x21, 0x96, 0x47, 0x75, 0x1E, 0x0C, 0x60, 0xC3, 0x3D, 0x19, 0x30, 0xEC, 0x91, 0x69, 0xCD, 0x5F, 0xA5, 0x6F, 0x8C, 0xEE, 0xE7, 0x83, 0xD6, 0xC8 },
    // seq 63
    { 0xAD, 0x00, 0x00, 0x8F, 0xDA, 0x75, 0x10, 0x00, 0x93, 0x97, 0xC0, 0xD7, 0x49, 0xCF, 0x83, 0x8E, 0x8B, 0x15, 0x42, 0x40, 0xC7, 0xE2, 0x61, 0xC1, 0x68, 0xB8, 0xEC, 0x88, 0x3F, 0x54, 0x5E, 0x35, 0x37, 0x19, 0x4C, 0xA0, 0x41, 0x0E, 0x15, 0x8C, 0x86, 0xD7, 0x0B, 0xA7, 0x8A, 0x28, 0x76, 0x91, 0xE1, 0x31, 0xE5, 0x6C, 0x6F, 0x68, 0x6A, 0x14, 0xB0 },
    // seq 64
    { 0xAD, 0x00, 0x00, 0x07, 0xDA, 0x85, 0x10, 0x00, 0x44, 0xD9, 0x95, 0x4B, 0x82, 0x2A, 0x58, 0x9E, 0xF8, 0x93, 0x64, 0x1D, 0xEB, 0x8D, 0xAE, 0x6D, 0x68, 0x6F, 0x96, 0x67, 0x0C, 0xC6, 0x8C, 0xEF, 0xDA, 0x1C, 0x3A, 0x1D, 0x9E, 0xA9, 0x5E, 0x6A, 0x7C, 0x1A, 0x3B, 0xD2, 0x3E, 0xDE, 0x58, 0xA4, 0x8E, 0x7E, 0x58, 0xC8, 0x96, 0x63, 0x75, 0x94, 0x90 },
    // seq 65
    { 0xAD, 0x00, 0x00, 0x07, 0xDA, 0x85, 0x10, 0x00, 0x43, 0xB5, 0x45, 0xAD, 0xDD, 0xDE, 0xBB, 0x3D, 0x89, 0xD6, 0x6D, 0x83, 0x09, 0xA8, 0x2B, 0xD5, 0xD4, 0x2E, 0x70, 0x92, 0xB3, 0x09, 0xDD, 0x30, 0xBE, 0x25, 0xBE, 0xAC, 0x69, 0x6A, 0x8C, 0xD3, 0xCB, 0x0D, 0xA5, 0xD2, 0x54, 0xCD, 0x75, 0x47, 0x5B, 0x61, 0xC9, 0x8A, 0x9D, 0x76, 0x5D, 0xB7, 0xEC },
    // seq 66
    { 0xAD, 0x00, 0x00, 0x03, 0xDA, 0x76, 0x10, 0x00, 0xC6, 0xA4, 0x7B, 0xAA, 0xEF, 0xEA, 0xAB, 0x4C, 0x29, 0x59, 0xF4, 0xC6, 0x10, 0x41, 0x55, 0xAB, 0x8B, 0x28, 0xF1, 0x08, 0x76, 0xAC, 0x23, 0x02, 0xA3, 0x74, 0xA3, 0xCD, 0xB4, 0x6B, 0x4E, 0x22, 0x96, 0x93, 0xC9, 0xC0, 0xD1, 0x2E, 0x11, 0x35, 0x2A, 0x63, 0x68, 0xF6, 0xD5, 0x7B, 0x63, 0x33, 0x20 },
    // seq 67
    { 0xAD, 0x00, 0x00, 0x35, 0xD9, 0x75, 0x10, 0x00, 0xAE, 0xEC, 0x77, 0xA9, 0xC8, 0xB3, 0x65, 0x8D, 0x2B, 0x44, 0xB6, 0xBA, 0x15, 0x47, 0xBE, 0x89, 0x6B, 0x6B, 0x24, 0x1A, 0xF3, 0x4C, 0xC6, 0xE5, 0x64, 0x68, 0x96, 0xA2, 0xF3, 0x13, 0x18, 0x42, 0x02, 0xB9, 0xD2, 0x95, 0x8D, 0xBD, 0xD1, 0xB1, 0x13, 0x7E, 0xAB, 0xB1, 0xDC, 0xEB, 0xCB, 0xD0, 0x34 },
    // seq 68
    { 0xAD, 0x00, 0x00, 0xA1, 0xD9, 0x66, 0x10, 0x00, 0x84, 0xD9, 0x94, 0x0F, 0xCA, 0x5F, 0x22, 0x9D, 0x04, 0xB1, 0xEA, 0xC8, 0x75, 0xB0, 0x15, 0x1A, 0x2D, 0xBA, 0x98, 0xFB, 0x25, 0x8B, 0xC1, 0xC0, 0x8D, 0xF0, 0x32, 0x5C, 0x53, 0x4E, 0x27, 0xA7, 0x49, 0x31, 0xCC, 0x96, 0xE0, 0x76, 0xD2, 0xC0, 0x25, 0x3C, 0xA8, 0xC6, 0x51, 0x25, 0xBA, 0x8A, 0x30 },
    // seq 69
    { 0xAD, 0x00, 0x00, 0x24, 0xD8, 0x76, 0x10, 0x00, 0x25, 0x8D, 0xAD, 0x13, 0xBF, 0x5A, 0x5A, 0x44, 0xE5, 0xC2, 0xEF, 0x91, 0xD5, 0xC1, 0x21, 0x8C, 0x63, 0xA5, 0xA0, 0xC4, 0x32, 0x86, 0xC4, 0x91, 0x35, 0x08, 0x69, 0x2F, 0x84, 0xEB, 0x55, 0x61, 0x4B, 0xFE, 0x88, 0x3A, 0xDD, 0x69, 0xEC, 0x79, 0xA5, 0x74, 0x8C, 0xD7, 0x20, 0x93, 0x0E, 0x3B, 0xC0 },
    // seq 70
    { 0xAD, 0x00, 0x00, 0x3C, 0xD8, 0x66, 0x10, 0x00, 0x85, 0x9D, 0x3D, 0xEE, 0xB6, 0x5C, 0xBC, 0x4E, 0x67, 0x32, 0x9D, 0x59, 0xD2, 0x5D, 0x68, 0x8B, 0x48, 0x24, 0x4E, 0xA4, 0x7A, 0xF3, 0x72, 0x7F, 0x63, 0x29, 0xC5, 0xE3, 0x6B, 0xB1, 0x17, 0xA2, 0xE9, 0x1E, 0x08, 0x41, 0x06, 0x81, 0xAA, 0x1E, 0x9E, 0xE5, 0x58, 0x47, 0x91, 0x0B, 0x09, 0xB8, 0xB4 },
    // seq 71
    { 0xAD, 0x00, 0x00, 0xD9, 0xD6, 0x55, 0x00, 0x00, 0xCD, 0x2B, 0x72, 0x6E, 0x03, 0xDD, 0x67, 0x8B, 0x2A, 0x44, 0xC0, 0x20, 0xCB, 0x2C, 0xF9, 0x46, 0x1E, 0x27, 0xF2, 0x1B, 0xED, 0xE2, 0xD7, 0x47, 0x83, 0x0B, 0xAB, 0xDB, 0x55, 0x57, 0xD9, 0x9F, 0x02, 0x38, 0xED, 0x45, 0x03, 0x95, 0x61, 0x91, 0xD3, 0x76, 0xB2, 0x7A, 0x64, 0xDC, 0xAD, 0xE5, 0xC0 },
    // seq 72
    { 0xAD, 0x00, 0x00, 0xE2, 0xD6, 0x54, 0x10, 0x00, 0x95, 0xA2, 0x85, 0x51, 0xE8, 0x9D, 0xD1, 0xF1, 0xBC, 0xC5, 0x46, 0x7C, 0x9E, 0xA4, 0x12, 0xB2, 0xB4, 0x59, 0x52, 0xEC, 0x4D, 0xA7, 0x66, 0x15, 0xA9, 0xD5, 0x38, 0x53, 0xA8, 0x08, 0x8C, 0xCC, 0x46, 0x2D, 0xDA, 0xC6, 0xCE, 0x65, 0xD9, 0xD7, 0xE1, 0x68, 0x6E, 0xF5, 0x1D, 0x97, 0x06, 0xD8, 0x90 },
    // seq 73
    { 0xAD, 0x00, 0x00, 0x75, 0xD6, 0x45, 0x10, 0x00, 0x29, 0xC8, 0x05, 0x0B, 0x4C, 0xEA, 0xD7, 0x95, 0xE7, 0x4B, 0x04, 0x80, 0x66, 0xD5, 0x60, 0xA7, 0x6A, 0xA5, 0x1D, 0x95, 0xCE, 0xBC, 0x70, 0x92, 0x2C, 0x14, 0x39, 0xAD, 0x89, 0x62, 0xE8, 0xDD, 0xAC, 0xC6, 0x24, 0x7B, 0x44, 0x86, 0x61, 0x9A, 0x59, 0x86, 0x53, 0x4A, 0x35, 0x82, 0x1D, 0x03, 0x64 },
    // seq 74
    { 0xAD, 0x00, 0x00, 0x7B, 0xD5, 0x45, 0x00, 0x00, 0x45, 0x55, 0x5D, 0x26, 0x6D, 0x5A, 0xCD, 0x31, 0x34, 0xC3, 0x32, 0xCA, 0x72, 0x8E, 0xCC, 0x93, 0x10, 0xFC, 0xBA, 0xE2, 0x4C, 0x13, 0x35, 0x40, 0xC1, 0x97, 0xA0, 0xF1, 0x89, 0xF5, 0x05, 0xD9, 0x2C, 0xA1, 0x29, 0xBE, 0x22, 0x46, 0xAF, 0x3C, 0xD5, 0x6B, 0xC8, 0xDA, 0x92, 0xF5, 0x5E, 0xAC, 0xB0 },
    // seq 75
    { 0xAD, 0x00, 0x00, 0xF4, 0xD5, 0x44, 0x00, 0x00, 0xA7, 0x88, 0x36, 0xF6, 0x5C, 0xA6, 0xAC, 0x94, 0xF4, 0x49, 0xFB, 0x59, 0xCF, 0x2F, 0xD9, 0x42, 0xC7, 0xF2, 0x8D, 0x05, 0xF6, 0xA9, 0xA2, 0xD6, 0xA5, 0x39, 0xE0, 0x95, 0x92, 0xB1, 0x7A, 0x57, 0x07, 0x7B, 0x77, 0xCC, 0xAD, 0x5D, 0x4B, 0x1D, 0xEA, 0x43, 0xD7, 0x93, 0xEC, 0xCB, 0x40, 0x85, 0x60 },
    // seq 76
    { 0xAD, 0x00, 0x00, 0xC5, 0xD4, 0x54, 0x10, 0x00, 0xE0, 0x60, 0xE6, 0x72, 0x25, 0x35, 0x17, 0xB8, 0x2E, 0x94, 0xB7, 0xBB, 0x29, 0x1A, 0xB9, 0x74, 0x55, 0x87, 0x39, 0xAB, 0x09, 0x30, 0x9B, 0x97, 0x8C, 0x5E, 0xD0, 0x00, 0xE7, 0x60, 0x40, 0x4A, 0x53, 0x0A, 0x88, 0x20, 0x59, 0x9D, 0x5D, 0x4A, 0x61, 0x47, 0x69, 0xC5, 0xB2, 0x5E, 0x79, 0x13, 0x74 },
    // seq 77
    { 0xAD, 0x00, 0x00, 0xF4, 0xD5, 0x44, 0x00, 0x00, 0xDE, 0x28, 0x3A, 0xE4, 0xA9, 0xEB, 0x63, 0xA3, 0x55, 0x08, 0x43, 0xA0, 0x37, 0x39, 0x6E, 0xA3, 0x25, 0x8B, 0xA7, 0x3D, 0xF0, 0xF3, 0xB7, 0x88, 0x39, 0xB1, 0xA2, 0x54, 0x5A, 0xD3, 0x1D, 0x65, 0x61, 0x7A, 0x9C, 0x0C, 0x9E, 0x51, 0x7A, 0x77, 0x51, 0x73, 0x33, 0x63, 0x30, 0xBE, 0xC5, 0x09, 0x54 },
    // seq 78
    { 0xAD, 0x00, 0x00, 0xFB, 0xD4, 0x53, 0x00, 0x00, 0xC0, 0xE9, 0xB9, 0x1A, 0xC1, 0x13, 0x82, 0x4B, 0xAA, 0xCC, 0x68, 0xA7, 0x07, 0x54, 0xEF, 0x3B, 0x2B, 0xCC, 0xCD, 0x3E, 0x73, 0x33, 0x2F, 0x5E, 0x36, 0xE8, 0x90, 0x98, 0xCD, 0x90, 0x69, 0xE6, 0x21, 0xAA, 0xB4, 0x70, 0xCB, 0xCC, 0xD3, 0x7E, 0x04, 0xB1, 0xB2, 0xC9, 0x6D, 0x9E, 0x48, 0xFC, 0x04 },
    // seq 79
    { 0xAD, 0x00, 0x00, 0xC5, 0xD4, 0x54, 0x10, 0x00, 0xBC, 0xD5, 0x28, 0x1D, 0x09, 0x21, 0x83, 0x4A, 0x71, 0xB0, 0x86, 0x1C, 0x91, 0x47, 0xE4, 0xFC, 0x65, 0x08, 0xD1, 0x6D, 0x3D, 0x52, 0x7B, 0x69, 0x3C, 0x66, 0xA7, 0x60, 0xB4, 0x57, 0xF2, 0x4A, 0x92, 0xDB, 0x18, 0x34, 0xB4, 0x83, 0x25, 0x5F, 0xE3, 0x43, 0x6A, 0x5C, 0x3A, 0x1D, 0x81, 0xB1, 0xA4 },
    // seq 80
    { 0xAD, 0x00, 0x00, 0x71, 0xD4, 0x54, 0x00, 0x00, 0xCD, 0x08, 0x95, 0x25, 0x1D, 0x14, 0x85, 0x38, 0x48, 0xE0, 0xAE, 0x67, 0x06, 0x31, 0x8F, 0x6D, 0x99, 0x74, 0xA8, 0x7A, 0xED, 0x77, 0x4B, 0x70, 0xB6, 0x51, 0xCE, 0x2F, 0x93, 0xE4, 0x93, 0x61, 0x05, 0x1A, 0x84, 0x38, 0xB2, 0xDB, 0x0F, 0x34, 0x0D, 0x73, 0xD9, 0x4B, 0xE6, 0xEA, 0x8B, 0x27, 0xC4 },
    // seq 81
    { 0xAD, 0x00, 0x00, 0x69, 0xD4, 0x44, 0x00, 0x00, 0xD4, 0x47, 0x8C, 0xB2, 0xCB, 0xE8, 0xC9, 0x7E, 0xCA, 0x4D, 0x70, 0x41, 0x6E, 0x32, 0xFD, 0x21, 0xCC, 0x35, 0x9D, 0x35, 0xD9, 0x45, 0x46, 0x8F, 0xE5, 0xEC, 0xD5, 0x31, 0x74, 0x74, 0x5C, 0x23, 0x4A, 0x09, 0x25, 0x25, 0x83, 0x8D, 0x4D, 0x30, 0x2B, 0x56, 0x4A, 0x45, 0xE6, 0x95, 0x3F, 0x38, 0xA0 },
    // seq 82
    { 0xAD, 0x00, 0x00, 0x69, 0xD4, 0x44, 0x00, 0x00, 0x99, 0xD2, 0x7C, 0xF4, 0x42, 0x23, 0x5D, 0x8C, 0xF9, 0x26, 0xC2, 0x9E, 0xF2, 0x70, 0x72, 0x96, 0x0D, 0xAF, 0x9C, 0x12, 0x18, 0xF0, 0x49, 0x01, 0xBA, 0x16, 0x86, 0x27, 0x8B, 0xB2, 0xB3, 0x1E, 0x9E, 0x3A, 0xF5, 0xCF, 0x0C, 0x2E, 0x6E, 0x7F, 0xBD, 0xAA, 0x0F, 0xB3, 0xB5, 0x81, 0xF4, 0x8A, 0x2C },
    // seq 83
    { 0xAD, 0x00, 0x00, 0xE3, 0xD4, 0x43, 0x00, 0x00, 0x30, 0x90, 0x95, 0xDB, 0xAA, 0x6E, 0x8B, 0xBB, 0x63, 0xB3, 0x9C, 0xBE, 0xF4, 0xD6, 0x34, 0xA1, 0x65, 0xE5, 0x70, 0xB5, 0x16, 0x3C, 0x0C, 0x91, 0x35, 0x98, 0x23, 0x76, 0x51, 0x54, 0x7B, 0x2E, 0x99, 0xDB, 0x33, 0x93, 0x6A, 0xB1, 0x39, 0xE2, 0x14, 0xD2, 0xAC, 0xB4, 0x2C, 0x56, 0xCF, 0x54, 0xE0 },
    // seq 84
    { 0xAD, 0x00, 0x00, 0xCF, 0xD5, 0x45, 0x10, 0x00, 0x35, 0x10, 0xB7, 0x48, 0x95, 0x65, 0x93, 0xCE, 0x31, 0x65, 0xEE, 0x74, 0x65, 0xC2, 0xA9, 0x06, 0x79, 0x95, 0xDD, 0xDC, 0xE6, 0xB9, 0x96, 0x2D, 0x7B, 0x15, 0x49, 0x75, 0xA9, 0x49, 0x87, 0x69, 0xE2, 0xAE, 0x14, 0x49, 0x62, 0x45, 0xAE, 0xA0, 0x1D, 0xC4, 0xB7, 0x39, 0xC5, 0xDE, 0x46, 0x0D, 0x84 },
    // seq 85
    { 0xAD, 0x00, 0x00, 0x16, 0xD5, 0x55, 0x20, 0x00, 0xB2, 0x20, 0x06, 0x9A, 0x76, 0x54, 0x93, 0x46, 0xCE, 0xC4, 0x93, 0xC4, 0x42, 0x3D, 0x6A, 0xB8, 0xDC, 0xE6, 0x49, 0x3B, 0x59, 0x89, 0x73, 0x7E, 0x73, 0x33, 0xD2, 0xA2, 0x8A, 0xE6, 0x48, 0xDD, 0xA5, 0x99, 0x2E, 0x68, 0xC9, 0x5B, 0xD3, 0x2D, 0xA8, 0x4E, 0xD2, 0xE9, 0x43, 0xC8, 0x1A, 0x27, 0x50 },
    // seq 86
    { 0xAD, 0x00, 0x00, 0x63, 0xD5, 0x55, 0x00, 0x00, 0xBE, 0x6F, 0x81, 0xB7, 0x6A, 0x9B, 0x5C, 0x71, 0x29, 0xC2, 0x30, 0xD2, 0x44, 0x52, 0xCF, 0x67, 0x0C, 0xA8, 0xD6, 0x43, 0x3F, 0x49, 0xD5, 0x4F, 0x29, 0x0B, 0x89, 0xD1, 0x9C, 0x71, 0x44, 0x9D, 0x5D, 0xEA, 0xD9, 0x9B, 0x07, 0xAE, 0x54, 0x84, 0x52, 0x3C, 0xD2, 0xED, 0xE6, 0x52, 0xE4, 0x98, 0xF0 },
    // seq 87
    { 0xAD, 0x00, 0x00, 0x8B, 0xD4, 0x55, 0x20, 0x00, 0x33, 0xDE, 0xE5, 0x16, 0x10, 0x4D, 0xB9, 0x35, 0xEE, 0x6F, 0x34, 0x4B, 0xAA, 0xDF, 0x32, 0xD2, 0xAE, 0xD3, 0x1B, 0x97, 0xBD, 0x32, 0xE5, 0x17, 0x7B, 0xCA, 0x2C, 0x35, 0x2E, 0xCD, 0x1D, 0x36, 0x45, 0xA4, 0xF2, 0x52, 0x66, 0x7B, 0x4D, 0xD5, 0x51, 0x11, 0x39, 0x08, 0xA3, 0xCB, 0x95, 0x54, 0xD0 },
    // seq 88
    { 0xAD, 0x00, 0x00, 0x72, 0xD4, 0x56, 0x00, 0x00, 0x74, 0x9E, 0xC7, 0x0F, 0x63, 0x55, 0xB2, 0x6E, 0xAB, 0x80, 0xD0, 0xF3, 0x63, 0x5D, 0x46, 0xEA, 0xA7, 0xA3, 0xA8, 0xCD, 0xB2, 0x10, 0x6F, 0x9A, 0xD2, 0xB1, 0xB6, 0x43, 0x84, 0xDB, 0xBB, 0xB2, 0xA3, 0xA0, 0x12, 0x5C, 0x9D, 0xAA, 0xE3, 0x37, 0xAE, 0xD6, 0x58, 0x93, 0x36, 0x8A, 0x38, 0x6D, 0x8C },
    // seq 89
    { 0xAD, 0x00, 0x00, 0xF7, 0xD5, 0x46, 0x00, 0x00, 0xDB, 0xDC, 0xB3, 0x78, 0xBB, 0xEE, 0xDB, 0x30, 0xED, 0x61, 0xC0, 0x9D, 0xA4, 0x3C, 0xC6, 0x47, 0x49, 0xC8, 0x49, 0xE3, 0x39, 0xB4, 0x7D, 0x89, 0xBD, 0xDC, 0xAA, 0x0D, 0x68, 0xB8, 0x35, 0xDA, 0x5D, 0xEF, 0x3E, 0x5A, 0xA2, 0x6A, 0x24, 0x68, 0x31, 0x56, 0x4E, 0x51, 0xAA, 0x52, 0x95, 0xD7, 0x80 },
    // seq 90
    { 0xAD, 0x00, 0x00, 0x56, 0xD6, 0x54, 0x00, 0x00, 0x39, 0xDB, 0x9B, 0x1A, 0x1A, 0x28, 0xEA, 0xBD, 0x08, 0x3F, 0x73, 0x76, 0x94, 0xD9, 0xE7, 0xC2, 0x29, 0xE6, 0xD9, 0x16, 0xCE, 0x47, 0x15, 0x01, 0x4D, 0xFC, 0x2D, 0xDE, 0x9B, 0x8E, 0x36, 0xE6, 0xC6, 0x26, 0x8A, 0x42, 0x9E, 0x36, 0x0E, 0xDD, 0x5F, 0xB3, 0xF7, 0x09, 0xAA, 0xDA, 0x9D, 0x95, 0xD4 },
    // seq 91
    { 0xAD, 0x00, 0x00, 0xFA, 0xD6, 0x44, 0x10, 0x00, 0x6D, 0xA5, 0x50, 0x4F, 0x04, 0x57, 0x12, 0x4E, 0x1A, 0x84, 0xC5, 0x2D, 0xD9, 0x68, 0x2B, 0x68, 0x6D, 0x69, 0x99, 0x9E, 0x61, 0xC0, 0x57, 0x6B, 0x65, 0xE9, 0xA6, 0x6A, 0x85, 0x59, 0xF6, 0xF1, 0x93, 0x42, 0xA6, 0xC4, 0x7F, 0x9A, 0x1A, 0x36, 0x1F, 0x66, 0x9E, 0xD4, 0x5E, 0x2C, 0xAD, 0xF4, 0x44 },
    // seq 92
    { 0xAD, 0x00, 0x00, 0x58, 0xD5, 0x54, 0x10, 0x00, 0xED, 0xA5, 0x07, 0x74, 0x33, 0xC1, 0x19, 0x0E, 0x72, 0xB1, 0x42, 0x41, 0xD0, 0x25, 0x5F, 0x06, 0x07, 0x17, 0xAA, 0xC3, 0xFF, 0x70, 0x66, 0x2D, 0x7C, 0x15, 0xD8, 0x97, 0x29, 0x7C, 0xF9, 0xCE, 0x1C, 0xD9, 0xD1, 0xA6, 0x11, 0x7B, 0x0D, 0x3F, 0x67, 0x0C, 0x46, 0x48, 0x30, 0x91, 0xE0, 0xD2, 0x64 },
    // seq 93
    { 0xAD, 0x00, 0x00, 0xBC, 0xD5, 0x34, 0x00, 0x00, 0x52, 0xB1, 0x9B, 0x29, 0x74, 0x31, 0x2E, 0xB2, 0xED, 0x47, 0xD8, 0xDE, 0x53, 0xC0, 0xF3, 0x3B, 0x1C, 0x53, 0x0A, 0xD3, 0x01, 0x2B, 0xA0, 0x4D, 0xD4, 0xF8, 0x24, 0xAA, 0xDA, 0x98, 0xFB, 0xAD, 0x6B, 0x70, 0xF3, 0xBB, 0xC0, 0x32, 0x6B, 0xEB, 0x4B, 0xAC, 0x2B, 0xB5, 0xEA, 0xF6, 0x02, 0xC3, 0x4C },
    // seq 94
    { 0xAD, 0x00, 0x00, 0x21, 0xD4, 0x34, 0x00, 0x00, 0x24, 0xCF, 0x2B, 0xC4, 0x76, 0x34, 0xB2, 0xFE, 0xC8, 0xCD, 0xE1, 0x35, 0x2C, 0xC9, 0x53, 0xA4, 0x3D, 0x3B, 0xCF, 0x0E, 0x04, 0x63, 0x3A, 0x6C, 0xDB, 0x0F, 0x4E, 0x09, 0x2C, 0x07, 0x6A, 0xE6, 0xF1, 0xAF, 0x6D, 0x29, 0x1B, 0x46, 0x77, 0x92, 0x29, 0x53, 0x36, 0x04, 0xEA, 0xEF, 0x02, 0xF3, 0xBC },
    // seq 95
    { 0xAD, 0x00, 0x00, 0x71, 0xD4, 0x54, 0x00, 0x00, 0xC9, 0xE4, 0x83, 0xDF, 0x9C, 0xA0, 0xC3, 0x90, 0xD6, 0xBC, 0x6F, 0x0D, 0x6C, 0x2E, 0xF7, 0x8C, 0xD9, 0xD2, 0x68, 0x6A, 0x88, 0x77, 0xE3, 0x4A, 0xB6, 0x54, 0xD3, 0xD1, 0x7C, 0x2B, 0xAD, 0x99, 0x07, 0x63, 0x97, 0xB1, 0x1B, 0xB1, 0xCF, 0x37, 0x6F, 0x6D, 0x12, 0x74, 0x0A, 0x97, 0x22, 0xC7, 0x4C },
    // seq 96
    { 0xAD, 0x00, 0x00, 0x32, 0xC3, 0x43, 0x00, 0x00, 0xB8, 0x2D, 0x80, 0x79, 0x64, 0xDC, 0x5D, 0xE5, 0x5A, 0xDE, 0xBE, 0xDE, 0x36, 0x75, 0x13, 0x76, 0x12, 0xA2, 0x23, 0x73, 0xF5, 0x99, 0x5D, 0x42, 0xC2, 0x68, 0x71, 0x14, 0x3A, 0x23, 0xCD, 0x5A, 0x49, 0xFD, 0x28, 0x66, 0x7C, 0xBE, 0x26, 0x93, 0x31, 0x81, 0xE0, 0xF4, 0x1E, 0x77, 0x6B, 0x67, 0x20 },
    // seq 97
    { 0xAD, 0x00, 0x00, 0x66, 0xA3, 0x44, 0x00, 0x00, 0x3F, 0x1B, 0x04, 0x11, 0x99, 0x3F, 0x06, 0x4A, 0x4A, 0xBA, 0x0A, 0x74, 0x10, 0x91, 0x77, 0x03, 0x65, 0x1A, 0x5C, 0xB9, 0x5C, 0xF1, 0xD6, 0x57, 0x9C, 0x8C, 0x90, 0x4C, 0xDC, 0x60, 0x67, 0x1E, 0xD6, 0xEA, 0xD1, 0xC1, 0x72, 0x8C, 0x50, 0x54, 0x1C, 0xA4, 0xD8, 0xA8, 0x84, 0x78, 0x61, 0x57, 0xD0 },
    // seq 98
    { 0xAD, 0x00, 0x00, 0x4F, 0x95, 0x85, 0x00, 0x00, 0xCF, 0xBD, 0xFB, 0x39, 0x8D, 0x7A, 0xFC, 0x5B, 0x9F, 0xC5, 0xFF, 0x17, 0xED, 0x34, 0x39, 0xF4, 0x04, 0x4A, 0x7F, 0x23, 0x6B, 0xDF, 0xBA, 0x10, 0xC8, 0x8F, 0xCD, 0x39, 0xEB, 0xBB, 0x51, 0x7D, 0x0D, 0x44, 0x21, 0xC2, 0x4B, 0xA8, 0x26, 0x40, 0x36, 0xD7, 0x81, 0x08, 0x76, 0xD1, 0xC5, 0xCE, 0x14 },
    // seq 99
    { 0xAD, 0x00, 0x00, 0x1D, 0x96, 0x98, 0x20, 0x00, 0x75, 0x78, 0x5F, 0x74, 0x5E, 0x97, 0x8E, 0xD5, 0x6A, 0x23, 0x45, 0x5D, 0x75, 0x8D, 0x77, 0xDE, 0x52, 0x56, 0xFA, 0x92, 0xD2, 0x6D, 0x18, 0xDB, 0x90, 0xBE, 0x6A, 0xD8, 0x10, 0x67, 0x95, 0x88, 0xDA, 0xAF, 0x8E, 0x26, 0x93, 0xE7, 0x65, 0x91, 0x4A, 0xA8, 0x61, 0xC1, 0xB4, 0xE6, 0xAA, 0x13, 0xA8 },
    // seq 100
    { 0xAD, 0x00, 0x00, 0x78, 0x77, 0xA9, 0x30, 0x00, 0x30, 0xF2, 0xCF, 0x8E, 0x33, 0xFA, 0x54, 0x90, 0xF9, 0x94, 0xC0, 0xBF, 0x89, 0x2D, 0x6A, 0xE1, 0x54, 0x6D, 0x76, 0x18, 0xD9, 0x4A, 0xE7, 0x16, 0x90, 0x24, 0xD2, 0x8E, 0x65, 0x33, 0x87, 0x6A, 0x0C, 0x20, 0xB9, 0x65, 0xBA, 0xBA, 0xDE, 0x66, 0x49, 0xC4, 0x4C, 0x64, 0x38, 0x55, 0x55, 0x8E, 0x60 },
    // seq 101
    { 0xAD, 0x00, 0x00, 0xA7, 0x86, 0xAA, 0x30, 0x00, 0x5B, 0x86, 0x62, 0x5C, 0xE0, 0xC6, 0xA6, 0xD3, 0xA6, 0x7A, 0x14, 0xBA, 0x6A, 0x8E, 0x13, 0x15, 0x60, 0xDA, 0x2B, 0x99, 0x5D, 0x85, 0x73, 0x04, 0xE6, 0x74, 0xE4, 0xC8, 0x6A, 0x2B, 0xBD, 0xC2, 0xC7, 0xE6, 0xA7, 0x61, 0x32, 0x20, 0x45, 0x42, 0x95, 0xA3, 0x56, 0x39, 0xD8, 0x96, 0x86, 0x85, 0xB4 },
    // seq 102
    { 0xAD, 0x00, 0x00, 0x84, 0x78, 0xBA, 0x30, 0x00, 0x89, 0xC7, 0x9E, 0x59, 0x3A, 0x39, 0x93, 0x14, 0x61, 0x81, 0x97, 0xE2, 0x6C, 0x95, 0x99, 0xEC, 0x2E, 0x65, 0x34, 0x96, 0x20, 0x82, 0xA6, 0x49, 0xA4, 0x7E, 0x7E, 0xC5, 0x14, 0xA6, 0x96, 0x19, 0x27, 0xAE, 0x93, 0x09, 0x0B, 0x1C, 0x0E, 0x36, 0xA7, 0xF2, 0x85, 0xA1, 0xB4, 0xE1, 0xA3, 0xC6, 0xB8 },
    // seq 103
    { 0xAD, 0x00, 0x00, 0x5A, 0x88, 0xBB, 0x50, 0x00, 0x61, 0xCC, 0xB8, 0xE7, 0xA3, 0xB0, 0x2A, 0xAE, 0xAB, 0x07, 0x5A, 0x58, 0xF9, 0xCE, 0xB6, 0xDC, 0x76, 0xA0, 0x87, 0x2A, 0x9F, 0x9C, 0x6D, 0xC6, 0x23, 0x6C, 0x71, 0x0E, 0x9D, 0x19, 0x54, 0xB9, 0x57, 0x57, 0x51, 0x51, 0x66, 0x4B, 0x3C, 0x2A, 0x29, 0x51, 0x4C, 0x9B, 0xE8, 0x51, 0xE2, 0xFD, 0xF4 },
    // seq 104
    { 0xAD, 0x00, 0x00, 0xA5, 0x87, 0xAA, 0x50, 0x00, 0x44, 0xED, 0x99, 0x22, 0x9A, 0x86, 0xB9, 0xA9, 0x35, 0xEA, 0xE2, 0xC5, 0x7C, 0xC5, 0x99, 0x1F, 0x6F, 0xE2, 0x35, 0x48, 0x11, 0x61, 0x09, 0x9C, 0xAB, 0x48, 0x8D, 0x11, 0x3A, 0x27, 0xBA, 0x12, 0x09, 0x6C, 0xDB, 0xCA, 0x53, 0x57, 0x1B, 0x97, 0x0F, 0xB7, 0x20, 0x3A, 0xB2, 0x47, 0x4C, 0xCB, 0x70 },
    // seq 105
    { 0xAD, 0x00, 0x00, 0x15, 0xB8, 0xA8, 0x40, 0x00, 0x7C, 0xB9, 0xE3, 0x1F, 0x2D, 0x25, 0xB7, 0xAC, 0x91, 0xE9, 0xEB, 0xA5, 0x9B, 0x7A, 0xF8, 0x1D, 0x1F, 0x41, 0xE8, 0xD8, 0x35, 0x8E, 0xDA, 0x25, 0xE5, 0x45, 0x81, 0x26, 0x0F, 0x5C, 0xCD, 0x8C, 0xC6, 0x53, 0x85, 0x91, 0x6C, 0xB6, 0x63, 0x73, 0x37, 0x5A, 0xED, 0x38, 0x4A, 0x3E, 0x92, 0x79, 0x0C },
    // seq 106
    { 0xAD, 0x00, 0x00, 0x90, 0xD6, 0x97, 0x40, 0x00, 0x8D, 0xBF, 0x70, 0xDA, 0xE7, 0x67, 0x25, 0x31, 0x92, 0x29, 0x7F, 0x04, 0x19, 0x94, 0xDA, 0x70, 0x70, 0xF1, 0xD6, 0x2B, 0x01, 0xDA, 0xCD, 0xB7, 0x35, 0xE4, 0x3B, 0x56, 0x0D, 0x0F, 0x2B, 0x98, 0x37, 0x44, 0xE9, 0x0A, 0xE7, 0x97, 0xCA, 0xD5, 0xE5, 0xEA, 0xAA, 0x12, 0x8B, 0xA5, 0xBB, 0x99, 0x6C },
    // seq 107
    { 0xAD, 0x00, 0x00, 0x1D, 0xD7, 0x96, 0x20, 0x00, 0x32, 0xC9, 0xDC, 0x8F, 0xCA, 0xA0, 0x27, 0xC4, 0x71, 0x1B, 0x00, 0xF7, 0x32, 0xD7, 0xC1, 0x89, 0x68, 0x8C, 0xA9, 0xA5, 0x5B, 0xDC, 0x98, 0xBE, 0xC6, 0x9E, 0x38, 0x9E, 0x72, 0x9E, 0x2C, 0xC1, 0x5C, 0x4B, 0xD8, 0xC7, 0x83, 0x16, 0x91, 0xA5, 0x2F, 0x1C, 0x54, 0xB0, 0x60, 0x52, 0xEA, 0xD8, 0x70 },
    // seq 108
    { 0xAD, 0x00, 0x00, 0x05, 0xD7, 0x86, 0x20, 0x00, 0x38, 0x2A, 0x62, 0x1C, 0x4B, 0xE3, 0x4C, 0x1A, 0xA6, 0x73, 0x9C, 0xE3, 0x90, 0xB2, 0xBE, 0x8B, 0x16, 0xAC, 0xB4, 0x82, 0xD3, 0x91, 0x90, 0xBA, 0x45, 0xDC, 0x62, 0x42, 0x4D, 0x6F, 0x6A, 0xC1, 0x6F, 0x04, 0x1D, 0x7B, 0x01, 0x17, 0x9E, 0x63, 0xB5, 0xD6, 0x4D, 0x73, 0x8A, 0x53, 0x02, 0xDD, 0x44 },
    // seq 109
    { 0xAD, 0x00, 0x00, 0x8D, 0xD7, 0x76, 0x20, 0x00, 0x49, 0xC6, 0xB2, 0x66, 0x0D, 0x84, 0x1E, 0x5B, 0x57, 0x17, 0x71, 0x28, 0xAD, 0x83, 0x25, 0x6F, 0x4F, 0x13, 0x5B, 0x92, 0xF3, 0xE1, 0x44, 0xD1, 0x25, 0x9D, 0x75, 0xBE, 0xD5, 0x77, 0xB2, 0xB4, 0x1F, 0x52, 0xCA, 0xE6, 0x7D, 0x59, 0x35, 0x47, 0x22, 0xAB, 0x0E, 0x73, 0x85, 0x83, 0xE1, 0x9A, 0xB4 },
    // seq 110
    { 0xAD, 0x00, 0x00, 0xC0, 0xD7, 0x75, 0x10, 0x00, 0x50, 0x2B, 0x6C, 0xAA, 0x38, 0x8A, 0x6F, 0x29, 0xEA, 0x5B, 0x1E, 0x8F, 0x16, 0x6B, 0xE2, 0xD6, 0x50, 0xFA, 0x26, 0xD4, 0xA6, 0x91, 0x65, 0x04, 0x5B, 0x91, 0x67, 0x14, 0x87, 0x73, 0x79, 0x71, 0x9F, 0x25, 0x36, 0xC6, 0x81, 0x90, 0x19, 0x50, 0x0C, 0xA6, 0x52, 0x4B, 0xD9, 0x54, 0xDA, 0x2B, 0x64 },
    // seq 111
    { 0xAD, 0x00, 0x00, 0x05, 0xD7, 0x86, 0x20, 0x00, 0x43, 0xE2, 0x4A, 0x60, 0x4B, 0xC5, 0xDD, 0xF4, 0x15, 0x57, 0x78, 0xB4, 0x99, 0x85, 0x46, 0x68, 0x52, 0x84, 0x9A, 0x05, 0x0C, 0xDB, 0x81, 0x30, 0xD8, 0x91, 0x48, 0xF3, 0x38, 0x65, 0x31, 0x56, 0x1E, 0x7C, 0x08, 0xBB, 0x2E, 0xDA, 0x12, 0x74, 0xCA, 0xE7, 0x93, 0xE9, 0x71, 0xD5, 0xAC, 0x1B, 0x64 },
    // seq 112
    { 0xAD, 0x00, 0x00, 0x48, 0xD7, 0x85, 0x10, 0x00, 0x4C, 0x32, 0xA9, 0x52, 0xFA, 0x8C, 0xD9, 0xBB, 0x85, 0x67, 0xA3, 0x17, 0x6D, 0xC7, 0xBF, 0x17, 0x5B, 0xD1, 0x8D, 0x85, 0x1B, 0xD8, 0x61, 0x7C, 0xD8, 0x98, 0x4A, 0xBE, 0xC7, 0x12, 0x17, 0x82, 0x09, 0xA3, 0x49, 0x87, 0x9D, 0x17, 0xA9, 0xC9, 0x3A, 0xC6, 0x5C, 0xF0, 0x86, 0x55, 0x2B, 0x9A, 0x44 },
    // seq 113
    { 0xAD, 0x00, 0x00, 0x5D, 0xD6, 0x75, 0x10, 0x00, 0x5D, 0x1B, 0x06, 0x53, 0x1A, 0x65, 0x14, 0x73, 0x98, 0xB6, 0x42, 0x90, 0x6E, 0xDD, 0xA0, 0x55, 0xB3, 0x67, 0x59, 0x18, 0x09, 0xD3, 0x81, 0x57, 0x7B, 0x10, 0x5A, 0xDC, 0x99, 0x14, 0xBA, 0xCE, 0x14, 0x5E, 0x38, 0xD9, 0xF1, 0x6D, 0x8A, 0xD1, 0x5E, 0x66, 0xB6, 0xD8, 0x2E, 0x19, 0x35, 0xD4, 0x84 },
    // seq 114
    { 0xAD, 0x00, 0x00, 0xC4, 0xD5, 0x64, 0x00, 0x00, 0x5B, 0xE5, 0x6B, 0x16, 0x35, 0x98, 0xC5, 0x6A, 0xEE, 0x29, 0x23, 0x66, 0x36, 0x6A, 0x55, 0x8C, 0xEE, 0x36, 0xAC, 0xED, 0xD2, 0x2A, 0x2E, 0xAE, 0x44, 0x50, 0x69, 0x6B, 0x53, 0x95, 0x55, 0x3D, 0x95, 0x56, 0xEE, 0xA9, 0x2F, 0x33, 0x6F, 0x5C, 0x7A, 0xCB, 0x27, 0x36, 0x29, 0x8D, 0x12, 0x4F, 0xB0 },
    // seq 115
    { 0xAD, 0x00, 0x00, 0x63, 0xD5, 0x55, 0x00, 0x00, 0xBF, 0xD0, 0xCB, 0xA1, 0x23, 0xDA, 0xE6, 0x1D, 0x04, 0xC5, 0x6B, 0x36, 0x2C, 0x55, 0x15, 0xA3, 0x55, 0x81, 0xD4, 0xF7, 0x71, 0xB4, 0x52, 0xA5, 0xAD, 0x50, 0xC0, 0x73, 0x7B, 0x6A, 0x9B, 0x68, 0xF8, 0x25, 0x06, 0xBD, 0xA6, 0xB9, 0x90, 0x5E, 0x11, 0x83, 0x16, 0x1B, 0x16, 0xA6, 0x0B, 0x25, 0xE0 },
    // seq 116
    { 0xAD, 0x00, 0x00, 0xF8, 0xC4, 0x44, 0x10, 0x00, 0x72, 0x49, 0x1D, 0xAA, 0xB2, 0x45, 0x6C, 0xD1, 0xD3, 0x2B, 0x2B, 0xDD, 0xD2, 0xAA, 0xD6, 0xED, 0x61, 0x69, 0xF4, 0x96, 0x37, 0x37, 0x61, 0x10, 0x91, 0x18, 0x36, 0x3D, 0x97, 0x11, 0x7D, 0x5E, 0x06, 0xF6, 0x37, 0x82, 0x8D, 0x15, 0x31, 0xC7, 0xE2, 0xA7, 0x72, 0xEA, 0x5D, 0x2B, 0x2D, 0x8B, 0xB8 },
    // seq 117
    { 0xAD, 0x00, 0x00, 0xDE, 0xC4, 0x53, 0x00, 0x00, 0x86, 0xB3, 0x1D, 0x15, 0xBC, 0xEE, 0x73, 0x7B, 0x4B, 0x0C, 0xD3, 0x72, 0x65, 0x50, 0xA9, 0xAF, 0x5F, 0xB2, 0x33, 0x7A, 0xE9, 0xBC, 0x4B, 0x2D, 0xB6, 0xD9, 0xC7, 0xF5, 0xCD, 0x29, 0x36, 0x33, 0x67, 0x1B, 0x63, 0xA1, 0x1A, 0x6F, 0x2B, 0x33, 0x4E, 0x46, 0x50, 0x13, 0xCD, 0x76, 0x70, 0xEA, 0xC8 },
    // seq 118
    { 0xAD, 0x00, 0x00, 0xF5, 0xC3, 0x32, 0x00, 0x00, 0x9A, 0x8E, 0x7E, 0xB0, 0xA4, 0x9E, 0xFC, 0xAE, 0x94, 0xB6, 0xC2, 0x89, 0x6E, 0x82, 0xCA, 0x82, 0x15, 0xC9, 0xCF, 0x24, 0x15, 0x86, 0x45, 0x2A, 0x0E, 0xF3, 0x6D, 0x79, 0xAA, 0x25, 0xDB, 0x17, 0x1A, 0xF4, 0xB6, 0x32, 0xB5, 0xB6, 0x30, 0x97, 0x1E, 0x9C, 0x9D, 0xEB, 0x5F, 0x25, 0xE7, 0x98, 0x34 },
    // seq 119
    { 0xAD, 0x00, 0x00, 0x16, 0xB3, 0x22, 0x00, 0x00, 0x2F, 0x4F, 0xA4, 0x93, 0x36, 0x08, 0x58, 0x08, 0xD3, 0x5A, 0xA5, 0x42, 0x17, 0xB5, 0x4C, 0xB3, 0x29, 0x9B, 0xE4, 0xD8, 0x9A, 0xE6, 0x3D, 0xB7, 0x26, 0x2E, 0x5F, 0xCF, 0x74, 0x18, 0xDA, 0xDC, 0xF7, 0x22, 0xC8, 0x32, 0x0F, 0xAF, 0x6B, 0x8E, 0x4F, 0x66, 0x23, 0xDB, 0x90, 0xB8, 0x9E, 0xD7, 0xBC },
    // seq 120
    { 0xAD, 0x00, 0x00, 0x34, 0x71, 0x11, 0x00, 0x00, 0xBA, 0x71, 0x6D, 0x5D, 0x34, 0xD0, 0xF4, 0x00, 0x75, 0x18, 0xBD, 0xA9, 0xEB, 0x3E, 0x57, 0x86, 0x54, 0xDB, 0xD9, 0x06, 0x69, 0x59, 0x22, 0x0B, 0x52, 0x32, 0x9F, 0xA0, 0x7B, 0xEB, 0x30, 0xDE, 0xDB, 0x05, 0xD8, 0xC6, 0x93, 0x7E, 0x09, 0x8B, 0x60, 0x32, 0xDD, 0xB5, 0x95, 0x46, 0x89, 0x76, 0x34 },
    // seq 121
    { 0xAD, 0x00, 0x00, 0x8A, 0x63, 0x32, 0x00, 0x00, 0x36, 0x3E, 0xD4, 0x4D, 0x0F, 0xC9, 0x59, 0x43, 0x11, 0x2F, 0xDF, 0x6C, 0x95, 0x9E, 0xAF, 0x1A, 0x4C, 0x8D, 0x44, 0x35, 0x4C, 0x53, 0x66, 0x51, 0x1B, 0x59, 0x72, 0x22, 0xBB, 0x12, 0x2C, 0xB4, 0x88, 0x9B, 0x90, 0x63, 0x7E, 0x8E, 0x6C, 0xAB, 0x1A, 0x51, 0xD2, 0x0B, 0xD4, 0xB2, 0x7D, 0xD2, 0xAC },
    // seq 122
    { 0xAD, 0x00, 0x00, 0x22, 0xA8, 0x86, 0x30, 0x00, 0x7A, 0x7D, 0xF7, 0x5D, 0xDF, 0x7D, 0xD7, 0x47, 0x1D, 0x65, 0xDA, 0x26, 0xA9, 0x8A, 0x76, 0x38, 0x68, 0x1F, 0x61, 0x5A, 0xA9, 0x5B, 0x56, 0x58, 0xCA, 0xDD, 0x83, 0x82, 0x59, 0x4E, 0xE1, 0x1D, 0x51, 0x57, 0xA2, 0xB5, 0x62, 0x39, 0x05, 0x8F, 0x86, 0x6B, 0x23, 0x21, 0x68, 0x06, 0xD8, 0xD8, 0xB0 },
    // seq 123
    { 0xAD, 0x00, 0x00, 0x6F, 0xB7, 0x86, 0x30, 0x00, 0x77, 0x5D, 0xF4, 0x23, 0xDC, 0xE4, 0x9A, 0xC6, 0xB1, 0x66, 0xFD, 0x8D, 0x22, 0xCE, 0x8C, 0x33, 0xB3, 0x2A, 0xF5, 0x2B, 0x16, 0x32, 0xC9, 0xD6, 0x0D, 0x19, 0x39, 0xA4, 0xAD, 0x45, 0xDE, 0xDC, 0x91, 0x36, 0xBB, 0x54, 0xC2, 0x0E, 0x25, 0x52, 0x84, 0x74, 0x59, 0x2E, 0xC3, 0x55, 0x64, 0x47, 0x94 },
    // seq 124
    { 0xAD, 0x00, 0x00, 0xB6, 0xD7, 0x77, 0x30, 0x00, 0x6D, 0x5A, 0x69, 0x5C, 0x23, 0x6C, 0x58, 0x14, 0x68, 0xD6, 0x72, 0xA8, 0x4D, 0xB3, 0x51, 0x0D, 0x6C, 0xAE, 0x7B, 0x59, 0x8D, 0xA8, 0xF5, 0xB4, 0xB8, 0xB9, 0x4E, 0x3C, 0x77, 0x55, 0xAE, 0xAA, 0xD8, 0xAC, 0x16, 0x97, 0x12, 0xF8, 0xB8, 0xD7, 0x42, 0x32, 0x2A, 0x6F, 0x6C, 0x05, 0x0A, 0xE5, 0x10 },
    // seq 125
    { 0xAD, 0x00, 0x00, 0x69, 0xE5, 0x66, 0x30, 0x00, 0x43, 0x3A, 0x68, 0x10, 0xB7, 0x0C, 0x96, 0x9D, 0x13, 0x66, 0x82, 0x85, 0xDA, 0xC1, 0x6E, 0x4D, 0xAD, 0x5A, 0x72, 0xA8, 0x70, 0xA5, 0x09, 0x62, 0x37, 0xA5, 0x41, 0xE6, 0x10, 0x52, 0xEE, 0xA3, 0x57, 0x59, 0x76, 0xC6, 0xA8, 0x57, 0x30, 0xC3, 0xED, 0x6A, 0x2B, 0x17, 0x86, 0x07, 0x8C, 0xE7, 0x40 },
    // seq 126
    { 0xAD, 0x00, 0x00, 0x90, 0xE5, 0x65, 0x10, 0x00, 0x53, 0x86, 0xF4, 0x12, 0xF4, 0x3A, 0x15, 0xC7, 0xB4, 0x8A, 0x05, 0xAE, 0x5A, 0xAC, 0x2A, 0xF7, 0xAF, 0x7C, 0x30, 0xDA, 0x3C, 0xCE, 0xD5, 0xCE, 0x1C, 0x61, 0x53, 0xB3, 0x14, 0x53, 0x11, 0x41, 0x55, 0x9D, 0xD6, 0x96, 0x0B, 0xEA, 0x1A, 0xB5, 0x12, 0xA9, 0xB0, 0xFE, 0x36, 0x59, 0xEF, 0x15, 0x14 },
    // seq 127
    { 0xAD, 0x00, 0x00, 0x2A, 0xE6, 0x65, 0x10, 0x00, 0x6B, 0x1F, 0x2A, 0x14, 0x18, 0xBD, 0xC4, 0xBC, 0xF0, 0x85, 0x71, 0x69, 0x92, 0x88, 0x64, 0xAB, 0xAD, 0xF7, 0xB9, 0x1C, 0x02, 0x70, 0x56, 0x61, 0x74, 0x2C, 0x68, 0x62, 0xC4, 0x14, 0x79, 0x3A, 0x44, 0xFD, 0xAC, 0x51, 0x84, 0x53, 0xE5, 0x8A, 0x19, 0x35, 0x6C, 0xD6, 0x46, 0x1B, 0x86, 0x50, 0x84 },
    // seq 128
    { 0xAD, 0x00, 0x00, 0x58, 0xD5, 0x54, 0x10, 0x00, 0xA7, 0x57, 0x7D, 0x54, 0xD9, 0x9C, 0x52, 0xCE, 0x8F, 0xB4, 0x97, 0x52, 0x05, 0x43, 0x48, 0xFB, 0x65, 0x24, 0x59, 0x5E, 0x91, 0x14, 0x97, 0xCC, 0xB4, 0x21, 0xA6, 0xCD, 0x4A, 0x54, 0x9B, 0x1E, 0x22, 0xC2, 0x15, 0x58, 0x99, 0x72, 0x9E, 0x47, 0x55, 0xB5, 0xA6, 0x94, 0xC5, 0x5E, 0xAC, 0xF3, 0x74 },
    // seq 129
    { 0xAD, 0x00, 0x00, 0x58, 0xD5, 0x54, 0x10, 0x00, 0xEB, 0x6B, 0x09, 0x26, 0x53, 0xC0, 0x44, 0xA6, 0x8C, 0xB0, 0xB7, 0xA4, 0xE0, 0x2B, 0x8E, 0x57, 0x53, 0x84, 0xD1, 0xDA, 0x69, 0x90, 0x47, 0xCC, 0x64, 0x35, 0xE2, 0xA6, 0xE3, 0x62, 0x14, 0xD1, 0x94, 0x42, 0xC9, 0xA4, 0xD4, 0x8D, 0x21, 0x32, 0x88, 0x63, 0x53, 0x95, 0x25, 0xDA, 0x71, 0xF2, 0x74 },
    // seq 130
    { 0xAD, 0x00, 0x00, 0x6D, 0xD6, 0x55, 0x10, 0x00, 0xF5, 0x5F, 0x8A, 0xB7, 0x68, 0x61, 0xE8, 0x29, 0xF5, 0x95, 0x2B, 0x8A, 0x89, 0x40, 0x9D, 0x47, 0x0C, 0xE5, 0x6D, 0xD4, 0x9F, 0x03, 0xA6, 0xA8, 0x75, 0x5A, 0xF8, 0xE9, 0x89, 0xB5, 0x46, 0x90, 0xD7, 0x7A, 0x38, 0xB5, 0x41, 0x79, 0xC9, 0x4B, 0x1F, 0x6A, 0x4C, 0x15, 0x1D, 0x93, 0xF6, 0x91, 0xA8 },
    // seq 131
    { 0xAD, 0x00, 0x00, 0xB8, 0xE5, 0x55, 0x10, 0x00, 0x94, 0xCC, 0x74, 0xAF, 0x2C, 0xD9, 0xDA, 0x54, 0xA2, 0x65, 0xE2, 0x4B, 0x54, 0x6D, 0xCD, 0x09, 0x1B, 0x74, 0xF2, 0x05, 0x7A, 0x14, 0x75, 0x62, 0x5D, 0x5D, 0x92, 0xA8, 0x59, 0x70, 0x0D, 0x98, 0xDA, 0x52, 0x95, 0xC5, 0xD9, 0xBF, 0x0D, 0x74, 0x53, 0x2B, 0x5D, 0xFA, 0xF1, 0x15, 0x89, 0xA6, 0x74 },
    // seq 132
    { 0xAD, 0x00, 0x00, 0xD8, 0xD7, 0x65, 0x10, 0x00, 0x1C, 0x99, 0x17, 0x65, 0x49, 0xDA, 0x5F, 0xCD, 0xA8, 0x37, 0x28, 0x86, 0x25, 0x72, 0x1C, 0x64, 0x1E, 0x48, 0xCE, 0x88, 0x3D, 0x90, 0x74, 0xE0, 0x9A, 0x95, 0x0D, 0xCC, 0xC5, 0x5D, 0x3C, 0x2B, 0x1E, 0xBC, 0xFD, 0xAB, 0x4D, 0x88, 0x8A, 0x82, 0x9B, 0xBA, 0x5F, 0x98, 0xB8, 0x18, 0xED, 0xC9, 0x90 },
    // seq 133
    { 0xAD, 0x00, 0x00, 0x54, 0xD7, 0x66, 0x10, 0x00, 0x4B, 0xBF, 0x10, 0x04, 0x92, 0x73, 0xC5, 0x4C, 0x20, 0xB3, 0x38, 0xD3, 0x40, 0xDA, 0x47, 0x18, 0x64, 0xB0, 0x2B, 0x27, 0xAB, 0x9D, 0x2A, 0x45, 0x1C, 0xA6, 0x68, 0x30, 0xD0, 0x87, 0xD6, 0x9C, 0x53, 0x09, 0x60, 0xD2, 0x85, 0x6B, 0x34, 0xDD, 0x31, 0x4D, 0x2B, 0x90, 0x9C, 0xC8, 0x43, 0x71, 0x20 },
    // seq 134
    { 0xAD, 0x00, 0x00, 0xD8, 0xD7, 0x65, 0x10, 0x00, 0x90, 0x24, 0x59, 0x5F, 0xF6, 0x51, 0x53, 0xB2, 0x30, 0x58, 0x8C, 0x7B, 0x6A, 0x68, 0xA2, 0xD7, 0xB2, 0x76, 0x26, 0x6C, 0xCE, 0x13, 0x3A, 0x53, 0x79, 0x91, 0x84, 0x5D, 0x07, 0x22, 0xD8, 0xD6, 0x06, 0x11, 0x45, 0x94, 0xC2, 0xC4, 0x65, 0x3C, 0x02, 0xF6, 0xA2, 0xED, 0xA9, 0x9C, 0xE4, 0xF7, 0x54 },
    // seq 135
    { 0xAD, 0x00, 0x00, 0x3F, 0xD8, 0x64, 0x10, 0x00, 0xB6, 0xBE, 0xE9, 0x63, 0x6F, 0x5A, 0xC8, 0xCC, 0x2E, 0x46, 0x0A, 0xEA, 0x94, 0x4E, 0x37, 0x67, 0x4C, 0x75, 0xBE, 0x14, 0xA9, 0xAA, 0x86, 0x8B, 0x7E, 0xF6, 0xD2, 0xAF, 0x32, 0xAA, 0xB1, 0x41, 0x98, 0xBB, 0xAE, 0x36, 0x31, 0x1A, 0xAD, 0x72, 0x3D, 0x99, 0x4F, 0x8E, 0xB0, 0x93, 0x3C, 0xE8, 0x74 },
    // seq 136
    { 0xAD, 0x00, 0x00, 0x1C, 0xD8, 0x75, 0x00, 0x00, 0x5C, 0x50, 0x45, 0x6C, 0x7B, 0x92, 0xCC, 0xD1, 0x9C, 0x1E, 0x91, 0x8E, 0xD7, 0x92, 0xDF, 0x29, 0x64, 0x68, 0x74, 0x66, 0x9A, 0x0C, 0x58, 0xE4, 0x76, 0x98, 0x3C, 0xE7, 0x4D, 0xD7, 0xB3, 0xAC, 0x3A, 0xFF, 0x13, 0xB3, 0x3A, 0x5D, 0x75, 0xA3, 0x62, 0xA9, 0xE4, 0x18, 0x47, 0x88, 0xBE, 0x0E, 0x54 },
    // seq 137
    { 0xAD, 0x00, 0x00, 0xA8, 0xD8, 0x75, 0x10, 0x00, 0x5F, 0xBE, 0xF5, 0x4D, 0xCF, 0x23, 0x14, 0x54, 0xF5, 0x69, 0x8E, 0x7C, 0x6E, 0xAF, 0x6A, 0x31, 0xB5, 0x28, 0xC6, 0x6A, 0x4C, 0x7B, 0x76, 0x33, 0x12, 0x50, 0x85, 0xBA, 0x69, 0x57, 0xD0, 0xEA, 0x53, 0xAB, 0x10, 0x35, 0x1D, 0x52, 0x24, 0x5E, 0x25, 0x64, 0x25, 0x97, 0x5E, 0x0D, 0x52, 0xC3, 0x74 },
    // seq 138
    { 0xAD, 0x00, 0x00, 0xC0, 0xD7, 0x75, 0x10, 0x00, 0xB8, 0x60, 0xAB, 0xA5, 0xB9, 0x6A, 0x68, 0xB5, 0x72, 0x39, 0x9D, 0x89, 0x56, 0x3F, 0xD5, 0x09, 0x50, 0x7B, 0x55, 0x15, 0x9D, 0x69, 0x91, 0xF5, 0x52, 0xD4, 0xC6, 0xEF, 0xB4, 0x32, 0xA3, 0x4E, 0x4A, 0x16, 0x87, 0xC6, 0x3E, 0x73, 0x59, 0x75, 0x9F, 0x45, 0x93, 0xC8, 0xC9, 0xD3, 0xBD, 0x4B, 0x74 },
    // seq 139
    { 0xAD, 0x00, 0x00, 0x27, 0xD8, 0x74, 0x10, 0x00, 0x4E, 0x51, 0x14, 0x59, 0x68, 0xD7, 0x5A, 0x1E, 0x29, 0x37, 0x64, 0xA9, 0xA1, 0xB8, 0xC9, 0x33, 0x25, 0x30, 0xC5, 0x88, 0x0B, 0x8B, 0xA1, 0x93, 0x1C, 0x2D, 0x46, 0xBB, 0x06, 0x4F, 0x8E, 0xB1, 0x95, 0x54, 0x8F, 0x75, 0xC6, 0x82, 0xCD, 0xB5, 0x5C, 0x7E, 0xB7, 0x29, 0xD3, 0x6B, 0x6C, 0xB2, 0x28 },
    // seq 140
    { 0xAD, 0x00, 0x00, 0xD2, 0xD6, 0x74, 0x10, 0x00, 0x8B, 0x14, 0xC2, 0x9C, 0x66, 0xB9, 0x15, 0xEA, 0x30, 0x85, 0x14, 0x4B, 0x98, 0x3F, 0xA8, 0xE8, 0x15, 0x76, 0xBA, 0x07, 0x94, 0x2B, 0x42, 0xF5, 0xAD, 0xE4, 0xDB, 0x49, 0x79, 0x6F, 0xEB, 0x27, 0x19, 0x31, 0x8B, 0x55, 0xC3, 0x8C, 0x59, 0x57, 0xD9, 0x37, 0x50, 0x36, 0x39, 0x93, 0xC6, 0x4C, 0x74 },
    // seq 141
    { 0xAD, 0x00, 0x00, 0x7E, 0xD6, 0x64, 0x00, 0x00, 0x51, 0x5A, 0x99, 0x9E, 0x59, 0x3C, 0xBB, 0x31, 0xDA, 0x5F, 0x43, 0x88, 0x77, 0xC1, 0x1D, 0x75, 0xA6, 0x69, 0x64, 0x57, 0x35, 0xB6, 0x65, 0x6D, 0x9A, 0x09, 0x4D, 0x5E, 0x71, 0x52, 0x86, 0xE1, 0x65, 0xC2, 0xB9, 0x99, 0xDD, 0x59, 0xC6, 0x95, 0xB0, 0x35, 0xED, 0x04, 0xDA, 0x8B, 0xF2, 0x3C, 0x20 },
    // seq 142
    { 0xAD, 0x00, 0x00, 0xFB, 0xD4, 0x53, 0x00, 0x00, 0xAD, 0xEC, 0x2D, 0xA2, 0x6A, 0xA4, 0x76, 0x92, 0xD5, 0x95, 0x64, 0x4D, 0x35, 0x51, 0xC9, 0x2A, 0x95, 0x14, 0x2E, 0x36, 0x3A, 0xDB, 0x99, 0xEA, 0x92, 0x58, 0x99, 0xA3, 0xA9, 0xAE, 0x74, 0xD3, 0x9C, 0x4A, 0x4D, 0x5A, 0xB3, 0x3E, 0x5A, 0x81, 0x90, 0x31, 0xD7, 0x36, 0xD3, 0xB4, 0x7C, 0x92, 0x08 },
    // seq 143
    { 0xAD, 0x00, 0x00, 0xE3, 0xD4, 0x43, 0x00, 0x00, 0x44, 0x76, 0xB9, 0xD4, 0x8C, 0x7D, 0x96, 0xAC, 0xBB, 0x46, 0x31, 0xC2, 0x3D, 0xB2, 0x17, 0x15, 0xB2, 0x8C, 0x4E, 0xDC, 0x0D, 0xBD, 0x5A, 0x62, 0xD0, 0x79, 0x6A, 0x3C, 0x45, 0x52, 0xC3, 0x93, 0x64, 0x17, 0x21, 0x65, 0x2A, 0x40, 0xF6, 0x60, 0x67, 0xE2, 0xE0, 0x15, 0xD1, 0x5A, 0x28, 0x11, 0xC8 },
    // seq 144
    { 0xAD, 0x00, 0x00, 0x98, 0xD3, 0x42, 0x00, 0x00, 0xBB, 0xF7, 0x79, 0xB0, 0x38, 0xAD, 0x3A, 0xA9, 0x14, 0x2A, 0x0C, 0x2D, 0xA5, 0x5E, 0xFC, 0x86, 0x52, 0xDB, 0x8F, 0x74, 0xAB, 0x18, 0x29, 0x5F, 0xBA, 0xDA, 0x6E, 0x31, 0x80, 0x22, 0x6E, 0x5C, 0x6A, 0x53, 0x6B, 0xF2, 0xE8, 0xDD, 0x57, 0xB9, 0xD8, 0x8E, 0xA7, 0xD4, 0x6F, 0x57, 0x7D, 0x06, 0xA4 },
    // seq 145
    { 0xAD, 0x00, 0x00, 0x6C, 0xD4, 0x42, 0x00, 0x00, 0x57, 0x87, 0x4D, 0x92, 0x24, 0x12, 0x34, 0xB2, 0xE2, 0xA5, 0x6D, 0x2C, 0xB5, 0x76, 0x92, 0xBD, 0xA5, 0xE1, 0x2A, 0x8B, 0x5A, 0xF3, 0xEB, 0x09, 0x27, 0x62, 0xB2, 0x90, 0x21, 0x63, 0x5B, 0x0E, 0xD6, 0x6B, 0x9C, 0x31, 0x37, 0x3E, 0x65, 0x48, 0x10, 0x40, 0xD4, 0x93, 0x6F, 0x66, 0x74, 0xCC, 0x28 },
    // seq 146
    { 0xAD, 0x00, 0x00, 0x98, 0xD3, 0x42, 0x00, 0x00, 0x82, 0xEC, 0x95, 0xE8, 0xAB, 0xED, 0x4B, 0xDB, 0x1E, 0x1B, 0x04, 0x45, 0x4A, 0xA5, 0x0C, 0x9A, 0x1E, 0x50, 0x68, 0x15, 0x66, 0x83, 0x99, 0x20, 0xDE, 0x5B, 0x4D, 0x0A, 0x92, 0x57, 0x45, 0x19, 0x97, 0x35, 0x07, 0x5E, 0x3A, 0x2D, 0xC6, 0xAC, 0x95, 0x24, 0x6F, 0xCA, 0x97, 0x9B, 0x5D, 0x58, 0xA0 },
    // seq 147
    { 0xAD, 0x00, 0x00, 0x01, 0xC4, 0x32, 0x00, 0x00, 0xA4, 0xF1, 0x8D, 0x95, 0x26, 0xD4, 0x72, 0x24, 0x9D, 0xE0, 0x60, 0xCE, 0x8B, 0x2B, 0x8F, 0x59, 0x14, 0x1B, 0x91, 0x38, 0x3F, 0x15, 0x1B, 0x03, 0xC3, 0xCB, 0xEF, 0x72, 0x8E, 0x3B, 0x7C, 0x89, 0x9B, 0x7D, 0x64, 0x59, 0xB5, 0xC0, 0x48, 0x39, 0xCE, 0xE2, 0x4A, 0xDA, 0xF4, 0x73, 0x9D, 0x52, 0x64 },
    // seq 148
    { 0xAD, 0x00, 0x00, 0x01, 0xC4, 0x32, 0x00, 0x00, 0x51, 0xF3, 0x59, 0x1B, 0x44, 0x0F, 0x39, 0x23, 0x1D, 0x97, 0x08, 0x41, 0xE9, 0xE3, 0x75, 0x0E, 0x35, 0xB4, 0x67, 0x89, 0xCD, 0x85, 0x99, 0x62, 0xC6, 0x89, 0x31, 0xCC, 0xC2, 0x4B, 0xCA, 0xF6, 0x84, 0x24, 0x4B, 0x9D, 0x7C, 0x38, 0xF6, 0x84, 0xB0, 0x45, 0x6C, 0x03, 0xE3, 0x6D, 0x06, 0xDB, 0xA0 },
    // seq 149
    { 0xAD, 0x00, 0x00, 0x02, 0xC4, 0x30, 0x00, 0x00, 0xCF, 0x5A, 0xDF, 0x69, 0xC8, 0xD1, 0x36, 0xF2, 0xAB, 0x7D, 0x1F, 0xF5, 0x2A, 0x3F, 0x0C, 0x54, 0xD3, 0x63, 0x1D, 0x66, 0x82, 0xC8, 0x6A, 0x0C, 0xCF, 0x28, 0x96, 0xA3, 0x69, 0xA8, 0x7A, 0xEE, 0x3A, 0x80, 0xC6, 0xB6, 0x98, 0x72, 0x5F, 0x97, 0xDE, 0x18, 0x20, 0x27, 0x02, 0x36, 0x7F, 0x4D, 0x90 },
    // seq 150
    { 0xAD, 0x00, 0x00, 0x82, 0xB3, 0x31, 0x00, 0x00, 0x2A, 0xF1, 0x41, 0x07, 0x8B, 0x0C, 0x53, 0x1A, 0x43, 0x91, 0x90, 0xD9, 0x36, 0xA7, 0x8E, 0xD1, 0xF8, 0xF3, 0x77, 0x8F, 0xD3, 0xBD, 0x97, 0x77, 0x55, 0x0B, 0x96, 0xEA, 0x46, 0xD3, 0x1B, 0x2D, 0x41, 0xAC, 0xFA, 0xD4, 0x45, 0x65, 0x17, 0x31, 0x31, 0x3E, 0x5B, 0x83, 0x2B, 0xBB, 0x26, 0xDB, 0x5C },
    // seq 151
    { 0xAD, 0x00, 0x00, 0x9A, 0xB3, 0x21, 0x00, 0x00, 0xE0, 0xCB, 0xA4, 0xF7, 0xCA, 0x05, 0xAA, 0xD7, 0x5A, 0xA9, 0xB5, 0x44, 0xB7, 0x43, 0xEC, 0x2C, 0xCE, 0x7A, 0xD1, 0x44, 0x88, 0xFB, 0xD9, 0x9E, 0xC6, 0xC6, 0x8F, 0x50, 0xBE, 0xAC, 0xE3, 0xEF, 0xDC, 0x3E, 0xDB, 0x9E, 0xCB, 0x1B, 0x04, 0x86, 0x33, 0x41, 0x95, 0xE4, 0xAF, 0x74, 0x2E, 0xC3, 0xD4 },
    // seq 152
    { 0xAD, 0x00, 0x00, 0x9D, 0xA2, 0x00, 0x00, 0x00, 0x1E, 0xE5, 0x64, 0x58, 0x8E, 0xA0, 0x1A, 0xC6, 0xDE, 0x47, 0x6C, 0xA9, 0x35, 0xD9, 0x39, 0xD9, 0x6A, 0xE1, 0x75, 0x96, 0xDA, 0x0F, 0x90, 0xF6, 0xB8, 0x74, 0x31, 0x42, 0x5D, 0x52, 0xA7, 0x7B, 0x57, 0xDF, 0x59, 0xE6, 0xBA, 0x48, 0xCA, 0xC1, 0x65, 0xE5, 0x6B, 0xC6, 0x70, 0x58, 0x6D, 0x63, 0x54 },
    // seq 153
    { 0xAD, 0x00, 0x00, 0x48, 0x91, 0x00, 0x00, 0x00, 0x3D, 0x8E, 0xA4, 0x44, 0xEF, 0x3D, 0x52, 0x18, 0xA5, 0x55, 0x81, 0xF0, 0x99, 0xAE, 0x33, 0x71, 0x77, 0x26, 0xE5, 0x5D, 0x86, 0xBC, 0x56, 0xB5, 0xD3, 0x95, 0x77, 0x7C, 0x15, 0x54, 0x54, 0xD5, 0x54, 0x62, 0xCF, 0x55, 0x4F, 0x6C, 0x15, 0x72, 0x05, 0x65, 0x64, 0x1A, 0xC1, 0x59, 0xF3, 0x43, 0x54 },
    // seq 154
    { 0xAD, 0x00, 0x00, 0x3E, 0x70, 0x00, 0x00, 0x00, 0xE6, 0xF5, 0x55, 0x69, 0xB5, 0x55, 0x56, 0x06, 0x51, 0x54, 0xD6, 0x85, 0x55, 0x39, 0x81, 0x55, 0x57, 0x96, 0x55, 0x57, 0xE3, 0x95, 0x56, 0x16, 0x95, 0x55, 0x83, 0xF1, 0x55, 0x62, 0x70, 0x55, 0x59, 0x2D, 0x45, 0x56, 0x6D, 0x65, 0x55, 0x99, 0x89, 0x15, 0x62, 0x59, 0x55, 0x57, 0x6B, 0x55, 0x54 },
    // seq 155
    { 0xAD, 0x00, 0x00, 0x1B, 0x60, 0x00, 0x00, 0x00, 0x4F, 0x31, 0x55, 0x50, 0x05, 0x55, 0x55, 0x62, 0x55, 0x56, 0x47, 0xA5, 0x55, 0xC6, 0x61, 0x55, 0x75, 0x81, 0x45, 0x5A, 0xE1, 0x55, 0x55, 0x86, 0x15, 0x55, 0x22, 0xD4, 0x55, 0x48, 0xCD, 0x55, 0x55, 0xD8, 0x55, 0x56, 0xA8, 0x95, 0x55, 0xD5, 0xC5, 0x55, 0x73, 0x0D, 0x55, 0x59, 0x5F, 0x55, 0x54 },
    // seq 156
    { 0xAD, 0x00, 0x00, 0x1B, 0x60, 0x00, 0x00, 0x00, 0x55, 0x55, 0x55, 0x4B, 0xFD, 0x55, 0x53, 0x2F, 0x15, 0x55, 0x60, 0x55, 0x55, 0x8F, 0x29, 0x55, 0x6D, 0x85, 0x55, 0x5B, 0x76, 0x15, 0x56, 0x59, 0x55, 0x55, 0x75, 0x75, 0x55, 0x59, 0x31, 0x55, 0x56, 0x17, 0x95, 0x55, 0xBD, 0xA1, 0x55, 0x80, 0x49, 0x55, 0x63, 0xF5, 0x55, 0x59, 0x63, 0x55, 0x54 },
    // seq 157
    { 0xAD, 0x00, 0x00, 0x74, 0x50, 0x00, 0x00, 0x00, 0x9C, 0xEA, 0x55, 0x5D, 0x82, 0x55, 0x54, 0xE9, 0x15, 0x55, 0x04, 0x25, 0x55, 0x4D, 0xE9, 0x55, 0x5A, 0xBB, 0x55, 0x58, 0x6E, 0xD9, 0x56, 0xA6, 0xB4, 0x55, 0xB9, 0x71, 0x15, 0x6A, 0xD4, 0x55, 0x58, 0x20, 0x95, 0x55, 0x4A, 0xC5, 0x55, 0x39, 0xED, 0x55, 0x50, 0x5B, 0x55, 0x56, 0x2C, 0x95, 0x54 },
    // seq 158
    { 0xAD, 0x00, 0x00, 0x51, 0x40, 0x00, 0x00, 0x00, 0x7A, 0x71, 0x55, 0x6A, 0xD3, 0x55, 0x5C, 0xBC, 0xD5, 0x57, 0x3F, 0xC5, 0x55, 0x9C, 0x6D, 0x55, 0x4E, 0x6B, 0x55, 0x51, 0x0C, 0x95, 0x54, 0xE4, 0xA5, 0x55, 0x76, 0x4D, 0x55, 0x69, 0x2A, 0x55, 0x5C, 0x11, 0x15, 0x57, 0x10, 0x45, 0x55, 0xA4, 0x4D, 0x55, 0x5A, 0x8B, 0x55, 0x53, 0xB0, 0x95, 0x54 },
    // seq 159
    { 0xAD, 0x00, 0x00, 0x51, 0x40, 0x00, 0x00, 0x00, 0x3D, 0x51, 0x55, 0x54, 0x3A, 0x55, 0x57, 0x25, 0x15, 0x56, 0x69, 0xB5, 0x55, 0xB2, 0x29, 0x55, 0x6B, 0x3B, 0x55, 0x58, 0xBA, 0xD5, 0x55, 0xA3, 0xB5, 0x55, 0x4B, 0x91, 0x55, 0x51, 0xB9, 0x55, 0x55, 0x31, 0x15, 0x55, 0xB7, 0x15, 0x55, 0x88, 0xAD, 0x55, 0x63, 0xDD, 0x55, 0x58, 0xF4, 0x55, 0x54 },
    // seq 160
    { 0xAD, 0x00, 0x00, 0x8F, 0x20, 0x00, 0x00, 0x00, 0x7E, 0x54, 0x55, 0x53, 0x04, 0xD5, 0x51, 0xD1, 0x35, 0x54, 0x98, 0xAD, 0x55, 0x3F, 0x1B, 0x55, 0x5A, 0xA4, 0xD5, 0x59, 0x49, 0x35, 0x56, 0x74, 0x8D, 0x55, 0x91, 0xDB, 0x55, 0x5E, 0x07, 0x15, 0x55, 0xF5, 0xB5, 0x55, 0x7A, 0x6D, 0x55, 0x64, 0x5B, 0x55, 0x59, 0x16, 0xD5, 0x57, 0x2D, 0xB5, 0x54 },
    // seq 161
    { 0xAD, 0x00, 0x00, 0x0A, 0x21, 0x10, 0x00, 0x00, 0x6F, 0x20, 0x40, 0x59, 0x67, 0x8F, 0x56, 0x2A, 0x3C, 0x05, 0x71, 0x68, 0xE5, 0x5A, 0x5D, 0xC0, 0x5A, 0xD8, 0x51, 0x55, 0xC6, 0x43, 0xB6, 0x04, 0x9C, 0xDD, 0x7C, 0x62, 0x44, 0x67, 0xB9, 0x94, 0x16, 0xAE, 0x8C, 0x31, 0xFE, 0x94, 0xB9, 0x39, 0xCA, 0xC4, 0x5D, 0xD2, 0x6B, 0x57, 0x81, 0x01, 0x94 },
    // seq 162
    { 0xAD, 0x00, 0x00, 0x8A, 0x23, 0x21, 0x00, 0x00, 0x48, 0x86, 0xBB, 0x93, 0x9F, 0xB9, 0x55, 0x47, 0xF4, 0x2E, 0x1A, 0x6A, 0x51, 0x2A, 0x40, 0x34, 0x10, 0x21, 0x46, 0xE0, 0x6A, 0x52, 0x39, 0x1E, 0xC4, 0x61, 0x2A, 0xD5, 0x62, 0x91, 0x62, 0x71, 0xC8, 0x97, 0x0E, 0x36, 0x45, 0x88, 0x56, 0x67, 0x8A, 0x75, 0x17, 0xD7, 0xD4, 0x66, 0xF6, 0xF4, 0x2C },
    // seq 163
    { 0xAD, 0x00, 0x00, 0x3E, 0x69, 0x95, 0x20, 0x00, 0x82, 0xFB, 0xEE, 0xE1, 0xBE, 0xFB, 0xB7, 0xEF, 0xBF, 0x0D, 0xDB, 0xCF, 0x44, 0x5C, 0xEB, 0x91, 0x25, 0xAC, 0xAD, 0x4C, 0x00, 0x14, 0x2C, 0xA2, 0x06, 0x2B, 0x23, 0x43, 0xD6, 0xE6, 0x4D, 0x4A, 0x34, 0x30, 0xDD, 0xD2, 0xE4, 0xB9, 0x1C, 0xA9, 0x56, 0x07, 0x27, 0x43, 0x34, 0x28, 0x8D, 0xBC, 0xA4 },
    // seq 164
    { 0xAD, 0x00, 0x00, 0x1D, 0x68, 0x99, 0x30, 0x00, 0x7D, 0x36, 0x5F, 0x23, 0x59, 0xA7, 0xC7, 0x16, 0x59, 0xD2, 0xD3, 0xD1, 0x8D, 0x7C, 0x4A, 0xA0, 0x9F, 0x1B, 0xC8, 0x64, 0xCF, 0xC1, 0xCA, 0x37, 0x87, 0x72, 0x86, 0x82, 0xE2, 0x99, 0x9A, 0x87, 0x54, 0xA7, 0x02, 0x34, 0x58, 0xD2, 0x80, 0x8A, 0x7B, 0x4C, 0x24, 0xAB, 0x09, 0x8B, 0x69, 0xFB, 0x40 },
    // seq 165
    { 0xAD, 0x00, 0x00, 0x0A, 0x79, 0xB9, 0x50, 0x00, 0x7E, 0x47, 0xCC, 0xDC, 0x85, 0xA8, 0x25, 0xDC, 0x8E, 0x09, 0x75, 0x58, 0x42, 0x65, 0x34, 0x6E, 0xE9, 0x52, 0x18, 0xC6, 0xD5, 0x8A, 0xD6, 0x53, 0x8E, 0x25, 0xBD, 0x18, 0x4F, 0x29, 0x4A, 0xEF, 0x37, 0x4C, 0x6C, 0xCD, 0x32, 0xA4, 0xA2, 0x68, 0xDA, 0xCA, 0x62, 0x47, 0x97, 0x84, 0x0F, 0x9A, 0x84 },
    // seq 166
    { 0xAD, 0x00, 0x00, 0xAE, 0x8B, 0xBA, 0x60, 0x00, 0x81, 0xA7, 0xA8, 0xE1, 0x6D, 0xC7, 0xC5, 0xDC, 0x72, 0x36, 0x86, 0x9F, 0x4C, 0x81, 0x53, 0xE3, 0x1D, 0x48, 0xD3, 0xB8, 0xCE, 0x3B, 0x2E, 0x85, 0x13, 0x7B, 0x81, 0xD6, 0x4E, 0xDE, 0x94, 0xFB, 0x3C, 0x23, 0x25, 0xEE, 0x57, 0xC5, 0x63, 0x1E, 0x12, 0x5A, 0xDE, 0x7C, 0xF9, 0xB6, 0x9F, 0x31, 0x8C },
    // seq 167
    { 0xAD, 0x00, 0x00, 0x32, 0xBA, 0xA8, 0x40, 0x00, 0x79, 0x40, 0x6B, 0x1E, 0x6E, 0xCE, 0xC7, 0xDA, 0x48, 0x61, 0xF5, 0x8D, 0xCC, 0x71, 0x4B, 0x52, 0x5E, 0x3C, 0xEC, 0x59, 0xE9, 0xBA, 0x86, 0x81, 0x6E, 0x59, 0x74, 0x9A, 0xED, 0x56, 0x3A, 0xBB, 0x95, 0x55, 0x2F, 0x16, 0x36, 0x2C, 0xB5, 0xC9, 0x73, 0xCE, 0x73, 0xC9, 0x35, 0x98, 0xAF, 0xC0, 0xD8 },
    // seq 168
    { 0xAD, 0x00, 0x00, 0x42, 0xDA, 0x97, 0x40, 0x00, 0x64, 0x75, 0x73, 0x53, 0xE6, 0x5B, 0xD6, 0xAC, 0x5C, 0x76, 0xA6, 0xA7, 0x4D, 0xCC, 0x9A, 0x93, 0x6A, 0x1C, 0x88, 0xC5, 0xC6, 0x95, 0xB0, 0xA1, 0xA3, 0x2B, 0x3A, 0x88, 0x40, 0xA6, 0xEC, 0x1D, 0xAE, 0x2C, 0x0A, 0xEB, 0x36, 0xE6, 0x3A, 0x6C, 0x99, 0xD2, 0x88, 0x67, 0x91, 0xA1, 0xA8, 0xA7, 0x08 },
    // seq 169
    { 0xAD, 0x00, 0x00, 0x4A, 0xDA, 0x86, 0x20, 0x00, 0x70, 0x5B, 0x7A, 0x36, 0x12, 0xC9, 0x5E, 0x6C, 0x54, 0xD6, 0x48, 0xC5, 0x05, 0x40, 0x3E, 0xEB, 0x4B, 0xF2, 0xBE, 0xA5, 0x04, 0x2F, 0x5A, 0x98, 0xC3, 0x0E, 0xD7, 0xBC, 0xD7, 0xAE, 0xF1, 0x36, 0x16, 0xAB, 0x8A, 0x94, 0xFC, 0xD3, 0xC8, 0x39, 0x2E, 0xD7, 0x19, 0x9A, 0x3A, 0x4B, 0xFC, 0x2E, 0x84 },
    // seq 170
    { 0xAD, 0x00, 0x00, 0x05, 0xD9, 0x55, 0x10, 0x00, 0xDC, 0x94, 0x74, 0x68, 0x95, 0x72, 0x05, 0x5A, 0x77, 0xA0, 0xCB, 0xA5, 0x99, 0x40, 0x92, 0x33, 0x66, 0xD6, 0x13, 0x5D, 0x9E, 0x69, 0x56, 0xF3, 0x94, 0xCC, 0x69, 0xD8, 0x69, 0x0E, 0xB8, 0x67, 0x03, 0x15, 0x79, 0x15, 0xC1, 0xEB, 0x66, 0xCD, 0xCF, 0x59, 0xB5, 0xE7, 0x65, 0x19, 0x0D, 0xFC, 0x54 },
    // seq 171
    { 0xAD, 0x00, 0x00, 0x05, 0xD9, 0x55, 0x10, 0x00, 0x46, 0xA6, 0x7C, 0x4C, 0x37, 0xD9, 0xD4, 0x91, 0x74, 0x2A, 0xA7, 0x55, 0x72, 0xDF, 0xEF, 0x63, 0xAE, 0x15, 0xCA, 0x16, 0x31, 0xD6, 0x40, 0xDE, 0x99, 0xE4, 0x2F, 0x50, 0x79, 0x5F, 0xDD, 0x5D, 0x6D, 0x19, 0x95, 0xAB, 0x3C, 0x6E, 0x9A, 0x87, 0x61, 0x67, 0x52, 0xD9, 0xDD, 0x92, 0xC5, 0x49, 0x84 },
    // seq 172
    { 0xAD, 0x00, 0x00, 0x1D, 0xD9, 0x45, 0x10, 0x00, 0x56, 0x73, 0xB7, 0x6D, 0x82, 0xF1, 0x1D, 0x66, 0x98, 0x96, 0xA5, 0x7A, 0xD8, 0x65, 0x5E, 0x87, 0x0C, 0xD8, 0x21, 0xC3, 0x55, 0xF8, 0x66, 0x58, 0x52, 0x6D, 0xD4, 0xEC, 0x86, 0xB1, 0x16, 0x19, 0xA7, 0xEE, 0x0C, 0x94, 0xF8, 0x94, 0x9D, 0x24, 0xCF, 0x47, 0x5B, 0x9B, 0xD0, 0xDC, 0x15, 0x79, 0x94 },
    // seq 173
    { 0xAD, 0x00, 0x00, 0x7F, 0xD7, 0x54, 0x10, 0x00, 0xD1, 0xE6, 0x69, 0x67, 0x57, 0x5D, 0xD5, 0x2A, 0x2A, 0x44, 0x85, 0x35, 0x6D, 0x48, 0xBB, 0x5A, 0xAC, 0xC1, 0xD4, 0x6D, 0x97, 0x69, 0x9A, 0xDB, 0x25, 0x8D, 0x69, 0x6A, 0x79, 0x0B, 0xC8, 0xA8, 0xC3, 0x49, 0x79, 0x82, 0x59, 0xC1, 0xAD, 0xD5, 0x4A, 0x34, 0x72, 0x8B, 0xA6, 0xD8, 0x19, 0x75, 0x64 },
    // seq 174
    { 0xAD, 0x00, 0x00, 0x17, 0xD8, 0x54, 0x10, 0x00, 0x38, 0x26, 0x78, 0x47, 0xB4, 0x62, 0x16, 0xC3, 0x2A, 0x3B, 0x13, 0x26, 0x2A, 0xD5, 0x72, 0x46, 0x69, 0x14, 0xA5, 0x55, 0x36, 0x95, 0x90, 0x7A, 0x4D, 0x55, 0x49, 0xAB, 0x6C, 0xAB, 0xA5, 0x99, 0x6D, 0x3E, 0x48, 0x46, 0xFA, 0x71, 0x9D, 0x6D, 0xE0, 0xB5, 0x09, 0xA8, 0x1A, 0x82, 0xAD, 0x99, 0x74 },
    // seq 175
    { 0xAD, 0x00, 0x00, 0x17, 0xD8, 0x54, 0x10, 0x00, 0x92, 0x69, 0x76, 0x75, 0x14, 0x8E, 0xAD, 0x12, 0xC9, 0xCA, 0x28, 0x49, 0x85, 0x35, 0xEB, 0x94, 0x47, 0x94, 0x1A, 0x56, 0xAE, 0xF6, 0x87, 0x19, 0x46, 0x9A, 0xD1, 0xEA, 0x56, 0xA8, 0x75, 0xDF, 0x14, 0xDA, 0x78, 0x04, 0x93, 0x69, 0xDD, 0x51, 0x63, 0xAC, 0x6D, 0x07, 0xD5, 0xAD, 0x45, 0xE9, 0x68 },
    // seq 176
    { 0xAD, 0x00, 0x00, 0x85, 0xD8, 0x43, 0x10, 0x00, 0xB5, 0xA2, 0x39, 0x58, 0xB7, 0x7A, 0xC2, 0x6A, 0x1C, 0xC0, 0xEC, 0x61, 0x40, 0x9B, 0xAA, 0x6C, 0x74, 0x04, 0x47, 0x9C, 0x5A, 0xB4, 0x26, 0x04, 0x50, 0x78, 0x33, 0xA6, 0xC0, 0x0A, 0x35, 0x29, 0x57, 0xA6, 0xD3, 0xC7, 0x19, 0x3C, 0xE6, 0xCF, 0x2D, 0xAE, 0x66, 0x55, 0x06, 0x14, 0x3E, 0x91, 0x54 },
    // seq 177
    { 0xAD, 0x00, 0x00, 0xE8, 0xD7, 0x45, 0x10, 0x00, 0x23, 0x0E, 0x57, 0x58, 0x3D, 0x81, 0x9B, 0x88, 0xC5, 0x9B, 0x47, 0xC5, 0xD9, 0xB0, 0xD6, 0x46, 0x56, 0xF9, 0xC6, 0x02, 0x05, 0xB6, 0x75, 0x10, 0x9C, 0xE1, 0xA2, 0x1C, 0x36, 0xB5, 0x69, 0x69, 0x5C, 0x05, 0xFA, 0x85, 0xC2, 0x95, 0x61, 0x28, 0x9D, 0x77, 0x4D, 0x18, 0xE6, 0x18, 0xCA, 0x3A, 0x38 },
    // seq 178
    { 0xAD, 0x00, 0x00, 0x58, 0xD5, 0x54, 0x10, 0x00, 0xCF, 0x22, 0xF9, 0xB2, 0xED, 0x6E, 0x98, 0x71, 0xF6, 0x30, 0xD6, 0x6C, 0xA8, 0x26, 0x9E, 0xF2, 0x1B, 0xEA, 0xDE, 0x9C, 0x20, 0x51, 0xA7, 0x69, 0xAB, 0x95, 0xA5, 0x03, 0x95, 0x11, 0xD8, 0x42, 0x01, 0xC4, 0xEF, 0x81, 0x4F, 0x8A, 0xDD, 0xB0, 0x87, 0x27, 0xB7, 0x28, 0xAD, 0xEB, 0x70, 0xEB, 0xA4 },
    // seq 179
    { 0xAD, 0x00, 0x00, 0x57, 0xD4, 0x43, 0x10, 0x00, 0x5B, 0xAB, 0x43, 0x47, 0xE0, 0x32, 0x14, 0x2F, 0x8A, 0x46, 0x78, 0x81, 0x5E, 0xD8, 0x23, 0x38, 0x71, 0x6B, 0x1C, 0xD7, 0x2A, 0x6A, 0x90, 0x9E, 0x5C, 0x94, 0x31, 0x7D, 0x1A, 0x61, 0x8D, 0x3E, 0x1D, 0x00, 0xEB, 0x8B, 0x4A, 0xE6, 0x66, 0x8A, 0x16, 0xC7, 0x4C, 0xB5, 0x4D, 0x92, 0x43, 0x92, 0x64 },
    // seq 180
    { 0xAD, 0x00, 0x00, 0xCA, 0xD5, 0x43, 0x10, 0x00, 0x6D, 0x2F, 0x56, 0xB0, 0xB5, 0x25, 0xAD, 0xB2, 0x7B, 0x96, 0x87, 0x73, 0x15, 0x45, 0x99, 0x08, 0x08, 0x1B, 0x4D, 0x85, 0x92, 0xD9, 0x66, 0xCB, 0x43, 0x1D, 0xDD, 0x21, 0x06, 0x6C, 0xF5, 0xEF, 0x55, 0x72, 0x0F, 0x84, 0x74, 0x83, 0xD5, 0x42, 0x5F, 0x2B, 0x67, 0xE1, 0xE5, 0x2D, 0xD1, 0xA7, 0xA8 },
    // seq 181
    { 0xAD, 0x00, 0x00, 0x57, 0xD4, 0x43, 0x10, 0x00, 0xC7, 0x50, 0xE3, 0x5B, 0xA9, 0x65, 0x02, 0x24, 0x6C, 0xD0, 0xBF, 0x09, 0x45, 0x89, 0x26, 0xFD, 0x75, 0x6B, 0x49, 0xED, 0x36, 0x06, 0x86, 0x1A, 0x93, 0xA1, 0x32, 0x81, 0x32, 0x4A, 0x0C, 0x4A, 0xD7, 0x1B, 0xC4, 0x37, 0x13, 0x8C, 0x1D, 0xD7, 0x13, 0x57, 0x66, 0xBA, 0x99, 0x84, 0x41, 0x8C, 0xC0 },
    // seq 182
    { 0xAD, 0x00, 0x00, 0x7E, 0xD5, 0x43, 0x00, 0x00, 0x24, 0x75, 0x45, 0x16, 0xFD, 0x97, 0x8B, 0x0E, 0x9A, 0x67, 0x59, 0xC7, 0x17, 0xAE, 0x6F, 0xDE, 0x17, 0x34, 0xAA, 0x52, 0xB5, 0x1B, 0xD9, 0x23, 0x38, 0xFB, 0x96, 0x09, 0xD1, 0x72, 0xBC, 0xEF, 0x7B, 0xDA, 0xDA, 0x99, 0xEF, 0x3D, 0x17, 0x3E, 0x6A, 0xC9, 0x4F, 0x23, 0xCD, 0x97, 0x75, 0x7A, 0xDC },
    // seq 183
    { 0xAD, 0x00, 0x00, 0xD0, 0xD3, 0x32, 0x00, 0x00, 0xB5, 0xAD, 0x31, 0xF0, 0xE3, 0xE5, 0x29, 0x7E, 0xAC, 0x39, 0x61, 0xAC, 0xA4, 0x3B, 0x8D, 0x66, 0x56, 0xD0, 0xD1, 0x09, 0x87, 0xE8, 0x46, 0xED, 0xBD, 0x14, 0xAB, 0x0A, 0x83, 0x9E, 0xA4, 0x2C, 0xC5, 0x3E, 0xE5, 0x2D, 0x50, 0x21, 0xED, 0x76, 0xCD, 0x4C, 0xA7, 0x3B, 0x8E, 0x9A, 0x85, 0xB7, 0x78 },
    // seq 184
    { 0xAD, 0x00, 0x00, 0x61, 0xC3, 0x21, 0x00, 0x00, 0xA7, 0x3A, 0x65, 0xD8, 0x9A, 0x4C, 0x43, 0xB1, 0xC4, 0x51, 0x3B, 0xA2, 0xA4, 0x87, 0xA7, 0xDE, 0x6C, 0x9C, 0x51, 0x6A, 0xF8, 0x62, 0xA6, 0x21, 0xD4, 0x96, 0x60, 0x67, 0x55, 0xD5, 0x82, 0x89, 0x46, 0xBF, 0xA9, 0x16, 0x33, 0xE4, 0xBB, 0x9F, 0x14, 0xC1, 0xE5, 0xE2, 0x67, 0x77, 0xF4, 0x53, 0x28 },
    // seq 185
    { 0xAD, 0x00, 0x00, 0x85, 0xA2, 0x10, 0x00, 0x00, 0x2E, 0xFD, 0x38, 0x0B, 0xDD, 0x02, 0x16, 0xE8, 0xDA, 0x1A, 0xA8, 0xE7, 0x57, 0xB9, 0xE4, 0x7A, 0xA7, 0x48, 0x90, 0x36, 0xF6, 0xEC, 0x71, 0x56, 0x4E, 0x5F, 0x5D, 0x7D, 0xD4, 0xDE, 0xE8, 0xCC, 0xF9, 0xAE, 0xD5, 0xA6, 0x95, 0xCE, 0xDA, 0x8E, 0xD5, 0x18, 0x1B, 0x04, 0xEE, 0x35, 0xA8, 0x43, 0x74 },
    // seq 186
    { 0xAD, 0x00, 0x00, 0xEA, 0x92, 0x10, 0x00, 0x00, 0x50, 0x08, 0x7A, 0x22, 0xFD, 0x0A, 0x2B, 0xCE, 0xA8, 0xA3, 0x07, 0x97, 0x22, 0x90, 0x2C, 0x17, 0x55, 0x76, 0x8A, 0x23, 0xF7, 0x63, 0x69, 0x68, 0x5C, 0xF0, 0x90, 0x82, 0x58, 0x6F, 0x7B, 0x75, 0x8B, 0xC8, 0x37, 0x42, 0x27, 0x7E, 0xE7, 0x4E, 0x3A, 0xD8, 0x4D, 0xE6, 0x5A, 0xF5, 0x9E, 0x82, 0x88 },
    // seq 187
    { 0xAD, 0x00, 0x00, 0x24, 0x94, 0x21, 0x00, 0x00, 0x9F, 0x99, 0x35, 0xF2, 0x78, 0x0B, 0xAB, 0x21, 0xBC, 0x19, 0xDD, 0x86, 0xC9, 0x3F, 0x22, 0xC9, 0x4F, 0x99, 0x4F, 0x77, 0xE1, 0xF1, 0xDA, 0xDB, 0x55, 0x4A, 0xD1, 0xAE, 0x5D, 0x29, 0xF5, 0x11, 0x84, 0x65, 0x53, 0x94, 0xCA, 0xF6, 0x3D, 0x62, 0x90, 0xA9, 0x25, 0x59, 0x3A, 0x5B, 0x0C, 0x50, 0xAC },
    // seq 188
    { 0xAD, 0x00, 0x00, 0x6E, 0xB8, 0x65, 0x10, 0x00, 0x81, 0x43, 0x09, 0x99, 0x2C, 0xA5, 0x26, 0x1E, 0x97, 0xA5, 0xFC, 0x8B, 0x51, 0x49, 0x21, 0x73, 0x3D, 0xB4, 0xCA, 0x8A, 0x7B, 0xED, 0x91, 0x88, 0xE3, 0x99, 0x70, 0xC4, 0xE7, 0x65, 0xCE, 0x39, 0xD9, 0x8C, 0x8D, 0x86, 0x2A, 0xBB, 0xD9, 0x85, 0x48, 0xF7, 0x51, 0xED, 0xB5, 0x95, 0xF4, 0x6E, 0x64 },
    // seq 189
    { 0xAD, 0x00, 0x00, 0x72, 0xB9, 0x43, 0x00, 0x00, 0x76, 0x1C, 0x27, 0x1E, 0x48, 0x4E, 0x78, 0x6D, 0xFC, 0xAE, 0x6D, 0x8F, 0x14, 0x6E, 0x96, 0xC5, 0x5F, 0xEB, 0x2D, 0x97, 0x95, 0x0B, 0xC6, 0x68, 0xD0, 0x9C, 0x95, 0xC8, 0xBE, 0x1B, 0xCC, 0xE7, 0x7A, 0x19, 0x4A, 0x90, 0x75, 0x8B, 0x08, 0x9B, 0x63, 0x52, 0x22, 0xB6, 0xB0, 0x88, 0x86, 0x0C, 0x54 },
    // seq 190
    { 0xAD, 0x00, 0x00, 0x82, 0xA8, 0x33, 0x00, 0x00, 0x77, 0x2B, 0x0E, 0x82, 0x93, 0x67, 0x6C, 0x97, 0x2C, 0x93, 0x9E, 0x2B, 0xB2, 0x99, 0xEF, 0x1B, 0x66, 0xB5, 0xB3, 0xB6, 0xCE, 0x48, 0x9A, 0x0B, 0x71, 0x54, 0x4A, 0x22, 0xD6, 0x14, 0x67, 0x37, 0x96, 0x82, 0x39, 0xDD, 0xD2, 0x6E, 0xB6, 0x62, 0xE3, 0x69, 0x60, 0xE7, 0x78, 0x78, 0x9E, 0x25, 0xA0 },
    // seq 191
    { 0xAD, 0x00, 0x00, 0x01, 0xA6, 0x44, 0x10, 0x00, 0x7E, 0xA4, 0xC8, 0x61, 0x18, 0xBD, 0xDA, 0x49, 0xB0, 0x76, 0x61, 0x6B, 0x5D, 0xA1, 0xAC, 0xE9, 0xA8, 0x6B, 0xC9, 0x58, 0xBC, 0xF0, 0x55, 0x1C, 0xF3, 0x21, 0x5E, 0xB7, 0x06, 0x5E, 0x10, 0xAD, 0x9B, 0x12, 0x6B, 0x97, 0x8B, 0xA2, 0xA1, 0xB2, 0x18, 0xB6, 0x8C, 0x19, 0x95, 0x61, 0x93, 0x11, 0xC8 },
    // seq 192
    { 0xAD, 0x00, 0x00, 0x98, 0xD8, 0x55, 0x10, 0x00, 0x64, 0xDE, 0x65, 0x5A, 0xE9, 0x11, 0x59, 0x6D, 0xD6, 0x36, 0xE3, 0x9A, 0x69, 0x97, 0x9D, 0xAC, 0x17, 0xE7, 0xA0, 0x44, 0x76, 0x4D, 0x61, 0x65, 0x8A, 0xD4, 0x90, 0x98, 0x79, 0x36, 0x59, 0x67, 0x0C, 0x09, 0xD7, 0x55, 0xA9, 0x89, 0x94, 0x3E, 0xC8, 0x78, 0x15, 0x4E, 0x99, 0x85, 0x14, 0xA7, 0x98 },
    // seq 193
    { 0xAD, 0x00, 0x00, 0xC4, 0xD9, 0x55, 0x20, 0x00, 0x58, 0xC4, 0xFB, 0x74, 0x50, 0xB2, 0xEE, 0x93, 0xB7, 0x3A, 0x1C, 0xDB, 0x1D, 0x41, 0xCF, 0x64, 0xDB, 0x8B, 0xBB, 0xA7, 0xB4, 0xF3, 0x0C, 0xDE, 0xA4, 0xD3, 0x73, 0xD6, 0xC8, 0xFE, 0x28, 0xCB, 0xBC, 0x7E, 0x26, 0xC8, 0xE4, 0x6D, 0x1A, 0x45, 0xD8, 0x96, 0x68, 0x6B, 0xBB, 0x27, 0x75, 0x0D, 0x6C },
    // seq 194
    { 0xAD, 0x00, 0x00, 0x6A, 0xE9, 0x55, 0x10, 0x00, 0x51, 0x96, 0x93, 0x5E, 0x3A, 0x25, 0x9C, 0x61, 0x39, 0x92, 0x94, 0xB1, 0x14, 0x60, 0x11, 0xCB, 0x58, 0xBA, 0xF1, 0xD9, 0x69, 0x68, 0x89, 0xF3, 0x91, 0x16, 0x4B, 0x9F, 0xBA, 0x98, 0x96, 0x25, 0x2B, 0xFA, 0xD4, 0x8A, 0xE6, 0x41, 0xD9, 0x71, 0x2E, 0x85, 0x15, 0x04, 0x42, 0x48, 0xAE, 0xF6, 0x60 },
    // seq 195
    { 0xAD, 0x00, 0x00, 0xF8, 0xEA, 0x65, 0x10, 0x00, 0x8E, 0x56, 0xBA, 0x17, 0x1A, 0x8F, 0xA4, 0xED, 0x5A, 0x22, 0x4D, 0x9B, 0x53, 0xCB, 0x1A, 0x36, 0x65, 0x69, 0x70, 0x75, 0x89, 0x9A, 0x99, 0xA0, 0x92, 0xC6, 0x9C, 0x1D, 0xB5, 0xDF, 0x17, 0x4F, 0x75, 0x12, 0x7B, 0x55, 0x52, 0x46, 0xD9, 0xA1, 0xAF, 0x55, 0xF1, 0xD3, 0x06, 0x48, 0xFF, 0x4C, 0x64 },
    // seq 196
    { 0xAD, 0x00, 0x00, 0x39, 0xEA, 0x65, 0x20, 0x00, 0x5A, 0x0C, 0xD3, 0x1B, 0xAC, 0x4C, 0xD9, 0xC1, 0x3B, 0x46, 0x06, 0x96, 0x89, 0x53, 0x62, 0x44, 0x56, 0x95, 0x28, 0xE9, 0x23, 0x22, 0xBB, 0x08, 0x23, 0x2A, 0x97, 0x7B, 0x9C, 0x9A, 0x30, 0xE6, 0x56, 0x7F, 0x53, 0x36, 0x46, 0x3A, 0xED, 0x8F, 0xEB, 0xD3, 0x57, 0x25, 0x50, 0x55, 0x56, 0x93, 0x44 },
    // seq 197
    { 0xAD, 0x00, 0x00, 0x97, 0xDA, 0x65, 0x10, 0x00, 0x60, 0xD9, 0x5D, 0xB9, 0xE8, 0x2A, 0x8D, 0xAA, 0x24, 0xA1, 0xE8, 0x57, 0x43, 0x35, 0xAD, 0xCB, 0x21, 0x14, 0x97, 0x7B, 0x32, 0x8D, 0x9D, 0xA7, 0x6D, 0x46, 0x28, 0xA1, 0x35, 0xD3, 0x27, 0xF6, 0x99, 0x86, 0x23, 0x57, 0x9A, 0x69, 0x39, 0xB8, 0x6C, 0xDD, 0x98, 0xF3, 0x10, 0x85, 0xB7, 0x34, 0x18 },
    // seq 198
    { 0xAD, 0x00, 0x00, 0x56, 0xDA, 0x65, 0x20, 0x00, 0x9E, 0x2D, 0x4B, 0x63, 0x6F, 0x91, 0x13, 0xDC, 0x54, 0xB4, 0xDF, 0x15, 0xD1, 0x5F, 0xA9, 0x33, 0xAB, 0x59, 0xDE, 0xEE, 0x80, 0xE4, 0xAA, 0xC5, 0xA9, 0x51, 0x57, 0x3A, 0x7C, 0x59, 0x47, 0x20, 0x19, 0x8D, 0xA9, 0xB5, 0xE1, 0x0A, 0x51, 0x3E, 0xA3, 0x7A, 0x50, 0x56, 0xE5, 0x56, 0xDA, 0xF8, 0xA4 },
    // seq 199
    { 0xAD, 0x00, 0x00, 0x7E, 0xDA, 0x55, 0x20, 0x00, 0xCF, 0xBF, 0x96, 0x78, 0x74, 0xF1, 0x98, 0xB1, 0xFA, 0xB5, 0x35, 0x3A, 0x91, 0x7B, 0xD6, 0xB7, 0x68, 0x89, 0x29, 0x56, 0x0C, 0x49, 0x54, 0xC7, 0x1A, 0x2D, 0x4B, 0x3F, 0xA7, 0x5E, 0xAD, 0x51, 0x1D, 0x6B, 0xF7, 0x87, 0x81, 0x71, 0xDD, 0x81, 0xB0, 0x72, 0x13, 0xEA, 0xAE, 0x48, 0x3D, 0x38, 0xA4 },
    // seq 200
    { 0xAD, 0x00, 0x00, 0x8A, 0xD9, 0x54, 0x10, 0x00, 0x97, 0xA6, 0x59, 0x55, 0xA5, 0xD6, 0xA3, 0x0D, 0xC8, 0x29, 0x38, 0x80, 0x5E, 0x8F, 0xE7, 0x2E, 0xB8, 0xF2, 0x10, 0xEC, 0x6A, 0xD4, 0x79, 0xB1, 0xB1, 0x99, 0x5F, 0x96, 0x42, 0x65, 0x15, 0x0E, 0x98, 0x5A, 0x77, 0xB5, 0x02, 0x86, 0x41, 0x37, 0x64, 0x78, 0x58, 0xC3, 0xFA, 0xDB, 0x0B, 0xBE, 0x44 },
    // seq 201
    { 0xAD, 0x00, 0x00, 0xA2, 0xD9, 0x64, 0x10, 0x00, 0xE3, 0x1B, 0x48, 0x6A, 0x4C, 0x46, 0xD6, 0x6B, 0xAE, 0x99, 0xB9, 0x14, 0x12, 0x91, 0xCE, 0xF1, 0x9C, 0x50, 0x29, 0x93, 0x73, 0x91, 0xA1, 0x09, 0x1B, 0x18, 0x79, 0x28, 0x64, 0x33, 0xCF, 0x21, 0x8D, 0x84, 0x08, 0xB2, 0x35, 0x4B, 0x70, 0x5E, 0xD0, 0xF5, 0x5E, 0x70, 0x52, 0x18, 0x9B, 0x5C, 0x78 },
    // seq 202
    { 0xAD, 0x00, 0x00, 0x3F, 0xD8, 0x64, 0x10, 0x00, 0x54, 0x23, 0x55, 0x8D, 0x32, 0xD2, 0xD5, 0x49, 0x59, 0x66, 0x85, 0xC5, 0x49, 0xDD, 0xC3, 0x75, 0x6D, 0xD4, 0x62, 0xC7, 0x22, 0xB7, 0xA1, 0xA0, 0x5D, 0x11, 0x87, 0xB0, 0xA6, 0x5C, 0xED, 0xAE, 0x94, 0x0C, 0x4B, 0x55, 0x13, 0x29, 0xA5, 0x7C, 0xBC, 0xB9, 0xB2, 0xAC, 0x2C, 0x9C, 0xE2, 0xA9, 0x74 },
    // seq 203
    { 0xAD, 0x00, 0x00, 0xCB, 0xD7, 0x54, 0x00, 0x00, 0x8F, 0x12, 0x25, 0x19, 0x99, 0x86, 0xE7, 0x7B, 0x88, 0xAE, 0x00, 0xAE, 0x0C, 0x55, 0x9E, 0xAE, 0x8F, 0x2B, 0x2A, 0xC5, 0xFC, 0x44, 0x32, 0xC7, 0x89, 0x74, 0xD7, 0x55, 0x2B, 0xEA, 0x3A, 0xCC, 0xF6, 0xD6, 0xE4, 0x2D, 0x99, 0xAD, 0x0E, 0x79, 0x9F, 0xA4, 0xDA, 0x04, 0xE2, 0xE4, 0xC6, 0x4B, 0x30 },
    // seq 204
    { 0xAD, 0x00, 0x00, 0x6E, 0xC6, 0x42, 0x00, 0x00, 0x35, 0x22, 0x53, 0x68, 0xF7, 0x02, 0xDF, 0xFA, 0xD3, 0x47, 0xD5, 0x6A, 0x70, 0xA6, 0x11, 0xC6, 0x57, 0x1B, 0x6C, 0xA4, 0x5E, 0xDA, 0x11, 0x10, 0xB7, 0x14, 0x44, 0xAC, 0x93, 0x96, 0x73, 0xED, 0x58, 0x65, 0x0C, 0x5A, 0xCA, 0x3C, 0xEC, 0xC5, 0x0F, 0xC4, 0xAE, 0x6B, 0xCF, 0xB9, 0x34, 0xFC, 0x30 },
    // seq 205
    { 0xAD, 0x00, 0x00, 0x6D, 0xB4, 0x23, 0x00, 0x00, 0x4B, 0x2A, 0xD3, 0x44, 0x38, 0x28, 0x90, 0xE9, 0xCC, 0xC0, 0xEB, 0xCB, 0x8E, 0x71, 0x97, 0xEB, 0x27, 0xC6, 0x18, 0xEC, 0xB6, 0x5A, 0xCF, 0x9F, 0x75, 0xCE, 0xD8, 0xAC, 0x5B, 0x68, 0x19, 0xE3, 0x35, 0xBA, 0x03, 0xE0, 0xB6, 0x6D, 0x2A, 0x2B, 0x5E, 0x9A, 0x52, 0x96, 0xD9, 0x27, 0x45, 0xC8, 0x40 },
    // seq 206
    { 0xAD, 0x00, 0x00, 0x0A, 0xA2, 0x11, 0x00, 0x00, 0xBB, 0x92, 0xB5, 0xBD, 0x63, 0xAE, 0x2F, 0xA9, 0x7A, 0xE3, 0x16, 0x47, 0x1E, 0x71, 0x95, 0x3E, 0x0A, 0xCA, 0x2A, 0x01, 0x64, 0xD3, 0xDC, 0xC4, 0x3C, 0xC7, 0x62, 0x0E, 0xA0, 0xE5, 0x6C, 0x14, 0xAB, 0xED, 0x6B, 0x6B, 0x1E, 0x6B, 0x9A, 0xAE, 0x8A, 0xB4, 0x62, 0x4D, 0x76, 0x56, 0xE6, 0x9C, 0xA8 },
    // seq 207
    { 0xAD, 0x00, 0x00, 0xD7, 0x82, 0x00, 0x00, 0x00, 0x06, 0xCA, 0x69, 0x44, 0xAD, 0x04, 0x53, 0x71, 0x43, 0x15, 0x40, 0xEE, 0x09, 0x7A, 0xC8, 0xC2, 0x6F, 0xB7, 0x3E, 0x5E, 0x67, 0x3F, 0x47, 0x5E, 0x5D, 0x15, 0xAF, 0xC6, 0x56, 0x5D, 0xD1, 0xA2, 0x54, 0x0C, 0x4D, 0x55, 0x23, 0x69, 0x19, 0x5E, 0x08, 0xF6, 0x55, 0x63, 0x96, 0x54, 0xCE, 0x01, 0x44 },
    // seq 208
    { 0xAD, 0x00, 0x00, 0xDD, 0x83, 0x11, 0x00, 0x00, 0x81, 0x5E, 0x8D, 0x6E, 0xA6, 0xE0, 0xCC, 0xAA, 0x77, 0x46, 0x85, 0xCE, 0x0A, 0x68, 0xDB, 0x83, 0xDA, 0x5B, 0xAE, 0x68, 0x29, 0x27, 0x3D, 0x8D, 0x5E, 0x53, 0x27, 0x84, 0x53, 0x8F, 0xAC, 0x9D, 0x7A, 0xAA, 0x94, 0xBB, 0x89, 0xA9, 0xEC, 0xC4, 0x85, 0x7C, 0xA2, 0x9B, 0x15, 0x06, 0x1D, 0x07, 0x28 },
    // seq 209
    { 0xAD, 0x00, 0x00, 0xCF, 0x82, 0x10, 0x00, 0x00, 0x6C, 0xF8, 0x33, 0x9F, 0xD6, 0xCE, 0x25, 0xFB, 0xF6, 0x68, 0xD1, 0x11, 0xAB, 0x72, 0x67, 0x07, 0x73, 0x05, 0x8E, 0xAB, 0xA6, 0x6C, 0x8D, 0xD2, 0x21, 0x1A, 0x68, 0x18, 0x66, 0xE2, 0x1A, 0x0E, 0x08, 0xD9, 0x98, 0x85, 0x97, 0xA6, 0x61, 0x52, 0xD6, 0x19, 0x20, 0x99, 0xA5, 0xE9, 0xE1, 0x58, 0x80 },
    // seq 210
    { 0xAD, 0x00, 0x00, 0x19, 0x72, 0x00, 0x00, 0x00, 0x7C, 0x89, 0xC5, 0x58, 0x7D, 0xC8, 0x5A, 0x2E, 0x88, 0x56, 0xB2, 0x60, 0x95, 0x4C, 0xE9, 0xB5, 0x4C, 0x79, 0x79, 0x19, 0xFA, 0xAE, 0x57, 0x35, 0x96, 0x95, 0x5E, 0x68, 0x05, 0x4D, 0x2D, 0xF6, 0x59, 0x45, 0x50, 0x57, 0x9A, 0xF2, 0xD9, 0x8E, 0xC5, 0xC5, 0x44, 0x9E, 0xF2, 0x55, 0x25, 0x69, 0x44 },
    // seq 211
    { 0xAD, 0x00, 0x00, 0xA6, 0x72, 0x21, 0x00, 0x00, 0xD4, 0x38, 0xD3, 0xB3, 0x33, 0xC2, 0xF4, 0x61, 0x11, 0x24, 0xDF, 0x34, 0x47, 0xA9, 0xC0, 0xC4, 0xB0, 0xD4, 0xC4, 0xF7, 0x11, 0xAD, 0xB1, 0x25, 0x43, 0xF5, 0x7B, 0x23, 0x25, 0x65, 0x15, 0x39, 0x17, 0xB4, 0x10, 0x12, 0x25, 0x2D, 0x0F, 0xB1, 0x55, 0x22, 0x5E, 0x0A, 0xCF, 0x42, 0x85, 0x39, 0x30 },
    // seq 212
    { 0xAD, 0x00, 0x00, 0x7D, 0xB6, 0x87, 0x30, 0x00, 0x7B, 0x7B, 0xEF, 0x60, 0x1C, 0xFB, 0xD8, 0x07, 0x3D, 0x15, 0xDD, 0x2E, 0x3D, 0x6F, 0x64, 0x4F, 0x65, 0xAA, 0xEB, 0xDA, 0xCB, 0xC2, 0xE5, 0xCD, 0xB6, 0x3D, 0x37, 0xC2, 0x34, 0x93, 0xCA, 0x64, 0x67, 0xA7, 0xDF, 0x0A, 0x09, 0x16, 0x1A, 0x8D, 0x73, 0x4B, 0x6A, 0x54, 0xBB, 0xCA, 0xAA, 0xB3, 0x00 },
    // seq 213
    { 0xAD, 0x00, 0x00, 0x86, 0xC6, 0x87, 0x30, 0x00, 0x91, 0xB3, 0x1A, 0x66, 0x46, 0x49, 0xDA, 0xAB, 0x8C, 0x76, 0xB3, 0x0B, 0x41, 0x96, 0xDA, 0x6A, 0x1F, 0x26, 0x82, 0x05, 0xD2, 0x26, 0x60, 0xD0, 0x87, 0x98, 0x1A, 0x50, 0xF7, 0x0A, 0x4D, 0x92, 0xD6, 0x0A, 0x27, 0x76, 0x6C, 0xF8, 0xD6, 0xB8, 0xB9, 0xB7, 0xAB, 0x0D, 0x72, 0x28, 0x32, 0x9F, 0x88 },
    // seq 214
    { 0xAD, 0x00, 0x00, 0x17, 0xD6, 0x87, 0x20, 0x00, 0x67, 0xAE, 0xB6, 0x98, 0x39, 0x78, 0xA7, 0x82, 0xD8, 0xDA, 0x96, 0xE7, 0x1E, 0xCF, 0xBE, 0x45, 0x71, 0x93, 0xB0, 0xC8, 0x62, 0x62, 0x71, 0x28, 0xA2, 0xEC, 0x3A, 0xB1, 0x99, 0x56, 0x8E, 0xB5, 0x29, 0x04, 0xDA, 0x8A, 0xE9, 0x07, 0xDE, 0xB8, 0xC1, 0xE7, 0x63, 0x30, 0x75, 0x85, 0xC4, 0x23, 0x60 },
    // seq 215
    { 0xAD, 0x00, 0x00, 0x23, 0xC5, 0x66, 0x30, 0x00, 0x19, 0x64, 0xF4, 0x8C, 0x34, 0x74, 0x25, 0xD4, 0x35, 0xCA, 0x4A, 0xD4, 0x6A, 0xB8, 0x9B, 0xDE, 0xAC, 0x6F, 0x0B, 0xB8, 0xA4, 0x3A, 0x71, 0x84, 0xD1, 0xA5, 0x56, 0x3C, 0x99, 0x57, 0xAE, 0xE7, 0x56, 0x8C, 0xBC, 0x4E, 0x02, 0x4F, 0x5A, 0xA6, 0xAB, 0xF8, 0xEE, 0x8A, 0xFA, 0xBA, 0x24, 0x44, 0xEC },
    // seq 216
    { 0xAD, 0x00, 0x00, 0x77, 0xC4, 0x45, 0x10, 0x00, 0x78, 0x2C, 0x04, 0x57, 0xE7, 0x4A, 0x15, 0x8D, 0xAF, 0xA1, 0x8D, 0x8B, 0x44, 0x85, 0xED, 0x48, 0x2B, 0x78, 0xAA, 0xDB, 0x4E, 0xC9, 0x66, 0x52, 0x4D, 0x6A, 0x6C, 0x1B, 0x04, 0x95, 0x25, 0x25, 0xD4, 0xE9, 0xD6, 0x71, 0x7F, 0x8A, 0xC8, 0x8F, 0x75, 0x47, 0x30, 0x79, 0xAB, 0x0C, 0x8E, 0xE7, 0x84 },
    // seq 217
    { 0xAD, 0x00, 0x00, 0xB6, 0xC4, 0x45, 0x20, 0x00, 0x99, 0xDD, 0x93, 0x16, 0xD5, 0xAB, 0x53, 0x99, 0x4B, 0x38, 0xF5, 0xB5, 0xBE, 0x6B, 0x6B, 0x0B, 0xAE, 0x5A, 0xE1, 0xCD, 0xFD, 0xCA, 0xAE, 0xC5, 0x6A, 0xC2, 0x60, 0xCF, 0xCE, 0x4B, 0xD5, 0x0B, 0x12, 0x73, 0x50, 0xC5, 0x4B, 0x5B, 0xA1, 0xB0, 0x9F, 0x54, 0x7D, 0x6B, 0x6D, 0x2D, 0x60, 0xCE, 0xEC },
    // seq 218
    { 0xAD, 0x00, 0x00, 0x20, 0xD6, 0x56, 0x20, 0x00, 0x81, 0xC0, 0xE5, 0x19, 0x2B, 0xC7, 0x45, 0x03, 0xCE, 0x11, 0x1B, 0x07, 0x5B, 0x6B, 0xB9, 0xD4, 0xAC, 0x4F, 0x8A, 0x1C, 0xDB, 0xEE, 0x4A, 0x9D, 0x07, 0x6A, 0x74, 0x9C, 0xE4, 0xD6, 0x5C, 0xC7, 0xD3, 0xA9, 0xDA, 0x18, 0xFF, 0xBD, 0xAE, 0x95, 0x21, 0x0B, 0x78, 0xB2, 0x47, 0xCC, 0x62, 0xD9, 0x88 },
    // seq 219
    { 0xAD, 0x00, 0x00, 0x45, 0xD6, 0x65, 0x10, 0x00, 0x7C, 0x21, 0x28, 0x18, 0x1A, 0x2F, 0x04, 0x71, 0x70, 0x74, 0x92, 0x34, 0x59, 0x62, 0x6E, 0x51, 0x74, 0xE9, 0x42, 0xDE, 0x9D, 0xB0, 0x86, 0x79, 0x64, 0x19, 0x6B, 0x58, 0xD8, 0x57, 0xDC, 0x4D, 0x43, 0x08, 0xEF, 0x60, 0x96, 0xCA, 0xD9, 0x93, 0x41, 0x89, 0x7D, 0xFA, 0xC2, 0x1D, 0x5D, 0xED, 0x34 },
    // seq 220
    { 0xAD, 0x00, 0x00, 0x7D, 0xD6, 0x66, 0x00, 0x00, 0x7B, 0xDE, 0x8D, 0x59, 0x08, 0xE0, 0xC5, 0x3A, 0x25, 0xBC, 0x74, 0x32, 0x91, 0x41, 0x39, 0x6B, 0x71, 0x85, 0x13, 0x2F, 0xEA, 0x38, 0x22, 0xB8, 0x4A, 0x34, 0x68, 0xE4, 0x53, 0x99, 0xE9, 0x64, 0xF4, 0x41, 0xB8, 0xBC, 0x60, 0x75, 0x6E, 0x63, 0xDB, 0x54, 0xF8, 0x58, 0xF0, 0x8E, 0xC2, 0x17, 0x60 },
    // seq 221
    { 0xAD, 0x00, 0x00, 0xEF, 0xD5, 0x56, 0x00, 0x00, 0x92, 0x58, 0xE3, 0xDA, 0x16, 0x52, 0x96, 0x7E, 0x71, 0x6C, 0xE1, 0x5C, 0x25, 0x21, 0x6A, 0x44, 0xE0, 0xB4, 0x52, 0xCE, 0xE6, 0x37, 0x4F, 0x7A, 0x8C, 0x2A, 0x88, 0x62, 0xC5, 0xDA, 0x05, 0xD6, 0x16, 0x3A, 0x4C, 0x74, 0xDC, 0x5C, 0x64, 0x2B, 0xAE, 0x35, 0xE2, 0x72, 0xF6, 0x4E, 0x7E, 0x70, 0x7C },
    // seq 222
    { 0xAD, 0x00, 0x00, 0xD7, 0xD5, 0x55, 0x10, 0x00, 0xD5, 0x21, 0x59, 0x61, 0xB8, 0xAD, 0x96, 0x79, 0xB6, 0x85, 0x84, 0x8B, 0x19, 0x39, 0x1D, 0x29, 0x8B, 0xEB, 0x11, 0x28, 0x64, 0xDA, 0x77, 0x7D, 0xA4, 0x19, 0xD3, 0xE1, 0x67, 0x23, 0x67, 0x36, 0x06, 0xD1, 0x52, 0x81, 0x93, 0x8C, 0xDC, 0x41, 0x9F, 0x19, 0x4C, 0x69, 0xA8, 0x57, 0x6C, 0xCB, 0xD4 },
    // seq 223
    { 0xAD, 0x00, 0x00, 0x20, 0xD6, 0x56, 0x20, 0x00, 0xCE, 0x46, 0xD4, 0xF6, 0x6F, 0x8A, 0xBA, 0x1B, 0x25, 0xB1, 0xDC, 0xE7, 0x8C, 0x64, 0x36, 0x61, 0x11, 0x92, 0x74, 0x42, 0xEA, 0xAF, 0x11, 0x74, 0xF2, 0x4C, 0xB5, 0xB5, 0xA4, 0xF7, 0x6E, 0x75, 0x3B, 0x8A, 0x1A, 0x0A, 0x0D, 0x27, 0x71, 0x62, 0x31, 0x1C, 0x51, 0xD2, 0x78, 0x93, 0x19, 0x9E, 0x2C },
    // seq 224
    { 0xAD, 0x00, 0x00, 0x6D, 0xD6, 0x55, 0x10, 0x00, 0x4C, 0xF5, 0x29, 0xA7, 0x44, 0x79, 0xAD, 0xBE, 0xF2, 0x8B, 0x51, 0x6E, 0xD6, 0x9B, 0xEE, 0x48, 0x5A, 0xC5, 0xA5, 0x44, 0xAA, 0x18, 0x60, 0xDC, 0xAD, 0x54, 0x39, 0xD4, 0xBA, 0x1C, 0xE9, 0x59, 0xDB, 0xE5, 0x44, 0xAB, 0x7B, 0x9E, 0x0E, 0xBD, 0x4F, 0x59, 0x61, 0x2C, 0x61, 0x55, 0xA1, 0x15, 0x84 },
    // seq 225
    { 0xAD, 0x00, 0x00, 0x6D, 0xD6, 0x55, 0x10, 0x00, 0x42, 0xAB, 0x67, 0x4D, 0xB2, 0xA6, 0x64, 0x97, 0x71, 0x6A, 0x31, 0x3A, 0xA6, 0xCF, 0xAE, 0x73, 0xB7, 0x96, 0x62, 0x1B, 0x0A, 0x96, 0x85, 0xD7, 0x4D, 0xD9, 0x4C, 0xE1, 0xA7, 0x4E, 0xAB, 0x19, 0x93, 0x61, 0x37, 0x85, 0x62, 0x96, 0xDD, 0x9C, 0xD6, 0x28, 0x76, 0x99, 0xE9, 0x5D, 0xA5, 0x55, 0x84 },
    // seq 226
    { 0xAD, 0x00, 0x00, 0x68, 0xD6, 0x53, 0x10, 0x00, 0xA8, 0x77, 0x6B, 0x1B, 0xE4, 0xAD, 0x44, 0x9A, 0x06, 0xA4, 0xDB, 0x75, 0x91, 0x34, 0xED, 0xBD, 0x56, 0x84, 0x86, 0xAA, 0x0E, 0x69, 0xEB, 0x82, 0x71, 0xCE, 0xDE, 0x95, 0x7B, 0xAA, 0xBC, 0x60, 0x16, 0xD9, 0x3A, 0x35, 0x08, 0x7D, 0x85, 0x2E, 0xE2, 0x73, 0x4C, 0xD9, 0xA3, 0x15, 0xE9, 0xA4, 0x44 },
    // seq 227
    { 0xAD, 0x00, 0x00, 0xFA, 0xD6, 0x44, 0x10, 0x00, 0xA6, 0x64, 0xAA, 0xB8, 0xA7, 0x19, 0xDD, 0xF1, 0x69, 0x66, 0xA5, 0xC6, 0x0D, 0x6A, 0x14, 0xB8, 0x0F, 0x27, 0x12, 0x02, 0x92, 0x47, 0x70, 0xC4, 0x8E, 0x1D, 0x60, 0xDC, 0x26, 0x6B, 0x28, 0xAA, 0x5E, 0xA5, 0xC7, 0x87, 0x96, 0x62, 0x59, 0xAA, 0xB0, 0xA5, 0x59, 0x75, 0xA1, 0x93, 0x51, 0xD6, 0xB4 },
    // seq 228
    { 0xAD, 0x00, 0x00, 0x08, 0xD5, 0x34, 0x10, 0x00, 0x21, 0x48, 0xEB, 0x4C, 0x1D, 0x03, 0x56, 0x6C, 0x75, 0x26, 0xD2, 0xDB, 0x21, 0xEC, 0xDD, 0x16, 0x79, 0x46, 0x43, 0x5A, 0xAE, 0x2F, 0x35, 0x8B, 0xC9, 0xAD, 0x2F, 0x29, 0x8B, 0x46, 0xA3, 0xC6, 0x52, 0xE6, 0x56, 0x89, 0xAA, 0x4C, 0xD6, 0xBB, 0x5A, 0x51, 0xBC, 0xC8, 0xDA, 0x6E, 0xB3, 0x25, 0x14 },
    // seq 229
    { 0xAD, 0x00, 0x00, 0xBC, 0xD5, 0x34, 0x00, 0x00, 0xAC, 0x28, 0x31, 0x57, 0x7C, 0xB3, 0xC2, 0x75, 0x91, 0x94, 0x57, 0x45, 0xAC, 0x2F, 0xD2, 0x8D, 0x1B, 0xE4, 0x18, 0xFB, 0xD2, 0xB9, 0xD3, 0xC2, 0x4F, 0x89, 0xE7, 0xD6, 0x34, 0xEA, 0xA2, 0x70, 0x95, 0xF9, 0x24, 0x54, 0xAF, 0x54, 0x8B, 0x1B, 0x31, 0xDB, 0xCC, 0x94, 0x05, 0x16, 0xCD, 0x05, 0x2C },
    // seq 230
    { 0xAD, 0x00, 0x00, 0x95, 0xD4, 0x34, 0x10, 0x00, 0xB5, 0x82, 0xB1, 0x7A, 0x0D, 0xCB, 0x9E, 0x3E, 0x2B, 0x26, 0xB0, 0x4C, 0x28, 0x63, 0xEA, 0xD6, 0x4B, 0xFE, 0xC2, 0xD2, 0x01, 0xF3, 0x38, 0xDE, 0x8B, 0xCE, 0x70, 0x2B, 0x2A, 0xAC, 0xF4, 0xD4, 0x9E, 0x0F, 0x6E, 0x67, 0x77, 0x06, 0x55, 0xAA, 0xAC, 0xEB, 0x19, 0x58, 0xDC, 0x83, 0x39, 0x10, 0xE4 },
    // seq 231
    { 0xAD, 0x00, 0x00, 0x36, 0xD5, 0x33, 0x00, 0x00, 0x27, 0xE9, 0x2D, 0x90, 0x4B, 0xF3, 0xE7, 0x36, 0x79, 0xCA, 0xAF, 0x46, 0xEA, 0xD0, 0xAB, 0x0D, 0x73, 0xAC, 0x32, 0x2A, 0x4D, 0x61, 0x39, 0xA9, 0xB6, 0xF3, 0x3F, 0x2E, 0x02, 0x8D, 0xA5, 0x74, 0x14, 0xE1, 0x3C, 0x35, 0xDF, 0xD2, 0x69, 0xA2, 0xF6, 0x5C, 0xAF, 0x8B, 0xD2, 0xDB, 0xC9, 0x0D, 0xC4 },
    // seq 232
    { 0xAD, 0x00, 0x00, 0x32, 0xC3, 0x43, 0x00, 0x00, 0xBF, 0xAC, 0x96, 0x9B, 0x9C, 0x9B, 0x62, 0xA6, 0x4A, 0x64, 0x44, 0x06, 0x28, 0x2B, 0x41, 0x41, 0x19, 0x20, 0x29, 0xD9, 0xEE, 0xD3, 0x13, 0x0B, 0x3A, 0xE5, 0xC7, 0xB2, 0x46, 0x2C, 0x93, 0xE7, 0x38, 0xE1, 0x36, 0xD9, 0xA9, 0x52, 0x37, 0x53, 0x10, 0x9A, 0x14, 0x13, 0x19, 0x76, 0x1C, 0xCB, 0x24 },
    // seq 233
    { 0xAD, 0x00, 0x00, 0x17, 0xA5, 0x54, 0x00, 0x00, 0x71, 0x5C, 0x6B, 0x33, 0x27, 0xE7, 0x6F, 0x6D, 0xC6, 0xAF, 0xBD, 0x96, 0x36, 0xBC, 0x5F, 0x81, 0xDD, 0xA7, 0x98, 0xF4, 0x86, 0xAA, 0xD9, 0x08, 0x7D, 0xA9, 0x57, 0x5D, 0x7C, 0x1E, 0x97, 0x26, 0xA8, 0xD9, 0x73, 0x42, 0x62, 0x7E, 0xF1, 0x9B, 0xDB, 0x6C, 0xE5, 0x8C, 0x59, 0x08, 0x16, 0xEE, 0x18 },
    // seq 234
    { 0xAD, 0x00, 0x00, 0xD3, 0x84, 0x65, 0x10, 0x00, 0x2A, 0x99, 0xF4, 0x05, 0x5B, 0x59, 0x42, 0x03, 0x40, 0xF1, 0x7C, 0xEC, 0xED, 0x9F, 0x4C, 0xF1, 0xB2, 0xA0, 0xDC, 0x6C, 0x3D, 0xB0, 0x3A, 0x4E, 0x33, 0xB9, 0x58, 0x3B, 0xD0, 0x51, 0xDE, 0xDD, 0x14, 0x46, 0xC5, 0x44, 0xEA, 0xAF, 0x85, 0x65, 0x82, 0xEF, 0x6C, 0xD5, 0x4E, 0x1D, 0x58, 0x3D, 0x84 },
    // seq 235
    { 0xAD, 0x00, 0x00, 0xB6, 0x84, 0x56, 0x20, 0x00, 0xCA, 0x99, 0x12, 0xE9, 0xD5, 0xC4, 0xB7, 0x95, 0x8E, 0x69, 0x02, 0xB0, 0xC3, 0x38, 0x36, 0xCA, 0xCF, 0xA4, 0x29, 0x47, 0x2B, 0xCA, 0x72, 0xAF, 0x14, 0x44, 0xC9, 0x81, 0x25, 0x2B, 0xED, 0x88, 0xB9, 0xC9, 0xC1, 0xCE, 0x1D, 0x2A, 0x3A, 0x57, 0x96, 0xE0, 0x53, 0xCC, 0x7A, 0x14, 0x47, 0xCE, 0x48 },
    // seq 236
    { 0xAD, 0x00, 0x00, 0x50, 0x74, 0x66, 0x20, 0x00, 0x42, 0x59, 0x14, 0xEF, 0xAD, 0xDD, 0x4F, 0xCF, 0x85, 0xB7, 0xAE, 0x14, 0x44, 0xA2, 0xFA, 0xDB, 0x19, 0x39, 0xA9, 0xC4, 0xAC, 0x4E, 0x90, 0x1B, 0xB6, 0x5D, 0x0B, 0x44, 0x65, 0x58, 0x4D, 0xD5, 0x3B, 0xB0, 0xA5, 0x07, 0x85, 0xDA, 0x68, 0xC3, 0x07, 0xA8, 0x2E, 0xA6, 0xAC, 0x39, 0xB1, 0x59, 0x78 },
    // seq 237
    { 0xAD, 0x00, 0x00, 0x79, 0x75, 0x66, 0x30, 0x00, 0x48, 0xF9, 0x3D, 0x41, 0xCE, 0x72, 0xD0, 0xED, 0x4C, 0xB1, 0x7B, 0xB0, 0x6A, 0xA8, 0xA4, 0x9A, 0x70, 0xCA, 0x68, 0x8D, 0xB3, 0x79, 0x23, 0x6B, 0x9F, 0xC1, 0x7F, 0x3A, 0x1A, 0x8C, 0xC5, 0xCD, 0xB2, 0xC7, 0x9D, 0xB1, 0x2C, 0x5D, 0x94, 0x60, 0x68, 0x13, 0x1D, 0x29, 0xF7, 0x4B, 0x90, 0x72, 0x8C },
    // seq 238
    { 0xAD, 0x00, 0x00, 0x6F, 0x76, 0x76, 0x20, 0x00, 0xD5, 0x0B, 0xD4, 0xEA, 0x41, 0x07, 0x25, 0x0B, 0xB5, 0x6C, 0xAC, 0x30, 0xCD, 0x30, 0xF3, 0xAD, 0x97, 0xB1, 0x16, 0xEA, 0x4E, 0xBC, 0x17, 0x34, 0x0A, 0x53, 0xD3, 0x14, 0xFA, 0x74, 0x97, 0x41, 0x06, 0x2D, 0x15, 0xE0, 0x2B, 0xF1, 0x89, 0x3B, 0x23, 0x6E, 0xDF, 0x43, 0x0B, 0x5A, 0x53, 0xB1, 0x98 },
    // seq 239
    { 0xAD, 0x00, 0x00, 0xD5, 0x75, 0x76, 0x20, 0x00, 0xA3, 0xB8, 0xD3, 0x27, 0xB6, 0xB2, 0x2B, 0x70, 0x52, 0x02, 0x6C, 0x9E, 0xA0, 0x75, 0x1A, 0xEE, 0x8D, 0xBD, 0xD6, 0x54, 0x13, 0x62, 0xF9, 0x44, 0x68, 0x76, 0x7F, 0x05, 0xCF, 0x25, 0x39, 0xE4, 0xAA, 0x4A, 0xD2, 0x22, 0xF6, 0x85, 0x78, 0x8F, 0x75, 0xAE, 0x8C, 0x8B, 0x78, 0x33, 0x86, 0x21, 0xB4 },
    // seq 240
    { 0xAD, 0x00, 0x00, 0x7F, 0x76, 0x77, 0x40, 0x00, 0x47, 0x18, 0x36, 0x56, 0x3A, 0x36, 0xA8, 0xC7, 0x7C, 0x67, 0x62, 0x9E, 0x88, 0xCE, 0xC8, 0x0D, 0xF3, 0x3D, 0x36, 0x77, 0xF4, 0xB7, 0xA0, 0xE1, 0xAA, 0x88, 0x38, 0xE2, 0xA1, 0xCE, 0x65, 0x28, 0x46, 0x6A, 0x84, 0x0E, 0xB5, 0x67, 0x34, 0xC5, 0x31, 0xE5, 0xB9, 0xBA, 0x93, 0x8A, 0xF3, 0x62, 0x24 },
    // seq 241
    { 0xAD, 0x00, 0x00, 0xB1, 0x86, 0x77, 0x40, 0x00, 0x6A, 0x89, 0xAE, 0x12, 0xD6, 0x2C, 0x63, 0xB6, 0x75, 0x99, 0x6B, 0xDD, 0x36, 0x7C, 0xC8, 0x91, 0x66, 0xC4, 0xD0, 0x5B, 0x4C, 0xB4, 0xDB, 0x6C, 0x3B, 0x58, 0xAA, 0x77, 0xD2, 0x9C, 0xDC, 0xAC, 0xB5, 0x6C, 0xDA, 0x69, 0x1B, 0x83, 0x19, 0x39, 0x48, 0xAD, 0xD3, 0xB2, 0x2B, 0x66, 0x6B, 0x45, 0x94 },
    // seq 242
    { 0xAD, 0x00, 0x00, 0x3A, 0x87, 0x98, 0x40, 0x00, 0x9A, 0xDA, 0xDC, 0xB0, 0xD1, 0x36, 0x3A, 0x73, 0x7E, 0x4D, 0xFB, 0x2C, 0xAC, 0x6D, 0x03, 0xD7, 0x17, 0xC2, 0x04, 0xD6, 0xF6, 0xC6, 0xF6, 0x0B, 0xCC, 0x7C, 0x96, 0x77, 0x98, 0xF0, 0x47, 0x11, 0x19, 0x91, 0x4E, 0xC1, 0xEA, 0xDD, 0x80, 0x88, 0x7A, 0x6C, 0x9F, 0x55, 0xC5, 0x44, 0x92, 0x5E, 0xB4 },
    // seq 243
    { 0xAD, 0x00, 0x00, 0x05, 0x85, 0x88, 0x40, 0x00, 0x39, 0x57, 0x41, 0x96, 0xE2, 0x2D, 0x59, 0xB9, 0x83, 0x4E, 0x7A, 0x36, 0x61, 0x86, 0x64, 0x46, 0x22, 0xB7, 0xD5, 0x87, 0x76, 0x64, 0xA5, 0x82, 0x3C, 0xC3, 0x5B, 0xD7, 0x4D, 0x1F, 0x52, 0x56, 0x59, 0xA1, 0x8A, 0x36, 0x28, 0x98, 0xB4, 0x8F, 0xB4, 0xE2, 0xE3, 0xAD, 0xE9, 0x28, 0x94, 0x0A, 0x08 },
    // seq 244
    { 0xAD, 0x00, 0x00, 0x38, 0x86, 0x98, 0x20, 0x00, 0x7E, 0x8C, 0x6E, 0x24, 0xD9, 0xB9, 0xD9, 0x4E, 0x72, 0x55, 0x9B, 0x61, 0x29, 0x8C, 0xA8, 0x14, 0x20, 0xC6, 0x3E, 0x46, 0x38, 0x5A, 0x15, 0x8B, 0x25, 0x55, 0x61, 0x07, 0xD7, 0x5D, 0x31, 0xE9, 0xC7, 0xF6, 0x86, 0x01, 0x8B, 0xA2, 0x81, 0x82, 0xD7, 0x5E, 0x66, 0x42, 0x09, 0x9B, 0xEE, 0x9D, 0x00 },
    // seq 245
    { 0xAD, 0x00, 0x00, 0xCB, 0x75, 0x88, 0x40, 0x00, 0xAB, 0x02, 0x89, 0xD6, 0x0E, 0x25, 0x91, 0x59, 0xBB, 0x6D, 0x79, 0x2D, 0xFB, 0xAE, 0x77, 0x26, 0xA8, 0x35, 0x9F, 0x77, 0x62, 0x48, 0xD9, 0x58, 0x9A, 0x16, 0x7A, 0x14, 0x8D, 0xDE, 0x69, 0x5E, 0x7A, 0x1E, 0x57, 0x1A, 0x83, 0x45, 0x44, 0x2D, 0x26, 0x70, 0xD4, 0x97, 0x28, 0x48, 0x56, 0x8A, 0x58 },
    // seq 246
    { 0xAD, 0x00, 0x00, 0xDE, 0xB6, 0x77, 0x40, 0x00, 0x81, 0x83, 0xE1, 0x20, 0x5E, 0xA5, 0x58, 0x7B, 0xB9, 0xB2, 0x12, 0x56, 0x8C, 0x82, 0x6A, 0x97, 0x1E, 0xDE, 0xC9, 0x36, 0xD6, 0xCD, 0x09, 0xC6, 0xF6, 0x51, 0x82, 0x83, 0x98, 0x65, 0xD0, 0x6C, 0xAA, 0x06, 0xD3, 0x8E, 0x46, 0x89, 0x64, 0x5B, 0x9C, 0x99, 0x4B, 0x6A, 0x76, 0x54, 0xE4, 0xB6, 0x50 },
    // seq 247
    { 0xAD, 0x00, 0x00, 0x2D, 0xC6, 0x66, 0x20, 0x00, 0x92, 0xB7, 0x40, 0x6D, 0x16, 0x72, 0x4A, 0xEC, 0x5D, 0x41, 0xD3, 0x26, 0x68, 0x3C, 0xA6, 0xAE, 0x0D, 0xED, 0x59, 0xD7, 0x94, 0xDD, 0x27, 0x1C, 0xA8, 0x4D, 0xE3, 0x4D, 0xED, 0x6A, 0x4A, 0x6C, 0x94, 0x84, 0xDD, 0x04, 0x3A, 0xE9, 0x2D, 0x30, 0xD5, 0x30, 0x63, 0x91, 0x9B, 0x9D, 0xF9, 0xDB, 0x04 },
    // seq 248
    { 0xAD, 0x00, 0x00, 0x31, 0xD7, 0x55, 0x20, 0x00, 0xB6, 0xA4, 0xCE, 0xE4, 0x66, 0x35, 0x36, 0x1A, 0x64, 0xAD, 0x1E, 0x76, 0xB3, 0x57, 0xE6, 0x6C, 0xE1, 0x65, 0xBB, 0xAB, 0x25, 0xD0, 0xEA, 0xF8, 0x92, 0xB9, 0x94, 0xD8, 0xEC, 0x57, 0xEB, 0xCC, 0x24, 0x11, 0x09, 0x6D, 0x2B, 0xB4, 0xBC, 0x7C, 0x8E, 0xD5, 0x6D, 0x39, 0xA9, 0xDC, 0xCA, 0x78, 0xB0 },
    // seq 249
    { 0xAD, 0x00, 0x00, 0x23, 0xD6, 0x54, 0x20, 0x00, 0xA3, 0x0E, 0xD7, 0x17, 0xFC, 0x44, 0xC3, 0x6C, 0x14, 0x90, 0xE2, 0xC3, 0x44, 0x72, 0x4D, 0x0B, 0x2E, 0x6A, 0x28, 0xBD, 0x8E, 0x53, 0x4E, 0xC0, 0x6C, 0x2A, 0x67, 0xA0, 0xD2, 0x4E, 0x65, 0xD9, 0x93, 0x3E, 0x2D, 0x29, 0x93, 0x53, 0xEB, 0xAE, 0xE6, 0xCF, 0x36, 0xE8, 0xBD, 0x4B, 0xE5, 0xD6, 0x70 },
    // seq 250
    { 0xAD, 0x00, 0x00, 0xEC, 0xD5, 0x54, 0x00, 0x00, 0x74, 0xAB, 0x4C, 0x4F, 0x44, 0xAA, 0x62, 0xC2, 0x79, 0x41, 0x45, 0xD1, 0xCC, 0x9D, 0x8A, 0x8D, 0x36, 0x9D, 0x14, 0xEC, 0xFE, 0xCA, 0xDE, 0x26, 0x21, 0xA9, 0x46, 0xF3, 0x74, 0xC9, 0x88, 0x22, 0x33, 0xB1, 0xD7, 0xC6, 0x21, 0x8D, 0xAB, 0xDA, 0x77, 0x7E, 0xF9, 0x43, 0x4F, 0x09, 0xFA, 0x5B, 0xD4 },
    // seq 251
    { 0xAD, 0x00, 0x00, 0x58, 0xD5, 0x54, 0x10, 0x00, 0x51, 0xF0, 0xB7, 0x89, 0x66, 0x3A, 0x52, 0xA7, 0x6D, 0x29, 0xB8, 0x33, 0xCD, 0xCB, 0x2E, 0xF4, 0x7C, 0x34, 0xCF, 0x9B, 0x8A, 0x50, 0x65, 0x8B, 0xB2, 0xB1, 0x2C, 0xD9, 0x54, 0x48, 0x61, 0x3A, 0x65, 0x02, 0xF3, 0x16, 0xB3, 0x32, 0x91, 0xF0, 0xEE, 0xF9, 0x35, 0xF5, 0x19, 0xC7, 0xF8, 0xB7, 0x90 },
    // seq 252
    { 0xAD, 0x00, 0x00, 0xAC, 0xD6, 0x55, 0x20, 0x00, 0x3A, 0x64, 0xB4, 0xC8, 0x48, 0xBC, 0x43, 0x3A, 0x6A, 0x91, 0xFE, 0x63, 0xB4, 0xDA, 0x20, 0xE8, 0xFC, 0x87, 0xDB, 0x9B, 0x02, 0x6C, 0xA5, 0x61, 0x93, 0x61, 0x2A, 0x5F, 0x52, 0x89, 0x43, 0xC3, 0xC5, 0x26, 0x30, 0xD2, 0xB0, 0x7A, 0xBC, 0xEE, 0x9E, 0xE8, 0xF6, 0xE8, 0x24, 0xB8, 0xAC, 0xB8, 0xA8 },
    // seq 253
    { 0xAD, 0x00, 0x00, 0xD7, 0xD5, 0x55, 0x10, 0x00, 0x44, 0x22, 0xAC, 0x49, 0x38, 0xBD, 0x52, 0xD3, 0x6A, 0x89, 0xBC, 0x43, 0xD6, 0xCB, 0xE3, 0x27, 0xBC, 0x66, 0x35, 0xDB, 0xCF, 0x1A, 0x75, 0x99, 0x2A, 0x5C, 0x32, 0xD9, 0x35, 0x0A, 0x32, 0x2E, 0x44, 0x43, 0x92, 0x66, 0x32, 0x64, 0x2A, 0xD9, 0xE6, 0xD5, 0xB8, 0xF5, 0xE2, 0x1A, 0x3B, 0xA6, 0x44 },
    // seq 254
    { 0xAD, 0x00, 0x00, 0xD9, 0xD6, 0x55, 0x00, 0x00, 0x59, 0x9E, 0x9D, 0x0D, 0x49, 0x18, 0xD3, 0x0C, 0xEA, 0xC1, 0x4A, 0xA1, 0xD2, 0x9E, 0xDF, 0x72, 0x38, 0x98, 0xA3, 0x7D, 0xA1, 0x92, 0xA2, 0x4C, 0x85, 0xF6, 0x4E, 0x62, 0x79, 0xCC, 0x49, 0x59, 0x43, 0x25, 0x09, 0xB1, 0x67, 0x99, 0xF4, 0xA8, 0x60, 0x62, 0x39, 0xC8, 0x63, 0x6D, 0x79, 0xA3, 0x24 },
    // seq 255
    { 0xAD, 0x00, 0x00, 0x75, 0xD6, 0x45, 0x10, 0x00, 0x8D, 0xE3, 0x79, 0x52, 0xE7, 0x98, 0xC3, 0x0E, 0x85, 0x90, 0xCA, 0x32, 0x59, 0x5B, 0xA9, 0x7A, 0x6A, 0x86, 0x0D, 0x6E, 0x56, 0x1A, 0xBB, 0x56, 0x6C, 0x56, 0x8E, 0x2A, 0x47, 0x53, 0x27, 0x55, 0x13, 0x0E, 0x72, 0x70, 0xCC, 0x2D, 0xD4, 0x59, 0x6D, 0x3B, 0x69, 0x05, 0x31, 0xDE, 0x2E, 0xA2, 0x64 },
    // seq 0
    { 0xAD, 0x00, 0x00, 0x56, 0xD6, 0x54, 0x00, 0x00, 0xDE, 0xDF, 0xC3, 0x66, 0xEA, 0xD9, 0x25, 0x35, 0x59, 0xC8, 0xB9, 0x85, 0xAA, 0x2B, 0xD9, 0x86, 0xD2, 0xCC, 0x16, 0x39, 0x31, 0x46, 0x43, 0x68, 0xAA, 0x2F, 0xE8, 0xD4, 0x66, 0xEC, 0xC6, 0x5E, 0x56, 0xA1, 0xE9, 0x24, 0xD9, 0x81, 0x70, 0x26, 0x68, 0x8C, 0x4D, 0xC2, 0x97, 0x57, 0x26, 0xAA, 0x2C },
    // seq 1
    { 0xAD, 0x00, 0x00, 0x6D, 0xD6, 0x55, 0x10, 0x00, 0xBF, 0x95, 0x56, 0x7A, 0xA8, 0xE2, 0x1D, 0x16, 0x29, 0x96, 0x36, 0xA5, 0x91, 0x4D, 0x5C, 0x89, 0x4B, 0x08, 0x55, 0x52, 0xA1, 0x18, 0x85, 0x36, 0xE8, 0xDE, 0x94, 0x8B, 0x98, 0xB6, 0x4C, 0x59, 0x2E, 0xA1, 0x76, 0x76, 0xF7, 0x8A, 0xA5, 0x76, 0x53, 0x82, 0x0E, 0xD8, 0x9E, 0x42, 0x0A, 0x38, 0x60 },
    // seq 2
    { 0xAD, 0x00, 0x00, 0x58, 0xD5, 0x54, 0x10, 0x00, 0x2A, 0x1C, 0xF9, 0x17, 0x84, 0xCE, 0xDA, 0xD3, 0x0F, 0x6B, 0xAE, 0x04, 0x56, 0xEA, 0x71, 0x0E, 0xAB, 0xF9, 0x90, 0x56, 0x3A, 0x92, 0x84, 0xB8, 0x5A, 0x48, 0x1F, 0x6D, 0x35, 0x0C, 0xE4, 0x43, 0x56, 0x7D, 0x53, 0xDA, 0xCC, 0x84, 0x96, 0xEE, 0xD6, 0xE3, 0xBB, 0x4D, 0xC6, 0x1A, 0xF9, 0xA4, 0x14 },
    // seq 3
    { 0xAD, 0x00, 0x00, 0x40, 0xD5, 0x44, 0x10, 0x00, 0x60, 0xA9, 0x3A, 0x0A, 0xA4, 0x98, 0x81, 0xFA, 0xF3, 0x80, 0xD3, 0x2C, 0xA8, 0x63, 0xE2, 0x89, 0x69, 0x35, 0xCD, 0xDD, 0xE6, 0xD3, 0x97, 0x9F, 0x84, 0xD9, 0xB8, 0x97, 0xC7, 0x5C, 0xAB, 0x11, 0xD3, 0xC8, 0xF4, 0x84, 0xAE, 0xBA, 0x22, 0x39, 0x09, 0x26, 0x96, 0x9E, 0x59, 0xE8, 0xA1, 0x70, 0x54 },
    // seq 4
    { 0xAD, 0x00, 0x00, 0x40, 0xD5, 0x44, 0x10, 0x00, 0xBD, 0x26, 0x36, 0x77, 0x73, 0x32, 0x5D, 0x02, 0xA2, 0x42, 0x61, 0x6C, 0xE8, 0x5A, 0x55, 0x23, 0x4D, 0xD9, 0x3F, 0x13, 0x3E, 0x53, 0x85, 0x10, 0x62, 0x1A, 0x66, 0x14, 0xDA, 0xA5, 0x62, 0xAC, 0x1C, 0x5A, 0x90, 0x97, 0x71, 0x5D, 0x61, 0xC4, 0xA3, 0x7A, 0x62, 0xA8, 0xE1, 0x15, 0x35, 0x6E, 0x74 },
    // seq 5
    { 0xAD, 0x00, 0x00, 0x69, 0xD4, 0x44, 0x00, 0x00, 0x3A, 0x6D, 0xA1, 0xCF, 0x5B, 0x9D, 0x05, 0x13, 0x68, 0x55, 0xBE, 0x5F, 0xB4, 0x94, 0x53, 0xAB, 0x6D, 0xBA, 0xEC, 0xBC, 0xA6, 0x66, 0x4A, 0xF6, 0xC5, 0x92, 0x92, 0x87, 0x23, 0x58, 0x3E, 0x60, 0x94, 0x4D, 0x38, 0xC9, 0x15, 0xB9, 0x4F, 0x57, 0x8E, 0x93, 0x9B, 0xA4, 0x4C, 0xF8, 0x64, 0xF7, 0xCC },
    // seq 6
    { 0xAD, 0x00, 0x00, 0x5B, 0xC5, 0x43, 0x00, 0x00, 0xBE, 0x47, 0x45, 0xF9, 0xCC, 0x72, 0x6E, 0xA7, 0x04, 0x5E, 0xED, 0xBF, 0x15, 0x72, 0xD3, 0xB3, 0x0E, 0xF3, 0xD0, 0x52, 0xBC, 0xFB, 0xD0, 0xE3, 0xC2, 0xFA, 0x51, 0xD0, 0xC4, 0xDB, 0xEB, 0xD0, 0xE9, 0x21, 0x65, 0xCA, 0xEB, 0x37, 0x38, 0xDA, 0x2B, 0x42, 0x34, 0x84, 0x2F, 0x79, 0xF6, 0xCA, 0x20 },
    // seq 7
    { 0xAD, 0x00, 0x00, 0x8E, 0xC4, 0x33, 0x00, 0x00, 0x60, 0xD3, 0xBC, 0xCE, 0x4C, 0xCE, 0xA3, 0x2F, 0x03, 0x59, 0x0A, 0x35, 0x14, 0x5D, 0x72, 0x9E, 0x60, 0x02, 0xE9, 0xDA, 0x8A, 0x52, 0xCB, 0x2D, 0x49, 0x38, 0xD0, 0x0F, 0xB5, 0xEB, 0xB5, 0x58, 0x67, 0xA9, 0x5A, 0xE9, 0x3F, 0x33, 0x23, 0x3F, 0x2E, 0x4A, 0x51, 0xDA, 0xCD, 0x85, 0xEF, 0x1C, 0x94 },
    // seq 8
    { 0xAD, 0x00, 0x00, 0x16, 0xB3, 0x22, 0x00, 0x00, 0x78, 0xAD, 0x44, 0xAB, 0xA2, 0xD1, 0x7D, 0x5E, 0x79, 0x3B, 0x97, 0xD9, 0xD2, 0xD2, 0x50, 0x7A, 0xA7, 0xF6, 0x26, 0xA6, 0x5D, 0x96, 0x40, 0xE6, 0x0A, 0x14, 0x26, 0x92, 0x8A, 0x8C, 0x29, 0x9A, 0xF5, 0x0D, 0x2C, 0xEE, 0x19, 0xC9, 0xE3, 0xC6, 0x29, 0x8C, 0x7B, 0x42, 0x9A, 0xBD, 0x97, 0x27, 0x40 },
    // seq 9
    { 0xAD, 0x00, 0x00, 0xE2, 0xB4, 0x22, 0x00, 0x00, 0x90, 0xD9, 0x7D, 0xD1, 0x0D, 0x21, 0x01, 0x95, 0x65, 0x9C, 0x85, 0x4E, 0x86, 0x55, 0xF7, 0x44, 0xE6, 0x56, 0xB0, 0x9C, 0x4A, 0x05, 0xF3, 0x2C, 0x7A, 0x6E, 0xB2, 0x9F, 0x93, 0x24, 0x06, 0x59, 0x47, 0x42, 0x08, 0xB9, 0x89, 0x79, 0xD1, 0x5C, 0x9D, 0x6C, 0x59, 0x1A, 0xA2, 0xF7, 0x0D, 0xB8, 0xB4 },
    // seq 10
    { 0xAD, 0x00, 0x00, 0x97, 0xA3, 0x11, 0x00, 0x00, 0x82, 0xB0, 0x3D, 0x6A, 0xAC, 0x77, 0x9B, 0xC0, 0xF4, 0x22, 0x8B, 0xBC, 0xF2, 0x6C, 0xCD, 0xC2, 0x4F, 0x4C, 0xD1, 0x93, 0x40, 0xA4, 0x0D, 0x5C, 0xBE, 0xD7, 0x92, 0x4F, 0xAD, 0x70, 0x6C, 0xEA, 0xED, 0x59, 0x13, 0xCA, 0xF7, 0xC0, 0xC9, 0x83, 0xD1, 0xC5, 0x50, 0xDA, 0x92, 0x21, 0xFB, 0x84, 0x5C },
    // seq 11
    { 0xAD, 0x00, 0x00, 0x18, 0xA3, 0x10, 0x00, 0x00, 0x2D, 0xAA, 0xD7, 0x1A, 0x5B, 0x12, 0x0B, 0x0E, 0x08, 0x33, 0x78, 0xF6, 0xEE, 0xE1, 0x84, 0x74, 0x6C, 0xFE, 0xD6, 0xF7, 0x0E, 0x43, 0xA0, 0xE4, 0xD0, 0x5E, 0x20, 0x5B, 0x97, 0xCC, 0x20, 0xC6, 0x26, 0x3D, 0x48, 0x92, 0x94, 0xB4, 0x1F, 0xD4, 0x04, 0x09, 0xB7, 0x99, 0x01, 0x9B, 0xDD, 0x39, 0x78 },
    // seq 12
    { 0xAD, 0x00, 0x00, 0x27, 0xA1, 0x00, 0x00, 0x00, 0x80, 0x14, 0x89, 0x51, 0x28, 0x9D, 0x52, 0xAD, 0x37, 0x64, 0xFA, 0x06, 0x55, 0x6F, 0xCC, 0x95, 0x67, 0xEB, 0x8D, 0x5B, 0x5C, 0xAD, 0x56, 0xB7, 0xDA, 0x55, 0x92, 0x8C, 0x66, 0x5C, 0xB5, 0x05, 0x55, 0xDE, 0x09, 0x55, 0x62, 0x08, 0x55, 0x64, 0x2B, 0xF9, 0x5E, 0xF7, 0xB1, 0x59, 0x29, 0x46, 0x54 },
    // seq 13
    { 0xAD, 0x00, 0x00, 0x6D, 0x81, 0x00, 0x00, 0x00, 0xE9, 0x44, 0x25, 0x73, 0x2E, 0xE1, 0x5A, 0x03, 0xBD, 0x96, 0x0A, 0xAF, 0x19, 0x7A, 0xBA, 0x75, 0x5E, 0x9C, 0xED, 0x57, 0x06, 0x27, 0x55, 0x89, 0x30, 0x91, 0x5E, 0x7E, 0x49, 0x5D, 0x6D, 0x21, 0x59, 0x54, 0x9A, 0x56, 0x75, 0xD1, 0x55, 0x85, 0xE3, 0xF5, 0x58, 0xE9, 0x31, 0x55, 0x47, 0xB6, 0x54 },
    // seq 14
    { 0xAD, 0x00, 0x00, 0xA3, 0x71, 0x00, 0x00, 0x00, 0x48, 0x8D, 0x95, 0x64, 0x2C, 0x36, 0x5D, 0x28, 0xE9, 0x57, 0x7C, 0xC7, 0x55, 0xB3, 0xCE, 0x15, 0x5C, 0x14, 0x75, 0x53, 0xFD, 0x39, 0x14, 0xDD, 0x2B, 0x55, 0x52, 0x50, 0x55, 0x5D, 0xF9, 0x45, 0x59, 0x85, 0x09, 0x56, 0xA0, 0x48, 0x55, 0x9C, 0xAE, 0x15, 0x61, 0xD3, 0xC5, 0x57, 0xF3, 0x3D, 0x54 },
    // seq 15
    { 0xAD, 0x00, 0x00, 0xE9, 0x51, 0x00, 0x00, 0x00, 0x76, 0xAE, 0x95, 0x63, 0xFC, 0x35, 0x59, 0xEC, 0x71, 0x55, 0x02, 0xDC, 0x55, 0x22, 0x90, 0x85, 0x5B, 0x5B, 0x75, 0x57, 0xFE, 0xE5, 0x55, 0x54, 0xC4, 0x45, 0x4D, 0xF1, 0x15, 0x5D, 0x63, 0xD6, 0x59, 0xF1, 0x3D, 0x56, 0x61, 0x53, 0x55, 0x92, 0x8B, 0x15, 0x65, 0x0C, 0xA1, 0x58, 0xF4, 0xED, 0x54 },
    // seq 16
    { 0xAD, 0x00, 0x00, 0x8F, 0x20, 0x00, 0x00, 0x00, 0x97, 0x9B, 0x55, 0x4F, 0x58, 0xD5, 0x55, 0x55, 0xA5, 0x55, 0x30, 0x6D, 0x55, 0x00, 0xA3, 0x55, 0x45, 0x24, 0xD5, 0x51, 0xFA, 0x25, 0x55, 0x30, 0x2D, 0x55, 0x7A, 0xA2, 0x55, 0x50, 0xE6, 0xD5, 0x53, 0xCD, 0x35, 0x55, 0xDE, 0x91, 0x55, 0x80, 0xDB, 0x55, 0x5D, 0xB6, 0xD5, 0x57, 0x81, 0xB5, 0x54 },
    // seq 17
    { 0xAD, 0x00, 0x00, 0xC5, 0x00, 0x00, 0x00, 0x00, 0x57, 0x69, 0xB6, 0xE2, 0x1B, 0x6D, 0xB8, 0x66, 0xDB, 0x6E, 0x1D, 0xB6, 0xDC, 0x88, 0x6D, 0xB6, 0xA1, 0xDB, 0x6D, 0xB7, 0x66, 0xDB, 0x6E, 0x21, 0xB6, 0xDB, 0x78, 0x8D, 0xB4, 0xD1, 0xDB, 0x6D, 0xB3, 0x66, 0x9B, 0x6D, 0x1D, 0xB6, 0xDA, 0x46, 0x6D, 0xB6, 0xCA, 0x1B, 0x6D, 0xB0, 0x76, 0x93, 0x6C },
    // seq 18
    { 0xAD, 0x00, 0x00, 0xC5, 0x00, 0x00, 0x00, 0x00, 0x15, 0x8D, 0xB4, 0xD1, 0x9B, 0x6D, 0xB4, 0x76, 0xDB, 0x6D, 0x5D, 0xB6, 0xDA, 0x67, 0x6D, 0xB6, 0xD5, 0xDB, 0x6D, 0xC6, 0x76, 0xDB, 0x69, 0xE1, 0xB6, 0xDB, 0x77, 0x6D, 0xB6, 0xDD, 0xDB, 0x6D, 0xB7, 0x76, 0xDB, 0x6D, 0xDD, 0xB6, 0xDB, 0x77, 0x6D, 0xB6, 0xDD, 0xDB, 0x6D, 0xB7, 0x76, 0xDB, 0x6C },
};

// Total characters (bytes): 19209

#endif // _DATA_ALL_H_
