/*
 * Copyright (c) 2026, Realtek Semiconductor Corporation
 *
 * SPDX-License-Identifier: LicenseRef-Realtek-5-Clause
 */

static uint8_t disc2_data[] =
{
    0x58, 0x74, 0x38, 0x6c, 0x58, 0x74, 0x1b, 0x8d, 0xfb, 0x94, 0x99, 0x8c,
    0x38, 0x7c, 0x17, 0x74, 0x79, 0x74, 0x38, 0x74, 0xf7, 0x63, 0x99, 0x7c,
    0x1b, 0x8d, 0x38, 0x6c, 0xf7, 0x63, 0xf7, 0x63, 0xf7, 0x63, 0x59, 0x74,
    0x59, 0x7c, 0x99, 0x7c, 0x17, 0x6c, 0x99, 0x7c, 0xb5, 0x63, 0x37, 0x6c,
    0x18, 0x6c, 0x75, 0x5b, 0xd3, 0x42, 0xf3, 0x4a, 0x96, 0x5b, 0x13, 0x4b,
    0xd6, 0x63, 0x17, 0x6c, 0x38, 0x74, 0x54, 0x53, 0x95, 0x5b, 0x54, 0x53,
    0x33, 0x4b, 0xb5, 0x5b, 0x95, 0x63, 0xda, 0x94, 0x5c, 0xa5, 0x95, 0x5b,
    0x55, 0x4b, 0x76, 0x53, 0x76, 0x5b, 0x54, 0x53, 0xf6, 0x63, 0xb9, 0x7c,
    0x3a, 0x8d, 0x59, 0x74, 0x5a, 0x74, 0xd4, 0x4a, 0xd3, 0x42, 0xf4, 0x4a,
    0xf3, 0x4a, 0x75, 0x5b, 0x75, 0x5b, 0x58, 0x74, 0xfa, 0x8c, 0x9d, 0x9d,
    0xba, 0x7c, 0xf7, 0x6b, 0x96, 0x5b, 0x34, 0x4b, 0xb6, 0x5b, 0x59, 0x6c,
    0xda, 0x7c, 0x58, 0x74, 0x75, 0x5b, 0xb6, 0x63, 0xf3, 0x4a, 0x38, 0x74,
    0xfb, 0x8c, 0x75, 0x5b, 0xb6, 0x63, 0xba, 0x84, 0x9a, 0x7c, 0xb6, 0x63,
    0xb5, 0x63, 0xf6, 0x6b, 0xba, 0x84, 0xfb, 0x8c, 0x38, 0x74, 0xf7, 0x6b,
    0xf7, 0x6b, 0xba, 0x84, 0x58, 0x74, 0x5c, 0x95, 0x7c, 0x95, 0x78, 0x74,
    0x17, 0x6c, 0x38, 0x6c, 0x1a, 0x85, 0x38, 0x6c, 0xb6, 0x5b, 0x38, 0x64,
    0xb6, 0x53, 0x18, 0x64, 0x38, 0x6c, 0x79, 0x74, 0x38, 0x74, 0xda, 0x84,
    0xfb, 0x84, 0x38, 0x74, 0x55, 0x5b, 0x95, 0x5b, 0xb6, 0x5b, 0xf7, 0x63,
    0x95, 0x5b, 0xd6, 0x63, 0x59, 0x74, 0x38, 0x6c, 0x96, 0x5b, 0xb6, 0x5b,
    0x55, 0x53, 0x38, 0x6c, 0xff, 0xad, 0x75, 0x5b, 0x75, 0x5b, 0xb6, 0x63,
    0x58, 0x74, 0xb6, 0x5b, 0x1a, 0x8d, 0xd2, 0x42, 0xd3, 0x42, 0xf3, 0x42,
    0x79, 0x7c, 0x17, 0x6c, 0x95, 0x5b, 0x78, 0x74, 0xfb, 0x8c, 0x58, 0x74,
    0x79, 0x7c, 0x38, 0x6c, 0x75, 0x5b, 0xb6, 0x5b, 0xfa, 0x84, 0x98, 0x6c,
    0xb9, 0x74, 0xf6, 0x6b, 0x7c, 0x9d, 0xbd, 0x9d, 0x99, 0x74, 0x35, 0x4b,
    0xf4, 0x4a, 0xd6, 0x63, 0x95, 0x5b, 0x95, 0x5b, 0xf8, 0x6b, 0xf7, 0x6b,
    0xfe, 0xad, 0xdf, 0xa5, 0x18, 0x6c, 0xd7, 0x6b, 0xd7, 0x63, 0x38, 0x74,
    0xd6, 0x63, 0xd6, 0x63, 0xf7, 0x6b, 0xf6, 0x63, 0x95, 0x5b, 0xda, 0x84,
    0x7c, 0x95, 0x59, 0x74, 0xd7, 0x63, 0xfb, 0x84, 0xda, 0x7c, 0xb6, 0x5b,
    0x75, 0x5b, 0x92, 0x3a, 0x92, 0x3a, 0xd3, 0x42, 0x59, 0x74, 0x9a, 0x7c,
    0xdb, 0x84, 0xf3, 0x42, 0xd3, 0x42, 0xd2, 0x42, 0xf2, 0x42, 0x58, 0x74,
    0xd2, 0x42, 0x13, 0x4b, 0x75, 0x5b, 0xd2, 0x42, 0x17, 0x74, 0xda, 0x84,
    0x34, 0x53, 0xb6, 0x63, 0xb6, 0x63, 0x95, 0x5b, 0xd6, 0x63, 0xfa, 0x84,
    0x58, 0x74, 0xf6, 0x63, 0x96, 0x5b, 0x96, 0x63, 0x9a, 0x7c, 0xd7, 0x5b,
    0x38, 0x6c, 0x95, 0x5b, 0x79, 0x7c, 0x75, 0x53, 0xb6, 0x5b, 0xd6, 0x63,
    0xfb, 0x8c, 0xbe, 0x9d, 0xfa, 0x7c, 0x17, 0x64, 0x34, 0x4b, 0xd3, 0x42,
    0x75, 0x53, 0x9a, 0x74, 0xf7, 0x63, 0x14, 0x43, 0x13, 0x43, 0x13, 0x43,
    0x34, 0x53, 0x5c, 0x95, 0x18, 0x6c, 0xf3, 0x4a, 0xf3, 0x42, 0xd6, 0x63,
    0x1f, 0xae, 0x37, 0x6c, 0xb6, 0x63, 0x18, 0x6c, 0xb6, 0x63, 0xb6, 0x5b,
    0x1b, 0x8d, 0xff, 0xa5, 0xde, 0xa5, 0x99, 0x7c, 0x95, 0x5b, 0xd2, 0x42,
    0xd2, 0x42, 0x95, 0x5b, 0x58, 0x74, 0xfa, 0x84, 0xd9, 0x7c, 0x57, 0x74,
    0xda, 0x8c, 0x59, 0x7c, 0x79, 0x7c, 0xd6, 0x63, 0x58, 0x74, 0xb6, 0x5b,
    0x75, 0x53, 0x75, 0x5b, 0x38, 0x74, 0xf7, 0x6b, 0x58, 0x74, 0xfb, 0x8c,
    0x3c, 0x95, 0xfb, 0x8c, 0x3c, 0x95, 0x3c, 0x8d, 0xdb, 0x84, 0xda, 0x84,
    0x78, 0x74, 0x17, 0x6c, 0x17, 0x6c, 0x75, 0x53, 0x18, 0x6c, 0xfb, 0x8c,
    0x1b, 0x8d, 0x18, 0x6c, 0xba, 0x7c, 0x7d, 0x9d, 0x3c, 0x8d, 0x1c, 0x8d,
    0xf7, 0x63, 0xdb, 0x84, 0x9a, 0x7c, 0x79, 0x74, 0x75, 0x53, 0x13, 0x4b,
    0x34, 0x4b, 0x95, 0x5b, 0x34, 0x4b, 0x13, 0x4b, 0x58, 0x74, 0x18, 0x6c,
    0xd6, 0x63, 0x9a, 0x84, 0xdb, 0x8c, 0x38, 0x74, 0xd7, 0x6b, 0x34, 0x53,
    0x3c, 0x95, 0xfa, 0x84, 0xd6, 0x6b, 0xb5, 0x63, 0x58, 0x74, 0xde, 0xa5,
    0xfe, 0xb5, 0x79, 0x84, 0xf7, 0x6b, 0x9a, 0x7c, 0x38, 0x6c, 0xfb, 0x84,
    0xda, 0x8c, 0x99, 0x7c, 0xb6, 0x5b, 0x59, 0x74, 0x1b, 0x85, 0x5c, 0x8d,
    0x79, 0x74, 0x79, 0x74, 0x58, 0x6c, 0xf7, 0x63, 0xb6, 0x53, 0x14, 0x43,
    0xf4, 0x42, 0x14, 0x43, 0xf3, 0x42, 0xb2, 0x3a, 0xba, 0x7c, 0x3c, 0x8d,
    0x34, 0x4b, 0x55, 0x53, 0x55, 0x53, 0x3c, 0x8d, 0x5d, 0x95, 0x75, 0x53,
    0x14, 0x4b, 0x13, 0x4b, 0xd2, 0x42, 0xb6, 0x63, 0x74, 0x53, 0x37, 0x6c,
    0x95, 0x5b, 0x54, 0x53, 0x54, 0x53, 0xb6, 0x63, 0x78, 0x7c, 0xfe, 0xa5,
    0x7c, 0x9d, 0x54, 0x53, 0x33, 0x4b, 0x95, 0x5b, 0x34, 0x53, 0x74, 0x5b,
    0x13, 0x4b, 0x13, 0x4b, 0xba, 0x84, 0xfb, 0x84, 0xb6, 0x63, 0x59, 0x7c,
    0xb6, 0x63, 0xf7, 0x6b, 0x38, 0x74, 0x55, 0x53, 0x79, 0x7c, 0x54, 0x53,
    0x34, 0x53, 0x18, 0x6c, 0x38, 0x6c, 0x3b, 0x8d, 0xda, 0x84, 0xfa, 0x84,
    0xd6, 0x63, 0x1b, 0x8d, 0x9d, 0x9d, 0xb9, 0x7c, 0x58, 0x74, 0x54, 0x53,
    0x18, 0x6c, 0x79, 0x74, 0x99, 0x7c, 0x59, 0x74, 0x75, 0x53, 0x34, 0x4b,
    0x92, 0x3a, 0x14, 0x4b, 0x55, 0x53, 0x75, 0x53, 0xd6, 0x5b, 0x3b, 0x8d,
    0xda, 0x84, 0x3c, 0x95, 0x38, 0x74, 0x99, 0x7c, 0xb9, 0x84, 0xba, 0x84,
    0x18, 0x74, 0x96, 0x63, 0xf7, 0x6b, 0x55, 0x5b, 0x59, 0x7c, 0x78, 0x7c,
    0xb9, 0x84, 0xb9, 0x84, 0x3b, 0x95, 0x78, 0x7c, 0x7c, 0x9d, 0xfa, 0x8c,
    0xbd, 0xa5, 0x3b, 0x95, 0xba, 0x84, 0x1b, 0x8d, 0xd7, 0x6b, 0xf7, 0x63,
    0xf7, 0x63, 0x75, 0x53, 0x34, 0x4b, 0x54, 0x4b, 0xd6, 0x5b, 0xb6, 0x5b,
    0x17, 0x64, 0x54, 0x4b, 0x55, 0x4b, 0x76, 0x53, 0x96, 0x5b, 0xb6, 0x5b,
    0x95, 0x5b, 0xd6, 0x63, 0x7d, 0x95, 0x38, 0x6c, 0xb6, 0x5b, 0x75, 0x53,
    0xfb, 0x84, 0xfb, 0x84, 0x18, 0x6c, 0xd7, 0x63, 0x55, 0x53, 0xb6, 0x5b,
    0x3b, 0x8d, 0xf6, 0x63, 0xd6, 0x63, 0xd7, 0x63, 0x59, 0x74, 0xf7, 0x63,
    0x18, 0x6c, 0x58, 0x74, 0x98, 0x7c, 0x94, 0x53, 0x37, 0x6c, 0x99, 0x7c,
    0x79, 0x7c, 0xd6, 0x63, 0x55, 0x5b, 0x17, 0x6c, 0x3c, 0x95, 0xfa, 0x84,
    0xb9, 0x7c, 0x38, 0x6c, 0xba, 0x84, 0xd7, 0x63, 0xd7, 0x63, 0xf3, 0x4a,
    0x38, 0x6c, 0x59, 0x74, 0x71, 0x3a, 0xf7, 0x6b, 0x99, 0x7c, 0xf7, 0x6b,
    0xdb, 0x84, 0x1b, 0x85, 0xfe, 0xa5, 0x99, 0x74, 0xf6, 0x63, 0x95, 0x5b,
    0x3b, 0x95, 0x78, 0x74, 0xf7, 0x63, 0xb6, 0x5b, 0x55, 0x53, 0x38, 0x6c,
    0xfb, 0x8c, 0xd7, 0x63, 0x14, 0x4b, 0xf3, 0x42, 0x55, 0x53, 0x38, 0x6c,
    0x1c, 0x8d, 0x18, 0x64, 0xd6, 0x5b, 0x17, 0x64, 0xb6, 0x5b, 0xf7, 0x6b,
    0x17, 0x6c, 0xd6, 0x63, 0xb6, 0x63, 0x79, 0x7c, 0xde, 0xa5, 0xb2, 0x42,
    0x92, 0x42, 0xb3, 0x4a, 0x14, 0x53, 0xd6, 0x6b, 0x7c, 0x9d, 0xda, 0x8c,
    0x3a, 0x95, 0xf6, 0x6b, 0xf2, 0x4a, 0x94, 0x5b, 0x33, 0x53, 0x99, 0x7c,
    0x5c, 0x95, 0x99, 0x7c, 0x3c, 0x95, 0xda, 0x7c, 0x58, 0x64, 0xf7, 0x63,
    0x17, 0x64, 0x99, 0x7c, 0x3c, 0x8d, 0xb9, 0x7c, 0x99, 0x74, 0x79, 0x74,
    0x59, 0x6c, 0xd7, 0x5b, 0x76, 0x53, 0x34, 0x4b, 0x58, 0x74, 0xfa, 0x8c,
    0xbd, 0xa5, 0xba, 0x84, 0x96, 0x5b, 0xfb, 0x84, 0x3c, 0x8d, 0x38, 0x6c,
    0x79, 0x74, 0x59, 0x74, 0x99, 0x74, 0xb9, 0x7c, 0xf9, 0x84, 0xd9, 0x84,
    0xda, 0x84, 0x7a, 0x74, 0xf7, 0x5b, 0xba, 0x7c, 0x38, 0x6c, 0x54, 0x53,
    0xf4, 0x42, 0x36, 0x4b, 0xf7, 0x63, 0x99, 0x74, 0x75, 0x53, 0x54, 0x53,
    0x99, 0x7c, 0x37, 0x6c, 0x54, 0x4b, 0x54, 0x53, 0xb6, 0x5b, 0xb5, 0x5b,
    0x57, 0x6c, 0xda, 0x7c, 0x75, 0x53, 0x95, 0x53, 0xda, 0x7c, 0x9d, 0x9d,
    0x17, 0x6c, 0x79, 0x84, 0x54, 0x5b, 0xb9, 0x7c, 0x9d, 0x95, 0xda, 0x84,
    0xfb, 0x7c, 0x99, 0x64, 0xda, 0x7c, 0x7c, 0xa5, 0x78, 0x84, 0xfa, 0x84,
    0x96, 0x5b, 0x97, 0x63, 0x96, 0x63, 0x9c, 0x9d, 0x9a, 0x84, 0xdc, 0x8c,
    0xb6, 0x63, 0x7a, 0x7c, 0x1c, 0x95, 0xbb, 0x84, 0x14, 0x4b, 0x17, 0x64,
    0x5c, 0x8d, 0xb1, 0x3a, 0x54, 0x53, 0x33, 0x53, 0xd6, 0x63, 0xda, 0x84,
    0xfb, 0x8c, 0x58, 0x74, 0xf7, 0x6b, 0x17, 0x6c, 0x58, 0x74, 0xf7, 0x6b,
    0x18, 0x74, 0xde, 0xad, 0xbe, 0xa5, 0xde, 0xa5, 0x9d, 0xa5, 0x57, 0x74,
    0x53, 0x53, 0xf6, 0x6b, 0xda, 0x84, 0x1b, 0x8d, 0x3b, 0x95, 0xf7, 0x6b,
    0x9a, 0x84, 0x18, 0x6c, 0x38, 0x6c, 0xba, 0x7c, 0xff, 0xa5, 0x1b, 0x8d,
    0xda, 0x84, 0x13, 0x43, 0x54, 0x4b, 0x54, 0x4b, 0x75, 0x53, 0xb6, 0x5b,
    0xba, 0x7c, 0x7d, 0x95, 0xba, 0x84, 0xf6, 0x6b, 0xf5, 0x63, 0x97, 0x84,
    0xf4, 0x6b, 0x31, 0x53, 0x93, 0x63, 0x93, 0x63, 0xb3, 0x63, 0x36, 0x74,
    0xd2, 0x4a, 0x92, 0x42, 0x95, 0x63, 0x17, 0x6c, 0xd5, 0x63, 0x72, 0x53,
    0xf6, 0x6b, 0x9b, 0x84, 0x11, 0x4b, 0xb0, 0x4a, 0xb0, 0x42, 0x4f, 0x32,
    0x53, 0x53, 0x95, 0x5b, 0xd2, 0x42, 0x33, 0x53, 0x12, 0x53, 0x73, 0x63,
    0x15, 0x74, 0x53, 0x5b, 0x37, 0x74, 0x78, 0x7c, 0x57, 0x74, 0xb5, 0x63,
    0xf6, 0x6b, 0x16, 0x6c, 0x73, 0x5b, 0x74, 0x5b, 0xd7, 0x63, 0xf9, 0x6b,
    0xf7, 0x6b, 0xfd, 0xad, 0xb2, 0x63, 0x72, 0x63, 0x76, 0x7c, 0xd4, 0x63,
    0xd5, 0x63, 0xf6, 0x63, 0x94, 0x5b, 0x8e, 0x3a, 0x51, 0x53, 0x74, 0x5b,
    0x14, 0x53, 0xf2, 0x52, 0xf1, 0x4a, 0xd5, 0x6b, 0xf9, 0x8c, 0x16, 0x74,
    0x73, 0x5b, 0x32, 0x53, 0xb4, 0x63, 0x14, 0x74, 0xd9, 0x8c, 0xfb, 0x8c,
    0x79, 0x7c, 0x58, 0x74, 0x78, 0x7c, 0x95, 0x5b, 0x58, 0x74, 0xfb, 0x84,
    0xda, 0x84, 0x79, 0x7c, 0x96, 0x63, 0x59, 0x7c, 0xd7, 0x6b, 0x75, 0x5b,
    0x58, 0x74, 0x17, 0x74, 0x99, 0x7c, 0xfa, 0x8c, 0xfa, 0x8c, 0xb9, 0x84,
    0x5c, 0x95, 0x9d, 0x9d, 0x79, 0x7c, 0x95, 0x5b, 0x34, 0x63, 0xfb, 0x8c,
    0xde, 0xa5, 0x7d, 0x95, 0xba, 0x7c, 0xb6, 0x5b, 0x34, 0x4b, 0x34, 0x4b,
    0x75, 0x53, 0xf7, 0x5b, 0xdb, 0x84, 0x59, 0x74, 0xb6, 0x63, 0x13, 0x4b,
    0xf3, 0x4a, 0x54, 0x53, 0xbc, 0xa5, 0x3b, 0xb6, 0x7e, 0xe7, 0x7e, 0xe7,
    0x7f, 0xe7, 0x5e, 0xe7, 0xdf, 0xf7, 0xf6, 0x9c, 0x5f, 0xe7, 0x5e, 0xdf,
    0x35, 0x7c, 0xd7, 0x6b, 0x96, 0x7c, 0xff, 0xef, 0x5c, 0xc6, 0xf7, 0x7b,
    0xff, 0xf7, 0x7e, 0xe7, 0x9e, 0xe7, 0xbf, 0xe7, 0x99, 0xa5, 0x9c, 0xa5,
    0x56, 0x74, 0x94, 0x63, 0x9f, 0xef, 0xdf, 0xf7, 0x5e, 0xe7, 0x7e, 0xef,
    0xff, 0xf7, 0x7e, 0xe7, 0x77, 0xa5, 0xbf, 0xef, 0xdf, 0xef, 0x9f, 0xe7,
    0xfc, 0xce, 0x38, 0x8d, 0xb7, 0x5b, 0x57, 0x4b, 0xb6, 0x5b, 0x17, 0x9d,
    0xdf, 0xf7, 0xff, 0xff, 0xff, 0xff, 0xb8, 0xb5, 0x8f, 0x42, 0x70, 0x32,
    0x8f, 0x3a, 0xbf, 0xef, 0xbe, 0xef, 0x18, 0x9d, 0x3d, 0x9d, 0x39, 0x95,
    0xbd, 0xce, 0xbf, 0xef, 0x7b, 0xc6, 0x4d, 0x3a, 0xdc, 0xce, 0x5f, 0xdf,
    0x7f, 0xe7, 0x3d, 0xdf, 0x79, 0xa5, 0xdb, 0x94, 0x75, 0x5b, 0xf2, 0x4a,
    0x74, 0x5b, 0x58, 0x74, 0xda, 0x84, 0x1b, 0x8d, 0xda, 0x84, 0x58, 0x7c,
    0x3b, 0x95, 0x79, 0x7c, 0x5d, 0x95, 0x7c, 0x95, 0x58, 0x74, 0x9d, 0x9d,
    0x1b, 0x8d, 0x58, 0x74, 0x95, 0x5b, 0xf6, 0x6b, 0x54, 0x53, 0xf6, 0x6b,
    0xf7, 0x6b, 0x17, 0x6c, 0x5c, 0xa5, 0x9c, 0xa5, 0x33, 0x4b, 0xf2, 0x42,
    0xd2, 0x42, 0xd2, 0x42, 0x34, 0x4b, 0x54, 0x53, 0xfa, 0x84, 0xd2, 0x42,
    0x3c, 0x8d, 0x34, 0x4b, 0xd3, 0x42, 0xd3, 0x42, 0xf3, 0x4a, 0xf3, 0x4a,
    0x12, 0x4b, 0xbd, 0xc6, 0x9e, 0xe7, 0x9e, 0xef, 0xff, 0xff, 0xbe, 0xef,
    0xdf, 0xf7, 0xb9, 0xb5, 0xbf, 0xf7, 0xff, 0xff, 0x35, 0x7c, 0x37, 0x7c,
    0xda, 0xad, 0xff, 0xff, 0xb9, 0xad, 0xef, 0x52, 0xff, 0xff, 0xdd, 0xef,
    0x1a, 0xd7, 0x7f, 0xe7, 0x1b, 0xb6, 0x98, 0x8c, 0xbc, 0xa5, 0xd8, 0x8c,
    0x9e, 0xe7, 0x7d, 0xe7, 0xde, 0xf7, 0xff, 0xff, 0xde, 0xef, 0xdb, 0xce,
    0x7a, 0xc6, 0xff, 0xff, 0x5d, 0xe7, 0xdf, 0xf7, 0xff, 0xff, 0xff, 0xef,
    0x5b, 0x8d, 0xf6, 0x63, 0x5b, 0xb6, 0xff, 0xff, 0xff, 0xff, 0x3d, 0xdf,
    0xff, 0xff, 0xff, 0xff, 0x1e, 0xe7, 0x53, 0x6b, 0x15, 0x7c, 0xff, 0xff,
    0xff, 0xff, 0xb9, 0xb5, 0x3b, 0x9d, 0xb5, 0x84, 0x9e, 0xef, 0xff, 0xff,
    0x7f, 0xe7, 0xab, 0x31, 0xfb, 0xd6, 0xff, 0xf7, 0x3e, 0xe7, 0xff, 0xff,
    0xff, 0xff, 0xbb, 0xa5, 0xb2, 0x42, 0x34, 0x53, 0x38, 0x74, 0xba, 0x84,
    0x79, 0x7c, 0x75, 0x5b, 0xf3, 0x52, 0x3b, 0xa5, 0xfa, 0x94, 0x17, 0x6c,
    0xf7, 0x63, 0x78, 0x74, 0x74, 0x53, 0xf2, 0x42, 0x58, 0x74, 0xd6, 0x63,
    0x54, 0x53, 0x34, 0x53, 0x13, 0x4b, 0x17, 0x6c, 0x17, 0x6c, 0x5c, 0x95,
    0xdd, 0xad, 0x5f, 0xbe, 0x1b, 0x8d, 0x58, 0x74, 0xd6, 0x63, 0x54, 0x53,
    0x95, 0x5b, 0x7d, 0x95, 0x14, 0x4b, 0xf3, 0x4a, 0x99, 0x7c, 0xdb, 0x84,
    0xf7, 0x63, 0x54, 0x53, 0x34, 0x4b, 0x14, 0x4b, 0x96, 0x63, 0xd5, 0x6b,
    0x11, 0x5b, 0xd8, 0xb5, 0xff, 0xff, 0xd4, 0x8c, 0xb3, 0x6b, 0x94, 0x6b,
    0x9f, 0xef, 0xff, 0xff, 0xd7, 0x94, 0xdd, 0xad, 0x75, 0x84, 0xff, 0xff,
    0xf9, 0xb5, 0xb6, 0x84, 0xff, 0xff, 0xdc, 0xd6, 0x54, 0x84, 0x93, 0x6b,
    0x74, 0x63, 0x75, 0x63, 0x74, 0x5b, 0x95, 0x63, 0xf8, 0x94, 0xee, 0x52,
    0xff, 0xff, 0x5d, 0xef, 0xb1, 0x6b, 0x79, 0x9d, 0x7b, 0xc6, 0xff, 0xff,
    0x57, 0xad, 0x4b, 0x42, 0x1d, 0xdf, 0xff, 0xff, 0x13, 0x74, 0xb7, 0x8c,
    0xff, 0xff, 0xff, 0xef, 0xf7, 0x8c, 0xf8, 0x94, 0xd3, 0x6b, 0x3e, 0xdf,
    0xff, 0xff, 0x93, 0x8c, 0x72, 0x6b, 0xff, 0xff, 0xfe, 0xff, 0x9f, 0xf7,
    0x35, 0x7c, 0x34, 0x7c, 0xff, 0xff, 0xdf, 0xff, 0xbf, 0xef, 0x77, 0x8c,
    0x5d, 0xe7, 0xff, 0xff, 0xb1, 0x6b, 0xd9, 0xbd, 0xff, 0xff, 0x7a, 0xa5,
    0x7d, 0x9d, 0x9d, 0xa5, 0x9a, 0x84, 0x7d, 0x9d, 0xd7, 0x6b, 0x75, 0x63,
    0x79, 0x84, 0xba, 0x8c, 0x1f, 0xbe, 0xba, 0x84, 0x55, 0x4b, 0xf2, 0x3a,
    0x74, 0x53, 0xb6, 0x5b, 0x7d, 0x95, 0xba, 0x84, 0x1b, 0x8d, 0x38, 0x74,
    0xf7, 0x63, 0x38, 0x6c, 0xf6, 0x63, 0xfa, 0x84, 0xbd, 0xad, 0x74, 0x5b,
    0xb5, 0x63, 0x17, 0x6c, 0x99, 0x7c, 0xda, 0x84, 0x5c, 0x95, 0x75, 0x53,
    0x55, 0x53, 0xb6, 0x5b, 0x79, 0x7c, 0x9d, 0xa5, 0xf7, 0x63, 0x34, 0x4b,
    0x95, 0x5b, 0x75, 0x5b, 0x14, 0x53, 0x96, 0x6b, 0x99, 0x8c, 0x3e, 0xdf,
    0xff, 0xff, 0xfa, 0xad, 0xda, 0x84, 0x79, 0x7c, 0xdf, 0xf7, 0xde, 0xef,
    0xdd, 0xce, 0x9a, 0xa5, 0x7b, 0xc6, 0xff, 0xff, 0xfd, 0xd6, 0x96, 0x84,
    0xff, 0xff, 0x3e, 0xe7, 0x57, 0xa5, 0xda, 0xb5, 0x36, 0x74, 0x75, 0x5b,
    0xf4, 0x4a, 0xb3, 0x42, 0x57, 0x7c, 0xba, 0xad, 0xff, 0xff, 0x7d, 0xef,
    0x73, 0x63, 0xf6, 0x6b, 0x3b, 0xbe, 0xff, 0xff, 0x36, 0xa5, 0x90, 0x6b,
    0xbf, 0xf7, 0xff, 0xff, 0xae, 0x4a, 0xb8, 0xad, 0xff, 0xff, 0xdc, 0xc6,
    0xd9, 0x84, 0x91, 0x42, 0xd2, 0x4a, 0xd5, 0x8c, 0xff, 0xff, 0xbc, 0xd6,
    0x55, 0x8c, 0xff, 0xff, 0xdd, 0xf7, 0xff, 0xff, 0x54, 0x84, 0xd9, 0xad,
    0xff, 0xff, 0x7d, 0xe7, 0xff, 0xf7, 0x8f, 0x4a, 0x1c, 0xdf, 0xff, 0xff,
    0x1c, 0xdf, 0xbe, 0xf7, 0xbf, 0xef, 0xd7, 0x8c, 0xf6, 0x6b, 0x96, 0x63,
    0xf3, 0x4a, 0xd2, 0x4a, 0xb6, 0x63, 0xfb, 0x94, 0xde, 0xad, 0x9d, 0xa5,
    0xb9, 0x84, 0x59, 0x74, 0x18, 0x64, 0x17, 0x64, 0xda, 0x84, 0x5c, 0x95,
    0x17, 0x6c, 0xd6, 0x63, 0xba, 0x84, 0xfb, 0x84, 0x17, 0x6c, 0x99, 0x7c,
    0x7c, 0x95, 0xd9, 0x84, 0x17, 0x74, 0x33, 0x53, 0x54, 0x53, 0x95, 0x5b,
    0xd6, 0x63, 0x78, 0x7c, 0x79, 0x74, 0x7a, 0x74, 0x79, 0x74, 0xb9, 0x7c,
    0x79, 0x7c, 0x79, 0x7c, 0xfb, 0x84, 0x3c, 0x8d, 0x1c, 0x8d, 0x5d, 0x95,
    0x1c, 0x95, 0x3c, 0x9d, 0xd9, 0x94, 0x3e, 0xdf, 0xff, 0xff, 0x38, 0x95,
    0xd8, 0x6b, 0x13, 0x53, 0xbe, 0xef, 0xff, 0xff, 0xff, 0xff, 0xff, 0xff,
    0xff, 0xff, 0xde, 0xf7, 0x1d, 0xd7, 0xf6, 0x8c, 0xff, 0xff, 0xff, 0xff,
    0xff, 0xff, 0xff, 0xff, 0x97, 0x9d, 0x53, 0x53, 0x55, 0x53, 0xb6, 0x63,
    0x7d, 0xa5, 0x55, 0x84, 0xff, 0xff, 0x7d, 0xe7, 0x74, 0x63, 0xd7, 0x6b,
    0xb9, 0xad, 0xff, 0xff, 0xff, 0xff, 0xff, 0xff, 0xbf, 0xf7, 0x74, 0x8c,
    0x11, 0x53, 0x9b, 0xc6, 0xff, 0xff, 0x1a, 0xb6, 0x5c, 0x9d, 0x75, 0x5b,
    0x92, 0x42, 0x95, 0x8c, 0xff, 0xff, 0x1e, 0xe7, 0x78, 0xad, 0xff, 0xff,
    0x79, 0xce, 0xdf, 0xf7, 0xdc, 0xd6, 0xff, 0xf7, 0x7a, 0xc6, 0xbb, 0xce,
    0xff, 0xff, 0xb3, 0x73, 0x5d, 0xe7, 0xff, 0xf7, 0xff, 0xff, 0xff, 0xff,
    0x9e, 0xef, 0xd9, 0xad, 0xf6, 0x6b, 0x75, 0x5b, 0x75, 0x5b, 0xf7, 0x73,
    0x9d, 0xa5, 0x5c, 0x9d, 0x1b, 0x95, 0xfb, 0x8c, 0x5c, 0x9d, 0xd7, 0x63,
    0xf7, 0x63, 0xb6, 0x5b, 0x78, 0x74, 0xda, 0x7c, 0xba, 0x84, 0x3c, 0x8d,
    0xf7, 0x63, 0x17, 0x6c, 0x79, 0x74, 0xd6, 0x63, 0x18, 0x6c, 0x9a, 0x7c,
    0x75, 0x5b, 0xb6, 0x63, 0xf7, 0x6b, 0xb9, 0x84, 0xbd, 0xa5, 0x3b, 0x95,
    0x59, 0x74, 0xb7, 0x5b, 0x35, 0x4b, 0x13, 0x4b, 0x74, 0x5b, 0x1c, 0x95,
    0xf7, 0x63, 0x14, 0x43, 0x56, 0x53, 0xb7, 0x5b, 0xdb, 0x84, 0xfb, 0x84,
    0x99, 0x84, 0xd9, 0xb5, 0xff, 0xff, 0x99, 0xa5, 0x36, 0x5b, 0x54, 0x5b,
    0xdf, 0xef, 0xff, 0xff, 0x17, 0x95, 0xf7, 0x84, 0xd9, 0xb5, 0xff, 0xff,
    0x19, 0xb6, 0x74, 0x7c, 0xff, 0xff, 0xbc, 0xd6, 0x95, 0x94, 0x75, 0x84,
    0xb8, 0x84, 0xba, 0x84, 0x3c, 0x95, 0xd7, 0x6b, 0x95, 0x5b, 0xb2, 0x6b,
    0xff, 0xff, 0x5c, 0xe7, 0x6f, 0x42, 0xf7, 0x6b, 0x5b, 0xc6, 0xff, 0xff,
    0xbb, 0xd6, 0xff, 0xff, 0x5e, 0xef, 0xd4, 0x7b, 0xba, 0x8c, 0x99, 0xa5,
    0xff, 0xff, 0x9b, 0xc6, 0x13, 0x53, 0x38, 0x7c, 0x18, 0x7c, 0x78, 0xa5,
    0xff, 0xff, 0x7c, 0xce, 0xfa, 0xbd, 0xff, 0xff, 0x15, 0x9d, 0xdc, 0xd6,
    0xff, 0xf7, 0xff, 0xff, 0xd8, 0xad, 0x7a, 0xc6, 0xff, 0xff, 0x30, 0x63,
    0xdd, 0xd6, 0xff, 0xff, 0xd1, 0x7b, 0xb5, 0x94, 0xff, 0xf7, 0xff, 0xf7,
    0xb8, 0x84, 0xb7, 0x63, 0x1c, 0x95, 0x3c, 0x95, 0xbd, 0xa5, 0xde, 0xad,
    0xfb, 0x8c, 0x34, 0x53, 0xb2, 0x42, 0xd6, 0x63, 0xba, 0x7c, 0x1c, 0x8d,
    0xba, 0x7c, 0x59, 0x74, 0x9a, 0x7c, 0xba, 0x84, 0xfb, 0x84, 0x59, 0x74,
    0x59, 0x74, 0x7a, 0x74, 0x5a, 0x74, 0xbb, 0x84, 0xfb, 0x84, 0x7d, 0x95,
    0xb9, 0x7c, 0x7b, 0x95, 0x3c, 0x8d, 0xf6, 0x6b, 0xf7, 0x63, 0x96, 0x53,
    0x55, 0x53, 0x55, 0x53, 0x96, 0x5b, 0x17, 0x6c, 0x1f, 0xa6, 0x7e, 0x95,
    0xb7, 0x5b, 0x55, 0x4b, 0x96, 0x53, 0x95, 0x53, 0xb5, 0x5b, 0x5a, 0xb6,
    0xff, 0xff, 0x59, 0x9d, 0x76, 0x5b, 0xf2, 0x4a, 0x9e, 0xdf, 0xff, 0xff,
    0xd5, 0x6b, 0x92, 0x3a, 0x35, 0x7c, 0xff, 0xff, 0xd8, 0xad, 0x33, 0x7c,
    0xff, 0xff, 0xbc, 0xd6, 0x11, 0x5b, 0x92, 0x63, 0x73, 0x53, 0xd2, 0x42,
    0xd2, 0x4a, 0x34, 0x53, 0xd6, 0x63, 0xd7, 0x8c, 0xff, 0xff, 0x5e, 0xe7,
    0xf6, 0x6b, 0xbb, 0x84, 0x79, 0xa5, 0xff, 0xff, 0x96, 0xad, 0x79, 0xbe,
    0xff, 0xff, 0xbc, 0xd6, 0xf4, 0x73, 0x34, 0x6c, 0xff, 0xf7, 0xff, 0xff,
    0xd7, 0x94, 0xb3, 0x6b, 0xbe, 0xce, 0xff, 0xf7, 0xff, 0xff, 0xd7, 0x94,
    0xf9, 0xb5, 0xff, 0xff, 0x3c, 0xc6, 0x7c, 0xc6, 0xfe, 0xf7, 0xff, 0xff,
    0xb9, 0xad, 0x19, 0xb6, 0xff, 0xff, 0x12, 0x7c, 0xbc, 0xce, 0xff, 0xff,
    0x12, 0x7c, 0xb5, 0x8c, 0xdf, 0xef, 0xff, 0xff, 0x35, 0x74, 0x39, 0x74,
    0x3d, 0x95, 0xde, 0xad, 0x3c, 0x95, 0x38, 0x74, 0x17, 0x6c, 0xb6, 0x5b,
    0x17, 0x6c, 0xdb, 0x84, 0x17, 0x64, 0xd7, 0x5b, 0x76, 0x53, 0xd3, 0x3a,
    0xd7, 0x5b, 0x58, 0x6c, 0x9a, 0x74, 0x59, 0x6c, 0x9a, 0x74, 0xbb, 0x7c,
    0xfc, 0x8c, 0xdc, 0x84, 0x9e, 0x9d, 0x79, 0x74, 0x58, 0x74, 0xd6, 0x5b,
    0x1b, 0x85, 0xba, 0x7c, 0xd6, 0x63, 0xb6, 0x5b, 0x96, 0x5b, 0x55, 0x53,
    0x75, 0x53, 0x75, 0x5b, 0x1b, 0x8d, 0x59, 0x74, 0xd7, 0x5b, 0x76, 0x53,
    0x55, 0x4b, 0x96, 0x53, 0x54, 0x4b, 0xd8, 0xa5, 0xff, 0xff, 0x39, 0x95,
    0x14, 0x4b, 0x94, 0x5b, 0xff, 0xe7, 0xff, 0xf7, 0x74, 0x5b, 0xb6, 0x5b,
    0x59, 0x95, 0xff, 0xff, 0x1a, 0xb6, 0x59, 0xa5, 0xff, 0xff, 0xff, 0xff,
    0xff, 0xff, 0xff, 0xff, 0x3b, 0xb6, 0xd1, 0x42, 0x54, 0x5b, 0xb6, 0x63,
    0x99, 0x7c, 0xdb, 0xad, 0xff, 0xff, 0x9f, 0xef, 0xb5, 0x6b, 0x57, 0x74,
    0x1b, 0xb6, 0xff, 0xff, 0x57, 0xa5, 0x13, 0x74, 0xfd, 0xde, 0xff, 0xff,
    0xbd, 0xce, 0x39, 0x85, 0x78, 0x95, 0xff, 0xf7, 0xff, 0xff, 0xff, 0xff,
    0xff, 0xf7, 0xff, 0xf7, 0x7b, 0xc6, 0x1a, 0x9d, 0x3e, 0xdf, 0xff, 0xff,
    0x3b, 0xa5, 0xbb, 0xad, 0xff, 0xff, 0x3d, 0xd7, 0x16, 0x7c, 0x7c, 0xc6,
    0xff, 0xff, 0x78, 0xa5, 0x7e, 0xdf, 0xff, 0xff, 0xff, 0xf7, 0xff, 0xf7,
    0xff, 0xff, 0x1d, 0xd7, 0x16, 0x74, 0x7d, 0x9d, 0xfb, 0x8c, 0xfb, 0x94,
    0xbe, 0xa5, 0x3b, 0x8d, 0x38, 0x6c, 0x38, 0x74, 0x3c, 0x95, 0xfb, 0x8c,
    0xba, 0x7c, 0x58, 0x6c, 0x96, 0x53, 0xf7, 0x5b, 0x5d, 0x8d, 0x79, 0x74,
    0x7a, 0x74, 0x79, 0x74, 0x59, 0x74, 0x9e, 0x9d, 0x79, 0x7c, 0x3c, 0x8d,
    0xb6, 0x5b, 0x95, 0x53, 0x74, 0x53, 0x74, 0x53, 0x95, 0x53, 0xd6, 0x5b,
    0x38, 0x6c, 0x18, 0x6c, 0xb6, 0x5b, 0x75, 0x5b, 0x75, 0x53, 0xb6, 0x5b,
    0x1c, 0x8d, 0xde, 0x9d, 0x75, 0x53, 0x75, 0x53, 0x96, 0x53, 0x75, 0x53,
    0x95, 0x53, 0x57, 0x8d, 0xdc, 0xc6, 0x7a, 0x95, 0x79, 0x74, 0x98, 0x7c,
    0x5a, 0xb6, 0xdd, 0xc6, 0xfa, 0x84, 0x9a, 0x74, 0x39, 0x95, 0x1d, 0xd7,
    0x18, 0x95, 0x1a, 0x95, 0x9d, 0xc6, 0xb8, 0xad, 0x77, 0xa5, 0xda, 0xb5,
    0xd8, 0x8c, 0x58, 0x7c, 0x5d, 0x9d, 0x7d, 0x9d, 0xb5, 0x5b, 0x31, 0x53,
    0x57, 0xa5, 0x17, 0x9d, 0x94, 0x63, 0x35, 0x74, 0xbd, 0xce, 0x7b, 0xc6,
    0x16, 0x7c, 0xb1, 0x4a, 0x94, 0x6b, 0x1e, 0xdf, 0xfe, 0xd6, 0x3d, 0xae,
    0x36, 0x64, 0xf3, 0x6b, 0x7b, 0xbe, 0x1d, 0xd7, 0xbc, 0xc6, 0x38, 0x9d,
    0xf4, 0x73, 0x96, 0x6b, 0xfc, 0xbd, 0xd9, 0xb5, 0xd7, 0x73, 0xd5, 0x73,
    0xd9, 0xad, 0x58, 0x9d, 0xfb, 0x94, 0x1d, 0xb6, 0x9d, 0xce, 0x76, 0x84,
    0x58, 0x9d, 0x7a, 0xbe, 0x18, 0xae, 0x79, 0xbe, 0x39, 0xb6, 0xf8, 0x94,
    0xde, 0xad, 0xde, 0xad, 0x5c, 0x95, 0xf7, 0x6b, 0x38, 0x74, 0x3b, 0x8d,
    0xbe, 0xa5, 0x9d, 0x9d, 0x9e, 0xa5, 0xbe, 0xa5, 0xfb, 0x8c, 0x55, 0x53,
    0xb7, 0x53, 0x35, 0x43, 0x18, 0x64, 0x18, 0x64, 0xf3, 0x42, 0x55, 0x53,
    0x17, 0x6c, 0x5b, 0x8d, 0x7c, 0x9d, 0xbd, 0xa5, 0x96, 0x5b, 0x95, 0x53,
    0x75, 0x53, 0x54, 0x4b, 0x75, 0x53, 0x17, 0x64, 0x99, 0x74, 0xde, 0xa5,
    0x3c, 0x95, 0x3c, 0x95, 0xfb, 0x8c, 0x79, 0x74, 0x17, 0x6c, 0x38, 0x6c,
    0x9d, 0x95, 0x3b, 0x85, 0x79, 0x6c, 0x38, 0x6c, 0xd9, 0x7c, 0x78, 0x6c,
    0x95, 0x53, 0x37, 0x6c, 0x75, 0x53, 0xd6, 0x63, 0x9a, 0x84, 0x9a, 0x84,
    0xf7, 0x63, 0x54, 0x4b, 0xf6, 0x6b, 0xb6, 0x63, 0x96, 0x63, 0x54, 0x5b,
    0xb5, 0x6b, 0x5c, 0x9d, 0x99, 0x84, 0xf7, 0x6b, 0xf3, 0x4a, 0x14, 0x4b,
    0x75, 0x5b, 0x34, 0x53, 0xf6, 0x63, 0x37, 0x74, 0xda, 0x8c, 0xd6, 0x6b,
    0xf7, 0x73, 0x9f, 0xce, 0x1d, 0xb6, 0x7b, 0xa5, 0x78, 0x84, 0x38, 0x7c,
    0xfb, 0x94, 0x1f, 0xbe, 0xde, 0xb5, 0x5c, 0x9d, 0xb9, 0x84, 0xba, 0x84,
    0x59, 0x74, 0x18, 0x74, 0x18, 0x74, 0xd3, 0x4a, 0x71, 0x42, 0x99, 0x84,
    0x5b, 0x9d, 0xfa, 0x94, 0xbb, 0x8c, 0xf7, 0x6b, 0xd6, 0x6b, 0xd7, 0x6b,
    0xdb, 0x94, 0xbe, 0xb5, 0xfe, 0xbd, 0x9c, 0xa5, 0x18, 0x74, 0xb7, 0x6b,
    0xf6, 0x6b, 0xd9, 0x8c, 0xfe, 0xb5, 0x7c, 0xa5, 0x3c, 0x9d, 0x58, 0x74,
    0x75, 0x5b, 0xf7, 0x6b, 0xba, 0x84, 0x1b, 0x8d, 0xbd, 0xa5, 0xfb, 0x8c,
    0x5c, 0x95, 0x9d, 0xa5, 0x9d, 0xa5, 0x5c, 0x95, 0x18, 0x64, 0x9a, 0x74,
    0xdb, 0x84, 0x18, 0x6c, 0x9a, 0x7c, 0x79, 0x7c, 0x1b, 0x8d, 0xde, 0xa5,
    0x5c, 0x95, 0xda, 0x84, 0x38, 0x6c, 0x79, 0x74, 0x17, 0x64, 0x17, 0x64,
    0x99, 0x74, 0xff, 0xa5, 0xba, 0x7c, 0x54, 0x53, 0xb6, 0x5b, 0x9a, 0x7c,
    0x7f, 0xbe, 0xba, 0x84, 0xd7, 0x63, 0x18, 0x6c, 0xf7, 0x63, 0x75, 0x4b,
    0x75, 0x53, 0xf6, 0x63, 0x58, 0x74, 0x99, 0x7c, 0xf3, 0x4a, 0xd6, 0x63,
    0x34, 0x4b, 0x79, 0x74, 0xd7, 0x6b, 0xb2, 0x42, 0x13, 0x4b, 0x54, 0x53,
    0x58, 0x74, 0xb6, 0x63, 0xda, 0x8c, 0xf8, 0x73, 0xf4, 0x52, 0x92, 0x42,
    0x71, 0x3a, 0xf7, 0x6b, 0x3f, 0xb6, 0x75, 0x5b, 0x96, 0x5b, 0x95, 0x5b,
    0x75, 0x5b, 0xd2, 0x42, 0x78, 0x7c, 0xbe, 0x9d, 0x99, 0x74, 0x78, 0x74,
    0xda, 0x84, 0x7c, 0x9d, 0x1b, 0x95, 0x38, 0x74, 0x79, 0x7c, 0x35, 0x53,
    0x96, 0x5b, 0x55, 0x53, 0x14, 0x53, 0xf7, 0x6b, 0xbd, 0x9d, 0x5c, 0x95,
    0xb6, 0x63, 0xd6, 0x6b, 0x76, 0x5b, 0x75, 0x5b, 0x5d, 0x95, 0xb7, 0x63,
    0x35, 0x53, 0x18, 0x6c, 0xf6, 0x6b, 0x3c, 0x95, 0xba, 0x8c, 0xb6, 0x6b,
    0xb6, 0x6b, 0x58, 0x74, 0x58, 0x74, 0x38, 0x74, 0x55, 0x5b, 0x7a, 0x84,
    0x7d, 0x9d, 0x55, 0x5b, 0x96, 0x63, 0x18, 0x6c, 0x5d, 0x9d, 0xdb, 0x8c,
    0x79, 0x7c, 0x17, 0x6c, 0x58, 0x74, 0xd2, 0x4a, 0x54, 0x5b, 0x3b, 0x95,
    0x5c, 0x9d, 0x1b, 0x95, 0xdb, 0x7c, 0x7e, 0x95, 0xfb, 0x84, 0xba, 0x7c,
    0x5c, 0x95, 0xbd, 0xa5, 0x5b, 0x95, 0x3b, 0x95, 0xdb, 0x8c, 0xb6, 0x63,
    0xf7, 0x63, 0xba, 0x7c, 0x79, 0x74, 0xf7, 0x63, 0x58, 0x6c, 0xfb, 0x84,
    0x5c, 0x95, 0x3c, 0x8d, 0x9d, 0x9d, 0x58, 0x74, 0xf7, 0x63, 0xd7, 0x63,
    0x96, 0x5b, 0x75, 0x53, 0xb6, 0x5b, 0xf7, 0x63, 0x58, 0x6c, 0xfa, 0x84,
    0x3b, 0x95, 0xde, 0xad, 0x9d, 0xad, 0x59, 0x7c, 0x59, 0x7c, 0x79, 0x74,
    0x38, 0x74, 0xfb, 0x8c, 0x7f, 0xb6, 0xba, 0x7c, 0xd7, 0x63, 0x75, 0x5b,
    0x17, 0x6c, 0x9d, 0x9d, 0x55, 0x53, 0x55, 0x53, 0x75, 0x5b, 0x79, 0x7c,
    0xf7, 0x6b, 0xf7, 0x6b, 0xf3, 0x4a, 0x14, 0x4b, 0x13, 0x4b, 0xfa, 0x8c,
    0xbe, 0x9d, 0x7d, 0x95, 0x18, 0x64, 0xb2, 0x3a, 0x14, 0x4b, 0x3f, 0xae,
    0x9a, 0x7c, 0x75, 0x5b, 0x9a, 0x7c, 0x59, 0x74, 0x35, 0x4b, 0x96, 0x5b,
    0x18, 0x6c, 0xd7, 0x6b, 0x79, 0x7c, 0x79, 0x74, 0xda, 0x84, 0x79, 0x74,
    0xda, 0x84, 0x7f, 0xb6, 0xdb, 0x7c, 0x19, 0x64, 0xf8, 0x63, 0x76, 0x5b,
    0xf7, 0x6b, 0x58, 0x7c, 0xf6, 0x6b, 0x34, 0x5b, 0xf3, 0x52, 0xbd, 0xa5,
    0x5b, 0x95, 0x9d, 0x9d, 0xbf, 0xa5, 0x35, 0x53, 0x35, 0x53, 0x76, 0x5b,
    0xd7, 0x63, 0xba, 0x84, 0xfb, 0x8c, 0xfe, 0xad, 0x3c, 0x95, 0xd6, 0x63,
    0xb6, 0x63, 0x95, 0x5b, 0x79, 0x7c, 0xde, 0xad, 0x7d, 0xa5, 0xba, 0x84,
    0x39, 0x6c, 0xd7, 0x63, 0xd3, 0x4a, 0xf3, 0x4a, 0x5c, 0x95, 0x9d, 0x9d,
    0x1b, 0x95, 0x99, 0x7c, 0xba, 0x84, 0x17, 0x6c, 0x59, 0x74, 0x17, 0x6c,
    0x9d, 0x9d, 0x79, 0x74, 0x99, 0x74, 0xd6, 0x5b, 0x17, 0x64, 0x9d, 0x9d,
    0x54, 0x53, 0x54, 0x53, 0x14, 0x4b, 0x13, 0x43, 0x34, 0x4b, 0xd6, 0x63,
    0xbd, 0x9d, 0x79, 0x74, 0x38, 0x6c, 0xba, 0x84, 0xf3, 0x4a, 0xb2, 0x42,
    0x14, 0x53, 0xdd, 0xad, 0xba, 0x84, 0x96, 0x5b, 0x55, 0x53, 0x34, 0x4b,
    0xf7, 0x63, 0xf7, 0x63, 0x75, 0x5b, 0xf3, 0x4a, 0x34, 0x53, 0x55, 0x53,
    0xda, 0x84, 0xb6, 0x63, 0x99, 0x7c, 0xfa, 0x8c, 0x9a, 0x7c, 0x34, 0x53,
    0xb6, 0x63, 0xd7, 0x63, 0x99, 0x7c, 0x99, 0x84, 0xda, 0x84, 0x75, 0x5b,
    0xb7, 0x63, 0x1c, 0x8d, 0x5d, 0x95, 0x96, 0x5b, 0x9d, 0xa5, 0x1f, 0xae,
    0x9e, 0xa5, 0x18, 0x6c, 0xd3, 0x4a, 0x55, 0x53, 0x34, 0x53, 0xde, 0xad,
    0xde, 0xa5, 0x54, 0x53, 0xd2, 0x42, 0x58, 0x74, 0x75, 0x53, 0x99, 0x74,
    0x55, 0x4b, 0x93, 0x3a, 0x14, 0x4b, 0x35, 0x53, 0x17, 0x6c, 0x78, 0x7c,
    0x98, 0x7c, 0x7c, 0x9d, 0x79, 0x7c, 0x17, 0x6c, 0x38, 0x6c, 0x17, 0x6c,
    0x79, 0x7c, 0xb6, 0x5b, 0xb7, 0x5b, 0x18, 0x6c, 0xf7, 0x63, 0x58, 0x74,
    0x9d, 0x9d, 0x9d, 0x9d, 0x38, 0x74, 0xfa, 0x84, 0xba, 0x84, 0x1c, 0x95,
    0xf7, 0x6b, 0xf7, 0x73, 0xb6, 0x63, 0x17, 0x6c, 0xf8, 0x6b, 0x38, 0x74,
    0x18, 0x74, 0x75, 0x5b, 0x1b, 0x8d, 0x7d, 0x95, 0xda, 0x84, 0x79, 0x7c,
    0x99, 0x7c, 0x9a, 0x7c, 0x17, 0x6c, 0xfb, 0x8c, 0x5d, 0x95, 0xfb, 0x84,
    0x17, 0x6c, 0xd6, 0x5b, 0x96, 0x5b, 0x58, 0x74, 0xf7, 0x63, 0x17, 0x6c,
    0xf6, 0x63, 0x17, 0x64, 0xfa, 0x84, 0x7c, 0x95, 0x55, 0x53, 0xd3, 0x3a,
    0xd3, 0x42, 0xf7, 0x63, 0x5c, 0x8d, 0xfb, 0x84, 0x17, 0x64, 0xbe, 0x9d,
    0xfb, 0x8c, 0xd3, 0x42, 0x95, 0x5b, 0xb6, 0x5b, 0x96, 0x5b, 0x1b, 0x8d,
    0xff, 0xad, 0xfb, 0x8c, 0xdb, 0x8c, 0x5d, 0xa5, 0xff, 0xb5, 0x59, 0x84,
    0x54, 0x63, 0xda, 0x84, 0x3f, 0xb6, 0xbe, 0xa5, 0x3c, 0x95, 0x79, 0x7c,
    0xd3, 0x4a, 0x54, 0x53, 0x5c, 0x95, 0x3c, 0x95, 0x59, 0x74, 0x58, 0x74,
    0xf7, 0x63, 0xb2, 0x42, 0x78, 0x7c, 0xbc, 0xa5, 0x3e, 0xb6, 0xff, 0xad,
    0x79, 0x7c, 0x34, 0x53, 0xb6, 0x63, 0x79, 0x7c, 0x5d, 0x9d, 0x79, 0x7c,
    0xf7, 0x6b, 0x1c, 0x8d, 0x79, 0x74, 0xb6, 0x5b, 0x79, 0x74, 0xbe, 0x9d,
    0xf7, 0x63, 0xd7, 0x63, 0x17, 0x6c, 0xf3, 0x4a, 0xb2, 0x42, 0xb6, 0x63,
    0x1b, 0x95, 0x38, 0x74, 0x38, 0x74, 0xd7, 0x63, 0xfc, 0x8c, 0x5d, 0x95,
    0x9a, 0x7c, 0xd7, 0x63, 0x17, 0x6c, 0x5c, 0x95, 0x3c, 0x95, 0x3c, 0x8d,
    0x38, 0x74, 0x3c, 0x95, 0x1f, 0xae, 0xfb, 0x8c, 0x59, 0x7c, 0xb6, 0x6b,
    0xb5, 0x63, 0x38, 0x74, 0x79, 0x74, 0x3d, 0x95, 0xff, 0xb5, 0xde, 0xad,
    0xde, 0xad, 0x1c, 0x8d, 0xda, 0x84, 0x79, 0x7c, 0xdb, 0x84, 0x79, 0x7c,
    0xb9, 0x7c, 0x76, 0x5b, 0x76, 0x53, 0x58, 0x74, 0xb5, 0x5b, 0x75, 0x53,
    0x17, 0x64, 0x99, 0x74, 0x17, 0x6c, 0x74, 0x5b, 0x58, 0x74, 0x9d, 0x9d,
    0xda, 0x84, 0x78, 0x7c, 0x17, 0x6c, 0x38, 0x6c, 0xb6, 0x5b, 0x18, 0x64,
    0x38, 0x64, 0x1b, 0x85, 0x75, 0x4b, 0x92, 0x32, 0x59, 0x74, 0x1b, 0x8d,
    0x75, 0x53, 0x55, 0x53, 0xfc, 0x8c, 0x79, 0x74, 0x17, 0x64, 0x75, 0x4b,
    0xf3, 0x4a, 0xf7, 0x73, 0x58, 0x84, 0xbd, 0xb5, 0xd7, 0x73, 0x13, 0x53,
    0x54, 0x5b, 0xba, 0x84, 0x9d, 0xa5, 0x3c, 0x95, 0x99, 0x7c, 0x79, 0x7c,
    0x37, 0x6c, 0xba, 0x84, 0x58, 0x74, 0x38, 0x6c, 0x18, 0x6c, 0x95, 0x63,
    0x17, 0x6c, 0x3b, 0x95, 0xbd, 0xad, 0x9d, 0xa5, 0x9d, 0xa5, 0x38, 0x74,
    0x18, 0x74, 0xf7, 0x6b, 0xb7, 0x63, 0xd7, 0x63, 0xf7, 0x6b, 0x38, 0x6c,
    0xba, 0x7c, 0xba, 0x7c, 0xff, 0xa5, 0xbd, 0x9d, 0x5d, 0x8d, 0x55, 0x53,
    0x99, 0x7c, 0x58, 0x74, 0xda, 0x8c, 0x3c, 0x95, 0x1c, 0x95, 0x14, 0x53,
    0xf3, 0x4a, 0x55, 0x5b, 0x14, 0x53, 0x9a, 0x84, 0xfb, 0x8c, 0x79, 0x7c,
    0x9d, 0x9d, 0xfb, 0x8c, 0x34, 0x53, 0x18, 0x6c, 0xbe, 0xa5, 0xfb, 0x8c,
    0xd7, 0x63, 0x38, 0x7c, 0xfb, 0x9c, 0x5f, 0xbe, 0xbd, 0xa5, 0x5c, 0x9d,
    0xfb, 0x8c, 0x39, 0x7c, 0xdb, 0x94, 0x9a, 0x84, 0x59, 0x7c, 0x38, 0x6c,
    0x79, 0x7c, 0x96, 0x5b, 0xb7, 0x63, 0xd7, 0x63, 0xda, 0x84, 0x75, 0x5b,
    0xf7, 0x6b, 0x38, 0x6c, 0xf7, 0x63, 0x3c, 0x8d, 0x7d, 0x95, 0x38, 0x6c,
    0x37, 0x6c, 0xb6, 0x63, 0xf7, 0x6b, 0x7d, 0x9d, 0x17, 0x6c, 0x5c, 0x9d,
    0xf7, 0x6b, 0x76, 0x4b, 0x96, 0x4b, 0x14, 0x43, 0x34, 0x43, 0xf6, 0x5b,
    0x1c, 0x85, 0x54, 0x4b, 0xf3, 0x42, 0xf7, 0x63, 0x9d, 0x9d, 0x14, 0x4b,
    0x96, 0x5b, 0x38, 0x6c, 0x54, 0x4b, 0xf3, 0x42, 0x34, 0x4b, 0xf3, 0x4a,
    0x92, 0x4a, 0x7d, 0xa5, 0xde, 0xad, 0xf7, 0x73, 0x38, 0x74, 0xb6, 0x63,
    0x38, 0x74, 0x17, 0x6c, 0x75, 0x5b, 0x9d, 0x9d, 0xf6, 0x63, 0xd6, 0x63,
    0x58, 0x74, 0xfb, 0x8c, 0x9a, 0x7c, 0x3c, 0x95, 0xbd, 0xad, 0x5c, 0x9d,
    0x5c, 0xa5, 0xdf, 0xb5, 0xde, 0xad, 0x9a, 0x84, 0x76, 0x5b, 0xd3, 0x4a,
    0xf4, 0x4a, 0x55, 0x5b, 0xf8, 0x6b, 0x9a, 0x7c, 0xd3, 0x42, 0x75, 0x53,
    0xb2, 0x3a, 0x58, 0x74, 0xd6, 0x63, 0x3c, 0x8d, 0xda, 0x84, 0x99, 0x7c,
    0x79, 0x7c, 0x17, 0x74, 0x3c, 0x95, 0x59, 0x7c, 0x38, 0x74, 0x96, 0x63,
    0x14, 0x53, 0x14, 0x5b, 0x38, 0x7c, 0xb6, 0x63, 0xba, 0x84, 0xbd, 0xa5,
    0x18, 0x6c, 0xbb, 0x84, 0x97, 0x63, 0xf3, 0x4a, 0xfb, 0x8c, 0x38, 0x74,
    0x75, 0x63, 0x59, 0x84, 0x1e, 0xbe, 0x9c, 0xa5, 0x1c, 0x8d, 0x79, 0x7c,
    0xd7, 0x6b, 0x55, 0x53, 0xf8, 0x6b, 0x59, 0x74, 0xba, 0x84, 0x5c, 0x95,
    0xfb, 0x8c, 0x79, 0x7c, 0x59, 0x74, 0x7c, 0x95, 0x9f, 0xbe, 0x78, 0x74,
    0x19, 0x6c, 0x7a, 0x74, 0x7a, 0x74, 0x58, 0x74, 0x99, 0x7c, 0xfe, 0xa5,
    0x5c, 0x95, 0xd6, 0x63, 0x75, 0x5b, 0x3b, 0x95, 0x38, 0x74, 0xb6, 0x53,
    0xd7, 0x5b, 0xb7, 0x53, 0xb6, 0x53, 0x95, 0x53, 0xda, 0x7c, 0x9d, 0x95,
    0xf7, 0x63, 0xf7, 0x63, 0xff, 0xa5, 0xdb, 0x84, 0x79, 0x6c, 0x95, 0x4b,
    0x34, 0x53, 0xd4, 0x52, 0x34, 0x53, 0x38, 0x6c, 0x75, 0x5b, 0xba, 0x8c,
    0x1b, 0x95, 0x74, 0x5b, 0x78, 0x7c, 0x58, 0x7c, 0x34, 0x53, 0xd2, 0x4a,
    0xd6, 0x63, 0xfa, 0x84, 0xb5, 0x5b, 0x3c, 0x95, 0x17, 0x6c, 0x99, 0x7c,
    0x5c, 0x95, 0x34, 0x5b, 0x55, 0x63, 0xb6, 0x63, 0x54, 0x5b, 0x33, 0x53,
    0x75, 0x63, 0xf7, 0x73, 0x3d, 0x95, 0x7d, 0x9d, 0x35, 0x53, 0x76, 0x5b,
    0x96, 0x5b, 0x96, 0x5b, 0x76, 0x5b, 0xd7, 0x63, 0xb6, 0x63, 0xf2, 0x42,
    0x75, 0x5b, 0x55, 0x53, 0x96, 0x5b, 0x59, 0x74, 0xb6, 0x63, 0x59, 0x7c,
    0xf7, 0x6b, 0x79, 0x84, 0x9a, 0x84, 0x1c, 0x95, 0x7d, 0xa5, 0xdd, 0xad,
    0xff, 0xb5, 0xff, 0xad, 0x99, 0x7c, 0xdb, 0x84, 0x7a, 0x7c, 0x76, 0x5b,
    0x14, 0x53, 0x92, 0x3a, 0x1b, 0x8d, 0x95, 0x5b, 0x34, 0x53, 0xfb, 0x9c,
    0x3f, 0xc6, 0x7f, 0xc6, 0x38, 0x6c, 0x78, 0x6c, 0x1b, 0x85, 0xba, 0x7c,
    0xfb, 0x8c, 0xd7, 0x6b, 0xf4, 0x4a, 0x38, 0x74, 0x59, 0x7c, 0x1c, 0x8d,
    0xfc, 0x8c, 0x57, 0x74, 0x9c, 0x9d, 0xbd, 0x9d, 0x14, 0x4b, 0x34, 0x4b,
    0x75, 0x5b, 0xb6, 0x63, 0x78, 0x7c, 0x9c, 0x9d, 0x33, 0x53, 0x95, 0x5b,
    0xb5, 0x5b, 0xde, 0xa5, 0x7d, 0x9d, 0xf7, 0x63, 0x38, 0x6c, 0xb7, 0x53,
    0xb6, 0x5b, 0xb6, 0x5b, 0x17, 0x64, 0x79, 0x6c, 0x17, 0x64, 0xd6, 0x5b,
    0xd6, 0x5b, 0xda, 0x7c, 0x3b, 0x85, 0xba, 0x74, 0x96, 0x5b, 0x96, 0x63,
    0xf7, 0x6b, 0x38, 0x6c, 0x17, 0x6c, 0x7c, 0x9d, 0x78, 0x7c, 0x37, 0x74,
    0x95, 0x5b, 0x38, 0x74, 0xba, 0x84, 0xf7, 0x63, 0x38, 0x6c, 0x96, 0x5b,
    0x58, 0x74, 0x17, 0x6c, 0x95, 0x63, 0xb9, 0x84, 0xfa, 0x8c, 0xfa, 0x8c,
    0x5c, 0x9d, 0x1b, 0x95, 0x5c, 0x8d, 0xd9, 0x7c, 0xd6, 0x6b, 0xba, 0x8c,
    0x18, 0x74, 0xba, 0x84, 0x5c, 0x95, 0x79, 0x74, 0x35, 0x4b, 0x55, 0x4b,
    0x35, 0x4b, 0xf4, 0x4a, 0xfb, 0x8c, 0xdb, 0x8c, 0xbb, 0x84, 0x35, 0x53,
    0xbb, 0x84, 0x3d, 0x95, 0x14, 0x53, 0xd3, 0x42, 0x1c, 0x95, 0xfb, 0x8c,
    0xba, 0x84, 0xda, 0x8c, 0x1b, 0x95, 0xba, 0x84, 0xda, 0x84, 0x75, 0x5b,
    0x14, 0x53, 0x14, 0x4b, 0xd7, 0x63, 0x5d, 0x9d, 0xdf, 0xa5, 0xdb, 0x84,
    0x3c, 0x95, 0xd7, 0x63, 0x95, 0x5b, 0x38, 0x74, 0x3c, 0x9d, 0x76, 0x63,
    0x54, 0x53, 0xda, 0x7c, 0x5b, 0x8d, 0x1b, 0x8d, 0x34, 0x53, 0x59, 0x84,
    0x39, 0x7c, 0xd7, 0x6b, 0xdb, 0x8c, 0xb6, 0x63, 0xf7, 0x5b, 0x74, 0x4b,
    0x34, 0x4b, 0x3b, 0x8d, 0xfa, 0x84, 0xb6, 0x5b, 0x75, 0x5b, 0x96, 0x63,
    0x54, 0x53, 0x7c, 0x9d, 0x99, 0x7c, 0xf3, 0x4a, 0x54, 0x53, 0x95, 0x5b,
    0x1b, 0x8d, 0x38, 0x6c, 0xb6, 0x5b, 0x96, 0x53, 0x34, 0x4b, 0xf3, 0x42,
    0x13, 0x43, 0x75, 0x4b, 0x17, 0x64, 0xd6, 0x5b, 0x38, 0x6c, 0x95, 0x53,
    0x17, 0x64, 0x1b, 0x8d, 0xda, 0x7c, 0x7c, 0x8d, 0x38, 0x6c, 0x75, 0x5b,
    0x34, 0x53, 0x1b, 0x95, 0x5c, 0x95, 0x99, 0x84, 0x1b, 0x8d, 0xda, 0x84,
    0xfb, 0x8c, 0x99, 0x7c, 0xfb, 0x94, 0xbe, 0xad, 0x7d, 0xa5, 0xd7, 0x6b,
    0x34, 0x5b, 0x54, 0x5b, 0xd6, 0x6b, 0xf6, 0x73, 0xba, 0x8c, 0x7c, 0x9d,
    0x1a, 0x85, 0x37, 0x64, 0x1b, 0x95, 0x58, 0x7c, 0x75, 0x5b, 0x75, 0x5b,
    0x58, 0x6c, 0x59, 0x74, 0x9a, 0x7c, 0x95, 0x53, 0x14, 0x53, 0x75, 0x63,
    0xff, 0xad, 0xbe, 0xa5, 0xde, 0xa5, 0x7d, 0x9d, 0x9a, 0x7c, 0x55, 0x5b,
    0x35, 0x53, 0x35, 0x53, 0xff, 0xad, 0x9a, 0x7c, 0x9a, 0x7c, 0x38, 0x6c,
    0xf3, 0x42, 0x34, 0x4b, 0x58, 0x74, 0x96, 0x63, 0x35, 0x53, 0xd4, 0x4a,
    0xd4, 0x4a, 0xf4, 0x4a, 0x55, 0x53, 0x38, 0x74, 0xb6, 0x63, 0x96, 0x5b,
    0x75, 0x53, 0x13, 0x43, 0x38, 0x6c, 0xfb, 0x8c, 0x5d, 0x9d, 0x18, 0x6c,
    0xd7, 0x5b, 0xb6, 0x5b, 0xb7, 0x5b, 0xb7, 0x63, 0x58, 0x74, 0x38, 0x6c,
    0x34, 0x53, 0xf3, 0x4a, 0x5d, 0x85, 0x57, 0x64, 0x38, 0x64, 0xfb, 0x84,
    0xbc, 0x9d, 0x7c, 0x9d, 0x3c, 0x95, 0x58, 0x74, 0x95, 0x63, 0x9c, 0x9d,
    0x5c, 0x95, 0xb6, 0x5b, 0x54, 0x53, 0x55, 0x53, 0x95, 0x5b, 0x99, 0x7c,
    0x99, 0x7c, 0x75, 0x5b, 0x75, 0x53, 0x54, 0x53, 0x75, 0x53, 0xf7, 0x63,
    0x58, 0x6c, 0xdb, 0x7c, 0xfb, 0x84, 0xb9, 0x7c, 0x7d, 0x9d, 0xbe, 0xa5,
    0x3b, 0x8d, 0x1b, 0x7d, 0x95, 0x5b, 0xd7, 0x6b, 0x9d, 0xa5, 0x7d, 0x9d,
    0x7c, 0x9d, 0xb9, 0x84, 0x3b, 0x95, 0x17, 0x6c, 0xb6, 0x63, 0xd7, 0x63,
    0xb6, 0x63, 0x3f, 0xbe, 0x7a, 0x8c, 0xb7, 0x6b, 0x96, 0x6b, 0xf6, 0x73,
    0x99, 0x84, 0x3b, 0x95, 0xba, 0x8c, 0x7c, 0x9d, 0x58, 0x6c, 0xd6, 0x5b,
    0xd6, 0x63, 0x7d, 0x9d, 0x99, 0x74, 0xfb, 0x84, 0x3c, 0x8d, 0xb6, 0x63,
    0xd4, 0x42, 0x9a, 0x74, 0x18, 0x6c, 0x14, 0x53, 0xd3, 0x4a, 0x9a, 0x84,
    0x7d, 0x9d, 0xdd, 0xad, 0xde, 0xad, 0xdb, 0x8c, 0xdf, 0xad, 0xdf, 0xad,
    0xba, 0x84, 0xdf, 0xad, 0x39, 0x6c, 0xd7, 0x5b, 0xb6, 0x5b, 0x18, 0x6c,
    0xfb, 0x8c, 0x1c, 0x8d, 0x1c, 0x95, 0x19, 0x74, 0xb7, 0x63, 0xf7, 0x6b,
    0x14, 0x53, 0x14, 0x4b, 0x38, 0x74, 0xba, 0x7c, 0xd6, 0x5b, 0x38, 0x64,
    0xb6, 0x53, 0xf7, 0x6b, 0xfc, 0x9c, 0xf8, 0x6b, 0x59, 0x64, 0xf8, 0x5b,
    0x75, 0x4b, 0x96, 0x53, 0x75, 0x53, 0x99, 0x74, 0x1b, 0x8d, 0xba, 0x84,
    0x59, 0x74, 0x3c, 0x85, 0x17, 0x5c, 0x95, 0x53, 0xd4, 0x63, 0xb8, 0x84,
    0x99, 0x7c, 0x7a, 0x7c, 0x38, 0x74, 0x57, 0x74, 0x1f, 0xae, 0xdb, 0x84,
    0xb6, 0x5b, 0xb6, 0x63, 0xd7, 0x6b, 0xb9, 0x84, 0x5c, 0x95, 0x7c, 0x9d,
    0x5c, 0x95, 0x38, 0x74, 0xd6, 0x63, 0xf7, 0x63, 0x37, 0x64, 0x38, 0x6c,
    0x95, 0x5b, 0xf7, 0x63, 0xb9, 0x84, 0x78, 0x7c, 0xf6, 0x6b, 0x17, 0x6c,
    0xdd, 0xa5, 0x59, 0x74, 0x75, 0x5b, 0x38, 0x74, 0x58, 0x7c, 0x17, 0x6c,
    0xb9, 0x84, 0x58, 0x74, 0xd6, 0x63, 0xf7, 0x63, 0x38, 0x74, 0x9d, 0xa5,
    0x38, 0x7c, 0xb3, 0x4a, 0xf2, 0x52, 0x54, 0x5b, 0x13, 0x53, 0xb2, 0x42,
    0x50, 0x3a, 0xda, 0x8c, 0x5c, 0x8d, 0xf6, 0x63, 0x95, 0x5b, 0xb6, 0x5b,
    0x38, 0x6c, 0x1c, 0x8d, 0xbd, 0xa5, 0x1c, 0x95, 0x97, 0x63, 0x58, 0x74,
    0xda, 0x84, 0x9a, 0x84, 0xdb, 0x8c, 0xf8, 0x6b, 0x55, 0x5b, 0xd7, 0x6b,
    0x75, 0x5b, 0x34, 0x53, 0x55, 0x5b, 0x35, 0x53, 0x75, 0x5b, 0xdb, 0x84,
    0xdb, 0x84, 0x9a, 0x7c, 0x39, 0x74, 0x13, 0x4b, 0xfb, 0x84, 0xd7, 0x63,
    0x14, 0x4b, 0x34, 0x53, 0x17, 0x74, 0x99, 0x84, 0xf7, 0x6b, 0xb6, 0x63,
    0x75, 0x5b, 0x14, 0x4b, 0x59, 0x74, 0x79, 0x7c, 0xba, 0x84, 0xba, 0x84,
    0x1f, 0xb6, 0x9a, 0x74, 0x18, 0x64, 0x5d, 0x85, 0x38, 0x5c, 0x18, 0x6c,
    0x76, 0x5b, 0x34, 0x53, 0x55, 0x53, 0xf7, 0x6b, 0xf8, 0x63, 0x38, 0x64,
    0xda, 0x74, 0x3c, 0x95, 0x57, 0x7c, 0x78, 0x7c, 0xbd, 0xa5, 0xfc, 0x8c,
    0x7d, 0x9d, 0xbd, 0xa5, 0xd9, 0x84, 0xdb, 0x84, 0xfc, 0x84, 0x5d, 0x95,
    0x9d, 0xa5, 0xfa, 0x8c, 0xb9, 0x84, 0x17, 0x6c, 0x78, 0x7c, 0x79, 0x74,
    0x79, 0x7c, 0xb6, 0x5b, 0x95, 0x53, 0x17, 0x6c, 0x58, 0x74, 0x38, 0x74,
    0x58, 0x74, 0x99, 0x7c, 0x78, 0x7c, 0xba, 0x84, 0x58, 0x74, 0x79, 0x7c,
    0x38, 0x6c, 0x34, 0x53, 0xb5, 0x63, 0x58, 0x74, 0x58, 0x74, 0x78, 0x7c,
    0x74, 0x5b, 0xf3, 0x4a, 0x95, 0x5b, 0xfa, 0x8c, 0xd6, 0x63, 0x96, 0x63,
    0xb5, 0x63, 0x16, 0x6c, 0x75, 0x5b, 0xd6, 0x6b, 0xf7, 0x6b, 0x75, 0x5b,
    0x79, 0x74, 0xd6, 0x63, 0x99, 0x7c, 0x38, 0x74, 0x76, 0x63, 0xf3, 0x52,
    0xb5, 0x6b, 0x1c, 0x95, 0x39, 0x74, 0xf7, 0x6b, 0x1c, 0x8d, 0x18, 0x6c,
    0x7d, 0x9d, 0x76, 0x5b, 0x55, 0x5b, 0x92, 0x42, 0xd3, 0x4a, 0x14, 0x53,
    0x14, 0x53, 0x14, 0x53, 0xd3, 0x42, 0x71, 0x3a, 0xf4, 0x4a, 0x9a, 0x84,
    0x7d, 0x9d, 0xfb, 0x8c, 0x7d, 0x9d, 0x79, 0x7c, 0xf7, 0x6b, 0xfb, 0x8c,
    0x3f, 0xb6, 0x99, 0x84, 0x17, 0x74, 0x38, 0x74, 0xbd, 0xa5, 0x38, 0x74,
    0xb6, 0x63, 0x34, 0x53, 0x14, 0x53, 0xf8, 0x6b, 0x9b, 0x84, 0x79, 0x7c,
    0x96, 0x5b, 0x18, 0x6c, 0x38, 0x5c, 0x55, 0x53, 0x55, 0x5b, 0x35, 0x53,
    0x14, 0x4b, 0x96, 0x5b, 0x18, 0x64, 0xf7, 0x5b, 0xf7, 0x63, 0xb6, 0x63,
    0x78, 0x7c, 0xd9, 0x8c, 0x9d, 0x9d, 0xdb, 0x84, 0xb6, 0x63, 0x54, 0x53,
    0xfb, 0x84, 0x59, 0x6c, 0x96, 0x5b, 0x55, 0x53, 0x13, 0x4b, 0x75, 0x5b,
    0x58, 0x74, 0xf7, 0x6b, 0xd6, 0x63, 0x54, 0x53, 0xb5, 0x5b, 0x5f, 0xb6,
    0x79, 0x74, 0x99, 0x74, 0xda, 0x84, 0xda, 0x7c, 0xde, 0x9d, 0xfb, 0x84,
    0xb6, 0x5b, 0x54, 0x53, 0x75, 0x53, 0x58, 0x74, 0x1b, 0x85, 0x59, 0x74,
    0xf7, 0x6b, 0x99, 0x7c, 0x54, 0x53, 0x75, 0x5b, 0x78, 0x7c, 0x95, 0x5b,
    0x1b, 0x8d, 0xf6, 0x63, 0x95, 0x5b, 0x34, 0x4b, 0xf3, 0x42, 0xb6, 0x63,
    0xf7, 0x6b, 0x79, 0x7c, 0xba, 0x84, 0x13, 0x4b, 0x54, 0x53, 0x13, 0x4b,
    0x91, 0x3a, 0x38, 0x74, 0x9e, 0x9d, 0x3c, 0x95, 0x95, 0x5b, 0x5c, 0x95,
    0xfb, 0x84, 0x18, 0x6c, 0x79, 0x74, 0xba, 0x84, 0x79, 0x7c, 0xde, 0xad,
    0x3f, 0xb6, 0xda, 0x8c, 0x95, 0x63, 0xd6, 0x63, 0xf7, 0x6b, 0xba, 0x7c,
    0x38, 0x6c, 0x38, 0x74, 0xda, 0x8c, 0xf7, 0x6b, 0xf3, 0x4a, 0x79, 0x84,
    0x3b, 0x95, 0xba, 0x84, 0xba, 0x8c, 0x1b, 0x95, 0xf7, 0x73, 0xf7, 0x73,
    0x5c, 0x9d, 0xba, 0x84, 0x92, 0x3a, 0x71, 0x3a, 0xd7, 0x63, 0x75, 0x5b,
    0x34, 0x53, 0x92, 0x42, 0x92, 0x42, 0x34, 0x53, 0x96, 0x63, 0xba, 0x84,
    0xfa, 0x84, 0x79, 0x7c, 0x9a, 0x84, 0xde, 0xb5, 0x39, 0x84, 0x9a, 0x8c,
    0x34, 0x43, 0x55, 0x4b, 0x18, 0x6c, 0x9a, 0x7c, 0xda, 0x84, 0x5b, 0x95,
    0xf6, 0x6b, 0x99, 0x7c, 0xda, 0x84, 0x58, 0x6c, 0x54, 0x4b, 0xd7, 0x5b,
    0x59, 0x74, 0x38, 0x6c, 0x33, 0x4b, 0x54, 0x53, 0xd7, 0x63, 0x95, 0x5b,
    0x78, 0x74, 0xb9, 0x7c, 0xde, 0xa5, 0xb9, 0x7c, 0x95, 0x53, 0x38, 0x6c,
    0x17, 0x6c, 0x5f, 0xb6, 0x38, 0x6c, 0x96, 0x53, 0x35, 0x4b, 0xf7, 0x63,
    0x99, 0x7c, 0xd7, 0x63, 0x5d, 0x95, 0x17, 0x6c, 0x75, 0x5b, 0xfa, 0x8c,
    0x95, 0x63, 0x37, 0x74, 0x7d, 0x9d, 0x78, 0x7c, 0x7c, 0x95, 0xbc, 0x9d,
    0x54, 0x53, 0xd7, 0x63, 0xf7, 0x63, 0x96, 0x5b, 0x95, 0x5b, 0xb6, 0x63,
    0xd6, 0x63, 0x18, 0x74, 0xdb, 0x8c, 0xb6, 0x63, 0x18, 0x74, 0x59, 0x74,
    0x9a, 0x7c, 0x34, 0x4b, 0xfa, 0x7c, 0xb9, 0x74, 0x95, 0x53, 0xba, 0x7c,
    0xd7, 0x63, 0x92, 0x3a, 0x91, 0x42, 0x91, 0x42, 0xf2, 0x52, 0xd6, 0x6b,
    0xf6, 0x6b, 0xf7, 0x63, 0x3c, 0x8d, 0x1b, 0x8d, 0x99, 0x7c, 0x78, 0x7c,
    0xfa, 0x8c, 0x58, 0x7c, 0xfa, 0x94, 0x95, 0x63, 0x34, 0x53, 0x79, 0x7c,
    0xfb, 0x8c, 0x55, 0x5b, 0xba, 0x8c, 0x79, 0x7c, 0x79, 0x84, 0xdb, 0x8c,
    0x9a, 0x7c, 0x9a, 0x7c, 0xba, 0x84, 0x76, 0x5b, 0x14, 0x53, 0xb6, 0x6b,
    0x55, 0x5b, 0x95, 0x63, 0xfb, 0x8c, 0x3f, 0xbe, 0x9e, 0xa5, 0x5d, 0x9d,
    0xfa, 0x8c, 0x1b, 0x95, 0x7a, 0x84, 0x9a, 0x8c, 0x18, 0x64, 0xf7, 0x63,
    0x96, 0x5b, 0xb6, 0x63, 0xd6, 0x63, 0x3b, 0x95, 0x78, 0x7c, 0xda, 0x84,
    0xfa, 0x84, 0xb6, 0x5b, 0x18, 0x6c, 0xf7, 0x6b, 0x79, 0x74, 0x7d, 0x9d,
    0xba, 0x84, 0x9d, 0x9d, 0x99, 0x7c, 0x99, 0x7c, 0xda, 0x84, 0x1b, 0x85,
    0xb6, 0x5b, 0x99, 0x74, 0x75, 0x53, 0x34, 0x4b, 0x96, 0x5b, 0x3c, 0x95,
    0x5d, 0x95, 0x14, 0x43, 0x55, 0x53, 0x14, 0x4b, 0x96, 0x5b, 0x79, 0x74,
    0x7d, 0x95, 0x34, 0x53, 0x13, 0x4b, 0xf2, 0x42, 0x5c, 0x95, 0x99, 0x84,
    0x9d, 0x9d, 0x37, 0x6c, 0x33, 0x4b, 0x95, 0x5b, 0x7d, 0x95, 0xd6, 0x63,
    0x76, 0x5b, 0x95, 0x5b, 0x38, 0x74, 0x95, 0x5b, 0xd2, 0x42, 0x71, 0x3a,
    0xd3, 0x42, 0x79, 0x7c, 0x1b, 0x8d, 0x55, 0x53, 0x13, 0x4b, 0x9a, 0x7c,
    0x9f, 0x95, 0xb7, 0x53, 0x35, 0x4b, 0xb7, 0x5b, 0x1c, 0x8d, 0x34, 0x53,
    0xb2, 0x42, 0xb2, 0x42, 0x74, 0x63, 0xb5, 0x6b, 0x17, 0x6c, 0xd6, 0x5b,
    0x55, 0x53, 0x34, 0x4b, 0xb6, 0x63, 0xf7, 0x6b, 0x34, 0x5b, 0xb2, 0x4a,
    0x3c, 0x9d, 0x95, 0x63, 0x34, 0x5b, 0xf3, 0x4a, 0x92, 0x42, 0x14, 0x53,
    0xb2, 0x42, 0x38, 0x74, 0x3b, 0x95, 0x1c, 0x95, 0x9a, 0x7c, 0x59, 0x74,
    0x1c, 0x8d, 0xdc, 0x8c, 0xba, 0x84, 0x7a, 0x84, 0xf7, 0x6b, 0xdb, 0x8c,
    0x9d, 0xa5, 0x1b, 0x95, 0x7d, 0x9d, 0x9e, 0xa5, 0xd7, 0x6b, 0x54, 0x5b,
    0x1b, 0x95, 0x38, 0x74, 0x18, 0x64, 0x18, 0x64, 0xf8, 0x63, 0xd7, 0x63,
    0x17, 0x6c, 0xfa, 0x8c, 0x7c, 0x9d, 0x38, 0x74, 0x5c, 0x95, 0x96, 0x5b,
    0x13, 0x4b, 0x55, 0x53, 0x58, 0x7c, 0x7f, 0xbe, 0x9d, 0xa5, 0x34, 0x53,
    0xd6, 0x63, 0x7d, 0x95, 0xba, 0x7c, 0x34, 0x4b, 0x13, 0x43, 0x34, 0x4b,
    0x38, 0x6c, 0x18, 0x6c, 0x14, 0x4b, 0xb2, 0x3a, 0xfb, 0x8c, 0xfb, 0x84,
    0x96, 0x5b, 0xd3, 0x42, 0xd3, 0x42, 0xf3, 0x42, 0x7d, 0x95, 0x96, 0x5b,
    0x13, 0x4b, 0x9c, 0x9d, 0x58, 0x74, 0xf2, 0x42, 0x75, 0x53, 0x99, 0x7c,
    0xf7, 0x6b, 0xb6, 0x63, 0x58, 0x74, 0x9a, 0x7c, 0x39, 0x74, 0x9d, 0x9d,
    0x71, 0x3a, 0x91, 0x3a, 0xb2, 0x42, 0x14, 0x4b, 0xf3, 0x4a, 0xd3, 0x4a,
    0x79, 0x7c, 0x5b, 0x95, 0x1e, 0xae, 0x59, 0x74, 0xf9, 0x63, 0x39, 0x6c,
    0x18, 0x64, 0xb7, 0x5b, 0xf4, 0x4a, 0xf7, 0x6b, 0x38, 0x74, 0x58, 0x7c,
    0xd9, 0x8c, 0x58, 0x7c, 0x17, 0x6c, 0x95, 0x5b, 0x92, 0x3a, 0x92, 0x3a,
    0x92, 0x3a, 0x92, 0x42, 0xb6, 0x63, 0x14, 0x53, 0x96, 0x63, 0xbd, 0xa5,
    0xd2, 0x4a, 0xb6, 0x63, 0xb6, 0x5b, 0x55, 0x4b, 0x14, 0x4b, 0xd3, 0x4a,
    0xda, 0x84, 0x18, 0x6c, 0x15, 0x4b, 0x76, 0x5b, 0x76, 0x5b, 0x35, 0x53,
    0xd4, 0x4a, 0x75, 0x5b, 0xb3, 0x4a, 0x14, 0x53, 0x75, 0x5b, 0x34, 0x5b,
    0x35, 0x5b, 0x38, 0x7c, 0xba, 0x8c, 0x5c, 0x9d, 0x78, 0x7c, 0x96, 0x5b,
    0xf7, 0x5b, 0xf7, 0x5b, 0xf8, 0x63, 0x18, 0x6c, 0x58, 0x74, 0xb9, 0x7c,
    0xff, 0xad, 0xda, 0x84, 0x7c, 0x95, 0x34, 0x4b, 0x14, 0x4b, 0xd6, 0x63,
    0xfe, 0xad, 0x58, 0x74, 0xfb, 0x8c, 0xda, 0x84, 0x75, 0x5b, 0x13, 0x4b,
    0x17, 0x6c, 0x79, 0x74, 0x38, 0x6c, 0xb6, 0x5b, 0xf7, 0x63, 0x55, 0x53,
    0x9a, 0x7c, 0xfe, 0xad, 0x1c, 0x8d, 0xba, 0x7c, 0x3c, 0x8d, 0x3f, 0xae,
    0xba, 0x7c, 0x79, 0x74, 0x1c, 0x8d, 0x59, 0x74, 0x17, 0x6c, 0x99, 0x7c,
    0x58, 0x74, 0x17, 0x6c, 0xb6, 0x5b, 0xf3, 0x42, 0xf3, 0x42, 0xd7, 0x63,
    0x55, 0x53, 0x55, 0x53, 0x14, 0x53, 0x17, 0x6c, 0x3f, 0xb6, 0xba, 0x84,
    0x75, 0x5b, 0x14, 0x4b, 0x75, 0x5b, 0x38, 0x74, 0xb6, 0x63, 0xda, 0x84,
    0x7c, 0x9d, 0xbb, 0x7c, 0x77, 0x53, 0x76, 0x53, 0xf4, 0x42, 0xb3, 0x3a,
    0x34, 0x53, 0x34, 0x53, 0x34, 0x53, 0x17, 0x6c, 0xbd, 0xad, 0x1b, 0x95,
    0x17, 0x6c, 0x59, 0x74, 0xf3, 0x4a, 0xb3, 0x42, 0xf4, 0x4a, 0x14, 0x53,
    0xd3, 0x4a, 0x75, 0x63, 0x75, 0x5b, 0x9d, 0xa5, 0x96, 0x63, 0x95, 0x63,
    0xb6, 0x63, 0x54, 0x5b, 0x99, 0x7c, 0xb9, 0x84, 0x1f, 0xae, 0xdb, 0x84,
    0x97, 0x63, 0x97, 0x5b, 0xf5, 0x4a, 0xd4, 0x4a, 0x14, 0x53, 0xd3, 0x4a,
    0xf4, 0x4a, 0xb2, 0x42, 0xf7, 0x6b, 0xfb, 0x8c, 0x18, 0x6c, 0x76, 0x5b,
    0x55, 0x53, 0x92, 0x3a, 0x96, 0x5b, 0xfc, 0x8c, 0x58, 0x64, 0x18, 0x64,
    0x18, 0x64, 0x9a, 0x7c, 0x1a, 0x8d, 0xfa, 0x84, 0x9d, 0x9d, 0x3e, 0xb6,
    0xfa, 0x84, 0xf7, 0x6b, 0xba, 0x84, 0x3c, 0x95, 0x9a, 0x84, 0x17, 0x64,
    0x58, 0x6c, 0x75, 0x53, 0x79, 0x74, 0x58, 0x74, 0x17, 0x6c, 0xf7, 0x63,
    0xd7, 0x63, 0x75, 0x53, 0x55, 0x53, 0x95, 0x5b, 0x17, 0x6c, 0x7d, 0x95,
    0x75, 0x53, 0x95, 0x5b, 0xfb, 0x8c, 0xd7, 0x63, 0xd7, 0x5b, 0x96, 0x5b,
    0xb3, 0x3a, 0xf3, 0x42, 0xf3, 0x4a, 0x54, 0x5b, 0xbd, 0xa5, 0x99, 0x7c,
    0xd7, 0x63, 0xf7, 0x63, 0x17, 0x6c, 0x18, 0x6c, 0x38, 0x74, 0x74, 0x5b,
    0x99, 0x7c, 0xd6, 0x63, 0x13, 0x4b, 0x3c, 0x95, 0x18, 0x6c, 0x59, 0x7c,
    0xfb, 0x8c, 0xba, 0x84, 0xba, 0x84, 0xf6, 0x6b, 0xda, 0x84, 0x1c, 0x8d,
    0x7a, 0x7c, 0x14, 0x4b, 0x35, 0x53, 0x34, 0x53, 0x55, 0x53, 0x75, 0x53,
    0x54, 0x53, 0x54, 0x5b, 0x2f, 0x42, 0xb9, 0x8c, 0x1f, 0xae, 0xbb, 0x7c,
    0xfc, 0x8c, 0x18, 0x6c, 0xb7, 0x6b, 0x35, 0x53, 0xd7, 0x6b, 0x95, 0x5b,
    0x55, 0x53, 0x34, 0x53, 0x55, 0x5b, 0x17, 0x74, 0xdd, 0xad, 0xfe, 0xb5,
    0x5c, 0x9d, 0x58, 0x74, 0xf7, 0x6b, 0x38, 0x74, 0xb7, 0x63, 0x35, 0x53,
    0x35, 0x53, 0xb4, 0x42, 0x35, 0x53, 0x34, 0x53, 0x55, 0x53, 0xd3, 0x42,
    0x75, 0x5b, 0x75, 0x53, 0x76, 0x53, 0x18, 0x64, 0xbb, 0x74, 0x76, 0x53,
    0x14, 0x43, 0x55, 0x4b, 0x17, 0x5c, 0x38, 0x64, 0x79, 0x74, 0xfb, 0x84,
    0x3b, 0x95, 0x1a, 0x8d, 0x98, 0x7c, 0x17, 0x6c, 0x3e, 0xae, 0x59, 0x74,
    0x18, 0x6c, 0x18, 0x6c, 0x18, 0x6c, 0x96, 0x5b, 0xba, 0x7c, 0xf7, 0x6b,
    0x34, 0x53, 0xf7, 0x6b, 0x17, 0x6c, 0x95, 0x5b, 0x55, 0x4b, 0x35, 0x4b,
    0x75, 0x53, 0x74, 0x5b, 0x9d, 0x9d, 0x58, 0x6c, 0x13, 0x43, 0xf3, 0x42,
    0x58, 0x74, 0x17, 0x6c, 0xb6, 0x5b, 0xb8, 0x5b, 0xd8, 0x63, 0x55, 0x53,
    0x34, 0x53, 0xb2, 0x42, 0x38, 0x74, 0x5c, 0x9d, 0xba, 0x84, 0xf7, 0x6b,
    0x75, 0x5b, 0xb9, 0x84, 0x1e, 0xae, 0x5c, 0x95, 0x54, 0x53, 0xd2, 0x42,
    0xd6, 0x63, 0x79, 0x7c, 0x55, 0x5b, 0x34, 0x53, 0x34, 0x53, 0xf3, 0x4a,
    0x18, 0x6c, 0x18, 0x6c, 0xb6, 0x63, 0xd7, 0x63, 0xf4, 0x4a, 0x5d, 0x95,
    0x59, 0x7c, 0x14, 0x53, 0x38, 0x74, 0xff, 0xad, 0x7d, 0xa5, 0x5c, 0xad,
    0xfd, 0xbd, 0x9d, 0xa5, 0x5e, 0x95, 0x9b, 0x74, 0x35, 0x53, 0x75, 0x63,
    0x5c, 0x9d, 0xba, 0x8c, 0x18, 0x6c, 0x18, 0x6c, 0xba, 0x84, 0x38, 0x74,
    0x38, 0x74, 0xfa, 0x8c, 0x1c, 0x95, 0xd7, 0x6b, 0x79, 0x7c, 0x79, 0x84,
    0x9a, 0x84, 0x18, 0x74, 0x9a, 0x7c, 0x38, 0x74, 0x35, 0x53, 0xd7, 0x63,
    0x79, 0x74, 0xd7, 0x63, 0x75, 0x5b, 0x55, 0x53, 0x79, 0x74, 0xdb, 0x7c,
    0x9b, 0x74, 0xbb, 0x7c, 0x18, 0x64, 0xd7, 0x5b, 0x35, 0x4b, 0x14, 0x4b,
    0x38, 0x6c, 0x55, 0x53, 0xf7, 0x6b, 0xf7, 0x6b, 0x57, 0x74, 0x74, 0x5b,
    0x74, 0x5b, 0x12, 0x4b, 0xda, 0x84, 0xf7, 0x63, 0xd3, 0x42, 0x35, 0x53,
    0xb6, 0x63, 0xf6, 0x6b, 0x95, 0x5b, 0x79, 0x7c, 0x17, 0x6c, 0x54, 0x5b,
    0xf7, 0x63, 0x54, 0x53, 0x55, 0x53, 0x35, 0x4b, 0x14, 0x4b, 0xd2, 0x42,
    0xda, 0x8c, 0xbd, 0x9d, 0x95, 0x53, 0x34, 0x4b, 0xfb, 0x84, 0x79, 0x74,
    0x76, 0x53, 0x56, 0x53, 0x56, 0x53, 0x55, 0x4b, 0x34, 0x4b, 0xd6, 0x63,
    0x38, 0x6c, 0x38, 0x74, 0xb6, 0x5b, 0xf7, 0x6b, 0x58, 0x74, 0x74, 0x5b,
    0xd6, 0x63, 0x5f, 0xb6, 0xb9, 0x84, 0x33, 0x53, 0xb6, 0x63, 0x34, 0x4b,
    0x13, 0x4b, 0x34, 0x53, 0x13, 0x4b, 0x14, 0x4b, 0x38, 0x74, 0x75, 0x5b,
    0x14, 0x53, 0x39, 0x74, 0x9e, 0xa5, 0x7a, 0x7c, 0xbe, 0xa5, 0xdf, 0xad,
    0x99, 0x7c, 0x59, 0x7c, 0xd7, 0x6b, 0x3c, 0xad, 0x1f, 0xc6, 0xda, 0x8c,
    0xf8, 0x63, 0x14, 0x43, 0xfb, 0x8c, 0x3c, 0x95, 0x5c, 0x9d, 0x9d, 0xa5,
    0x3c, 0x95, 0x9e, 0x9d, 0x76, 0x5b, 0xb6, 0x63, 0x75, 0x5b, 0x75, 0x5b,
    0xba, 0x84, 0x75, 0x5b, 0x34, 0x53, 0x14, 0x53, 0x34, 0x53, 0xb2, 0x4a,
    0x34, 0x5b, 0x3c, 0x95, 0xfe, 0xb5, 0x3f, 0xb6, 0x3c, 0x95, 0x34, 0x53,
    0x54, 0x53, 0x96, 0x5b, 0x18, 0x6c, 0xd7, 0x6b, 0x58, 0x74, 0x9d, 0xa5,
    0x3b, 0x95, 0xfb, 0x8c, 0xfb, 0x8c, 0xfe, 0xad, 0xbe, 0x9d, 0x59, 0x74,
    0x96, 0x63, 0x38, 0x74, 0x57, 0x74, 0xf6, 0x6b, 0x74, 0x5b, 0x54, 0x53,
    0x74, 0x53, 0x79, 0x74, 0x96, 0x5b, 0x14, 0x53, 0xf3, 0x4a, 0x95, 0x5b,
    0xf6, 0x6b, 0x78, 0x7c, 0x3b, 0x95, 0x58, 0x74, 0xf6, 0x63, 0xd6, 0x63,
    0xb6, 0x5b, 0x55, 0x4b, 0x14, 0x4b, 0xd3, 0x4a, 0xd6, 0x63, 0x7f, 0xb6,
    0x9a, 0x74, 0x96, 0x53, 0x3b, 0x85, 0x57, 0x6c, 0x75, 0x53, 0xf4, 0x42,
    0x35, 0x4b, 0x13, 0x43, 0xb5, 0x4b, 0x17, 0x5c, 0x13, 0x43, 0xd7, 0x5b,
    0x14, 0x4b, 0x33, 0x53, 0xf5, 0x73, 0x1a, 0x8d, 0x95, 0x5b, 0xba, 0x84,
    0x1f, 0xb6, 0x38, 0x74, 0xdb, 0x8c, 0x95, 0x5b, 0xf3, 0x42, 0x14, 0x4b,
    0xf3, 0x42, 0x75, 0x5b, 0xba, 0x84, 0x34, 0x53, 0xf3, 0x4a, 0xfc, 0x8c,
    0x18, 0x74, 0xb6, 0x63, 0x75, 0x5b, 0x75, 0x53, 0x14, 0x53, 0xf7, 0x73,
    0x7d, 0xa5, 0x7c, 0x9d, 0x95, 0x63, 0xd7, 0x6b, 0x9a, 0x7c, 0xb7, 0x5b,
    0x9d, 0x9d, 0x37, 0x74, 0x78, 0x7c, 0xd6, 0x6b, 0x7d, 0x9d, 0x55, 0x53,
    0xf4, 0x4a, 0x93, 0x42, 0xd4, 0x4a, 0x96, 0x63, 0x18, 0x74, 0xfb, 0x8c,
    0xd6, 0x6b, 0xda, 0x8c, 0x58, 0x7c, 0x1c, 0x95, 0x3c, 0x9d, 0x3c, 0x9d,
    0x17, 0x74, 0xbd, 0xad, 0xfe, 0xb5, 0xba, 0x84, 0xba, 0x84, 0x96, 0x5b,
    0xd2, 0x42, 0xf3, 0x52, 0x13, 0x5b, 0x96, 0x63, 0x1b, 0x95, 0xff, 0xad,
    0xda, 0x8c, 0xda, 0x8c, 0x1c, 0x8d, 0x59, 0x74, 0xb6, 0x63, 0x58, 0x74,
    0xf6, 0x6b, 0x38, 0x74, 0x1b, 0x8d, 0x17, 0x6c, 0xd6, 0x63, 0x59, 0x74,
    0x59, 0x74, 0xf7, 0x63, 0xd6, 0x63, 0xd6, 0x63, 0xb5, 0x63, 0xf6, 0x6b,
    0xfe, 0xad, 0x5f, 0xb6, 0x5b, 0x95, 0x58, 0x74, 0xba, 0x7c, 0x1c, 0x85,
    0xdb, 0x84, 0x9e, 0x9d, 0xba, 0x84, 0x54, 0x53, 0x96, 0x5b, 0x9a, 0x74,
    0x78, 0x74, 0x1b, 0x8d, 0x79, 0x74, 0x79, 0x7c, 0x37, 0x74, 0xd6, 0x5b,
    0x37, 0x64, 0x5c, 0x8d, 0x17, 0x64, 0x75, 0x53, 0x55, 0x53, 0x95, 0x5b,
    0x54, 0x53, 0x13, 0x4b, 0x34, 0x4b, 0xf4, 0x4a, 0x13, 0x53, 0xde, 0xad,
    0xd7, 0x6b, 0x38, 0x74, 0xb9, 0x7c, 0x34, 0x4b, 0x95, 0x53, 0xd7, 0x6b,
    0x1c, 0x95, 0xd3, 0x4a, 0xd2, 0x4a, 0x3c, 0x95, 0x99, 0x7c, 0xb6, 0x5b,
    0x75, 0x5b, 0x54, 0x53, 0x55, 0x5b, 0xd3, 0x4a, 0x71, 0x42, 0x55, 0x53,
    0x59, 0x7c, 0x1d, 0x95, 0x1c, 0x95, 0x9d, 0x9d, 0x58, 0x74, 0x17, 0x74,
    0xda, 0x8c, 0xfe, 0xad, 0x18, 0x74, 0xb3, 0x42, 0xb3, 0x4a, 0xf4, 0x4a,
    0xf3, 0x4a, 0xd7, 0x6b, 0xfb, 0x8c, 0x5f, 0xb6, 0x9d, 0xa5, 0x7b, 0x9d,
    0x3b, 0x9d, 0xfb, 0x8c, 0xfb, 0x8c, 0xfb, 0x8c, 0xd7, 0x6b, 0x17, 0x74,
    0x99, 0x84, 0x9d, 0xa5, 0x5c, 0x95, 0x18, 0x6c, 0xb6, 0x63, 0x54, 0x63,
    0x34, 0x63, 0xd3, 0x4a, 0x14, 0x4b, 0xf3, 0x4a, 0x18, 0x6c, 0xd7, 0x63,
    0xf8, 0x63, 0x18, 0x6c, 0x38, 0x74, 0xf6, 0x6b, 0x17, 0x74, 0x18, 0x74,
    0x9a, 0x7c, 0x3c, 0x8d, 0x79, 0x74, 0xf7, 0x63, 0x38, 0x6c, 0x17, 0x6c,
    0x17, 0x6c, 0xd6, 0x6b, 0x37, 0x74, 0x9c, 0xa5, 0x74, 0x5b, 0x74, 0x5b,
    0x38, 0x74, 0x3c, 0x8d, 0xf7, 0x63, 0x34, 0x4b, 0x35, 0x4b, 0x55, 0x53,
    0x75, 0x53, 0xb6, 0x5b, 0xf9, 0x84, 0x37, 0x6c, 0x14, 0x43, 0xb4, 0x4a,
    0xd3, 0x52, 0x33, 0x5b, 0xb5, 0x73, 0xbf, 0xce, 0x5c, 0x95, 0xb5, 0x63,
    0x9f, 0xc6, 0x78, 0x84, 0x13, 0x4b, 0x35, 0x43, 0x56, 0x43, 0x34, 0x43,
    0x14, 0x4b, 0xd3, 0x4a, 0xd2, 0x42, 0x34, 0x5b, 0xbe, 0xad, 0xda, 0x84,
    0x3b, 0x8d, 0x1b, 0x8d, 0x99, 0x7c, 0xf7, 0x6b, 0x7c, 0x9d, 0x78, 0x7c,
    0x1e, 0xb6, 0x7f, 0xbe, 0x1e, 0xb6, 0x3b, 0x8d, 0x17, 0x6c, 0xb6, 0x6b,
    0x54, 0x53, 0xf6, 0x5b, 0xb6, 0x5b, 0xb3, 0x4a, 0xd7, 0x6b, 0x39, 0x74,
    0xb3, 0x42, 0x14, 0x4b, 0x9a, 0x84, 0xf7, 0x6b, 0x13, 0x53, 0x58, 0x74,
    0xde, 0xad, 0xfb, 0x8c, 0xb6, 0x63, 0x55, 0x5b, 0xfb, 0x8c, 0x5c, 0x9d,
    0x38, 0x7c, 0x79, 0x7c, 0x58, 0x74, 0xb6, 0x63, 0xd2, 0x4a, 0xd2, 0x4a,
    0xb2, 0x42, 0xda, 0x8c, 0x3c, 0x9d, 0xf7, 0x73, 0x17, 0x74, 0xfb, 0x8c,
    0xba, 0x84, 0x7a, 0x7c, 0x1f, 0xb6, 0x9f, 0xc6, 0x5f, 0xc6, 0x3c, 0x95,
    0x1a, 0x8d, 0x1c, 0x8d, 0xba, 0x84, 0xdb, 0x84, 0x35, 0x4b, 0x76, 0x5b,
    0xd7, 0x63, 0x95, 0x5b, 0xd6, 0x63, 0xb6, 0x63, 0xb6, 0x63, 0x58, 0x74,
    0xff, 0xa5, 0x7d, 0x95, 0xfb, 0x84, 0xda, 0x84, 0x58, 0x74, 0x99, 0x84,
    0xfe, 0xad, 0x34, 0x53, 0xd2, 0x4a, 0xd3, 0x4a, 0xf3, 0x4a, 0x75, 0x53,
    0xdb, 0x7c, 0x96, 0x53, 0x34, 0x4b, 0x14, 0x43, 0xf4, 0x42, 0xd2, 0x42,
    0x57, 0x84, 0x1e, 0xae, 0x59, 0x6c, 0xd6, 0x52, 0xf4, 0x52, 0xf1, 0x52,
    0xb5, 0x73, 0x1f, 0xb6, 0x55, 0x5b, 0x96, 0x63, 0xda, 0x94, 0x9f, 0xc6,
    0xda, 0x84, 0x55, 0x4b, 0x97, 0x4b, 0xb7, 0x5b, 0x55, 0x53, 0x34, 0x4b,
    0x34, 0x53, 0xb5, 0x63, 0x3b, 0x95, 0x9d, 0x9d, 0x33, 0x53, 0x71, 0x42,
    0x74, 0x5b, 0x5f, 0xb6, 0xba, 0x84, 0x17, 0x74, 0xb9, 0x8c, 0x1b, 0x9d,
    0xfa, 0x94, 0x1a, 0x9d, 0xbb, 0xad, 0xdc, 0xbd, 0x1e, 0xb6, 0xfb, 0x84,
    0xb6, 0x5b, 0x99, 0x7c, 0x5c, 0x95, 0x3c, 0x95, 0x54, 0x5b, 0x96, 0x63,
    0x14, 0x53, 0xb3, 0x4a, 0xd7, 0x6b, 0xfe, 0xb5, 0xfa, 0x94, 0x55, 0x63,
    0x18, 0x7c, 0x3c, 0x9d, 0x3c, 0x9d, 0xba, 0x8c, 0x79, 0x7c, 0xf7, 0x6b,
    0x38, 0x74, 0x58, 0x7c, 0xd6, 0x6b, 0x17, 0x74, 0xb5, 0x63, 0x74, 0x63,
    0x94, 0x6b, 0xde, 0xad, 0xbe, 0x9d, 0xfb, 0x8c, 0xb6, 0x5b, 0xf7, 0x63,
    0xb6, 0x63, 0x59, 0x7c, 0xf8, 0x6b, 0xf4, 0x4a, 0x55, 0x5b, 0x55, 0x5b,
    0xb3, 0x42, 0x76, 0x5b, 0x5c, 0x95, 0x58, 0x74, 0x79, 0x7c, 0x79, 0x74,
    0x75, 0x5b, 0xf7, 0x63, 0xd6, 0x63, 0x18, 0x6c, 0xb9, 0x7c, 0x99, 0x7c,
    0xd6, 0x63, 0xd6, 0x63, 0x95, 0x5b, 0xd6, 0x6b, 0x99, 0x84, 0x3c, 0x9d,
    0xf8, 0x6b, 0xb3, 0x42, 0xf4, 0x4a, 0x14, 0x43, 0x55, 0x4b, 0xf7, 0x63,
    0x96, 0x5b, 0x34, 0x4b, 0x14, 0x4b, 0xd2, 0x4a, 0x53, 0x63, 0x5f, 0xbe,
    0x1b, 0x85, 0x9a, 0x7c, 0x38, 0x74, 0x57, 0x74, 0x1e, 0xb6, 0x58, 0x74,
    0x14, 0x43, 0xf3, 0x4a, 0x32, 0x4b, 0xd6, 0x5b, 0x79, 0x74, 0x18, 0x6c,
    0x59, 0x74, 0x9a, 0x74, 0x17, 0x64, 0x79, 0x74, 0x38, 0x74, 0xf6, 0x6b,
    0x58, 0x74, 0x1a, 0x95, 0x3b, 0x9d, 0x3c, 0x9d, 0x58, 0x7c, 0x99, 0x7c,
    0x78, 0x7c, 0x17, 0x6c, 0x17, 0x6c, 0xd6, 0x63, 0x7d, 0xa5, 0x3f, 0xbe,
    0xfb, 0xb5, 0xf8, 0xac, 0x7a, 0xad, 0x9d, 0xad, 0x9d, 0xa5, 0xb9, 0x8c,
    0x57, 0x7c, 0x7c, 0x9d, 0x9d, 0xa5, 0x3b, 0x9d, 0x3b, 0x9d, 0xfb, 0x8c,
    0x39, 0x74, 0xda, 0x8c, 0xbd, 0xad, 0x3b, 0x9d, 0x9d, 0xad, 0x7c, 0xa5,
    0x17, 0x74, 0x13, 0x5b, 0x34, 0x5b, 0xf7, 0x6b, 0x17, 0x6c, 0x34, 0x53,
    0xd6, 0x6b, 0xdf, 0xce, 0x7d, 0x9d, 0xb9, 0x8c, 0xbc, 0xb5, 0xde, 0xad,
    0xdb, 0x84, 0xf7, 0x63, 0xdb, 0x84, 0x5f, 0xb6, 0x19, 0x6c, 0x35, 0x53,
    0x35, 0x53, 0xf7, 0x6b, 0x9a, 0x84, 0x39, 0x74, 0x39, 0x74, 0xd7, 0x63,
    0x5f, 0xb6, 0x7f, 0xbe, 0x9c, 0x9d, 0x5d, 0x95, 0xba, 0x7c, 0x9a, 0x7c,
    0x59, 0x6c, 0x75, 0x53, 0xb6, 0x5b, 0xd7, 0x63, 0x17, 0x64, 0x95, 0x5b,
    0x95, 0x5b, 0x13, 0x53, 0x34, 0x5b, 0x54, 0x5b, 0x79, 0x7c, 0x7c, 0x9d,
    0x79, 0x7c, 0xf7, 0x6b, 0xf7, 0x63, 0xd7, 0x63, 0x38, 0x74, 0xfb, 0x84,
    0x58, 0x74, 0x14, 0x53, 0xb8, 0x8c, 0x3f, 0xbe, 0x58, 0x6c, 0x1b, 0x7d,
    0xfb, 0x7c, 0x58, 0x74, 0x98, 0x74, 0xda, 0x7c, 0x34, 0x43, 0x55, 0x4b,
    0x74, 0x4b, 0xb6, 0x4b, 0x95, 0x4b, 0xd6, 0x5b, 0xf7, 0x6b, 0x74, 0x53,
    0x54, 0x4b, 0x54, 0x53, 0x75, 0x5b, 0x75, 0x5b, 0xda, 0x8c, 0x58, 0x7c,
    0x7c, 0x9d, 0x9d, 0x9d, 0x38, 0x74, 0x34, 0x53, 0x54, 0x53, 0x3c, 0x95,
    0xb5, 0x5b, 0x38, 0x6c, 0x34, 0x5b, 0xb5, 0x6b, 0x97, 0x8c, 0xdb, 0xcd,
    0xbb, 0xbd, 0xbc, 0xb5, 0x5f, 0xc6, 0x5f, 0xc6, 0xfe, 0xb5, 0xde, 0xad,
    0xfd, 0xb5, 0x3e, 0xbe, 0xfc, 0xb5, 0xb9, 0x84, 0xb4, 0x42, 0x58, 0x7c,
    0x1b, 0x9d, 0x1e, 0xb6, 0xfe, 0xb5, 0x7f, 0xc6, 0x5f, 0xc6, 0x3f, 0xc6,
    0xfe, 0xbd, 0xb9, 0x84, 0xf6, 0x6b, 0x58, 0x84, 0xbd, 0xad, 0x17, 0x74,
    0x34, 0x53, 0xd2, 0x4a, 0x3a, 0x9d, 0xde, 0xad, 0x9a, 0x7c, 0x38, 0x6c,
    0x38, 0x74, 0xbb, 0x84, 0xb7, 0x63, 0x35, 0x53, 0xd3, 0x4a, 0xd3, 0x42,
    0xd3, 0x4a, 0x76, 0x5b, 0x96, 0x63, 0xb6, 0x63, 0xfa, 0x8c, 0x7c, 0x9d,
    0x1f, 0xae, 0x3c, 0x8d, 0x1b, 0x7d, 0xfb, 0x74, 0x99, 0x6c, 0x18, 0x64,
    0xd7, 0x5b, 0xf8, 0x63, 0x79, 0x74, 0xd7, 0x63, 0x55, 0x53, 0x34, 0x53,
    0x34, 0x5b, 0xf2, 0x52, 0xda, 0x8c, 0x3f, 0xb6, 0x37, 0x74, 0xf6, 0x6b,
    0x17, 0x6c, 0xda, 0x84, 0x5c, 0x95, 0x38, 0x74, 0x59, 0x7c, 0xba, 0x84,
    0x3a, 0x9d, 0x7c, 0xa5, 0x58, 0x6c, 0xb9, 0x6c, 0x9a, 0x74, 0x39, 0x6c,
    0xf6, 0x63, 0x78, 0x6c, 0xd6, 0x5b, 0x34, 0x43, 0x34, 0x43, 0x95, 0x53,
    0x54, 0x4b, 0xda, 0x7c, 0x7d, 0x95, 0xd6, 0x63, 0xf7, 0x6b, 0x17, 0x6c,
    0xb6, 0x63, 0x78, 0x7c, 0x7d, 0x9d, 0x38, 0x6c, 0xfb, 0x8c, 0xf7, 0x6b,
    0x58, 0x74, 0x37, 0x6c, 0xf7, 0x6b, 0x1b, 0x8d, 0x5c, 0x8d, 0x99, 0x74,
    0xf7, 0x6b, 0x75, 0x63, 0x92, 0x4a, 0xf1, 0x52, 0x77, 0x84, 0x3e, 0xc6,
    0x1e, 0xbe, 0x1f, 0xc6, 0x7d, 0xad, 0xde, 0xb5, 0x1d, 0xbe, 0x1d, 0xbe,
    0x1d, 0xb6, 0xd7, 0x63, 0xb3, 0x42, 0xd2, 0x52, 0xfa, 0x9c, 0x7c, 0xa5,
    0xfa, 0x94, 0xdc, 0xb5, 0x1e, 0xc6, 0x9d, 0xc5, 0xdb, 0xa4, 0x77, 0x8c,
    0xbb, 0xbd, 0x5f, 0xd6, 0x7f, 0xc6, 0x3c, 0x9d, 0x17, 0x74, 0x59, 0x7c,
    0x9a, 0x8c, 0x38, 0x74, 0xba, 0x84, 0x79, 0x7c, 0xdb, 0x84, 0x1c, 0x8d,
    0xba, 0x84, 0xb6, 0x63, 0x34, 0x53, 0x75, 0x5b, 0xba, 0x84, 0xb6, 0x63,
    0x34, 0x53, 0x95, 0x5b, 0x18, 0x64, 0xb6, 0x5b, 0x9a, 0x7c, 0x1b, 0x8d,
    0x1b, 0x7d, 0xfb, 0x74, 0xba, 0x74, 0x9a, 0x74, 0x79, 0x74, 0x9a, 0x7c,
    0x79, 0x74, 0x75, 0x53, 0xf3, 0x4a, 0xb2, 0x42, 0x74, 0x5b, 0x5c, 0x9d,
    0xfe, 0xad, 0x75, 0x5b, 0x35, 0x53, 0x76, 0x5b, 0x34, 0x53, 0x14, 0x53,
    0xf3, 0x4a, 0xb6, 0x63, 0x3c, 0x95, 0x79, 0x84, 0x33, 0x53, 0x37, 0x74,
    0x1b, 0x8d, 0x14, 0x4b, 0x96, 0x53, 0x17, 0x5c, 0x58, 0x6c, 0x1b, 0x85,
    0xfe, 0x9d, 0x79, 0x74, 0x58, 0x6c, 0x38, 0x6c, 0xd7, 0x63, 0xf7, 0x6b,
    0xbd, 0x9d, 0x99, 0x7c, 0x7d, 0x95, 0xf7, 0x6b, 0x34, 0x53, 0x5c, 0x95,
    0xb6, 0x63, 0x38, 0x6c, 0x79, 0x74, 0x17, 0x6c, 0xb6, 0x5b, 0xf7, 0x63,
    0xf7, 0x6b, 0x99, 0x7c, 0xde, 0xa5, 0x79, 0x7c, 0x79, 0x7c, 0x9a, 0x84,
    0x1c, 0x95, 0xfa, 0x8c, 0x38, 0x74, 0x99, 0x84, 0xba, 0x8c, 0x59, 0x84,
    0xb7, 0x6b, 0x75, 0x63, 0xf1, 0x52, 0xd5, 0x73, 0xda, 0x8c, 0x59, 0x74,
    0xd8, 0x63, 0x17, 0x7c, 0x58, 0x84, 0x5c, 0xa5, 0x7c, 0xa5, 0x1b, 0x9d,
    0x3b, 0x9d, 0xb6, 0x63, 0xd7, 0x6b, 0x99, 0x8c, 0x1d, 0xc6, 0x1e, 0xce,
    0x1f, 0xbe, 0x1f, 0xb6, 0xdb, 0x8c, 0x39, 0x7c, 0x5d, 0x9d, 0xdb, 0x8c,
    0x9a, 0x84, 0xfb, 0x8c, 0xd7, 0x63, 0x35, 0x53, 0x55, 0x5b, 0xd7, 0x63,
    0xba, 0x84, 0x18, 0x74, 0x38, 0x74, 0xf7, 0x6b, 0xb6, 0x6b, 0x34, 0x53,
    0x96, 0x4b, 0x14, 0x43, 0x34, 0x4b, 0xd7, 0x63, 0x96, 0x53, 0x96, 0x53,
    0xd7, 0x5b, 0xf7, 0x63, 0x17, 0x64, 0x78, 0x74, 0x1b, 0x8d, 0x3c, 0x8d,
    0x1c, 0x95, 0xde, 0xad, 0x7d, 0x9d, 0x7d, 0x9d, 0xd6, 0x63, 0x75, 0x53,
    0x14, 0x4b, 0x15, 0x4b, 0xf4, 0x4a, 0xd4, 0x4a, 0xd3, 0x4a, 0xd2, 0x42,
    0x1b, 0x8d, 0xf7, 0x6b, 0x74, 0x5b, 0xf5, 0x63, 0x1f, 0xae, 0xff, 0xad,
    0x13, 0x43, 0x55, 0x4b, 0x95, 0x53, 0x3c, 0x8d, 0xf6, 0x5b, 0xdd, 0x9d,
    0x1b, 0x85, 0x99, 0x84, 0x9e, 0xad, 0x1f, 0xb6, 0x7d, 0x9d, 0x1b, 0x8d,
    0x3c, 0x95, 0x99, 0x7c, 0x5c, 0x95, 0x7d, 0x9d, 0x79, 0x74, 0xdb, 0x84,
    0x79, 0x74, 0xd7, 0x5b, 0xd6, 0x5b, 0xd6, 0x5b, 0x74, 0x53, 0xf7, 0x6b,
    0x99, 0x7c, 0x17, 0x6c, 0xf7, 0x63, 0xd7, 0x63, 0x18, 0x6c, 0x18, 0x6c,
    0x39, 0x6c, 0x59, 0x74, 0x59, 0x74, 0x96, 0x5b, 0x97, 0x63, 0x18, 0x74,
    0x3b, 0x9d, 0xde, 0xb5, 0x9a, 0x84, 0x96, 0x5b, 0xd7, 0x63, 0x17, 0x74,
    0x99, 0x8c, 0x37, 0x7c, 0xb5, 0x73, 0x54, 0x73, 0x57, 0x7c, 0x9c, 0x9d,
    0xba, 0x84, 0x74, 0x6b, 0xb8, 0x9c, 0xfd, 0xbd, 0x58, 0x84, 0xf8, 0x6b,
    0x59, 0x7c, 0x59, 0x74, 0x38, 0x74, 0x79, 0x7c, 0x55, 0x53, 0x75, 0x5b,
    0xd7, 0x63, 0x96, 0x63, 0x14, 0x4b, 0xd4, 0x4a, 0x96, 0x5b, 0xf8, 0x6b,
    0xd7, 0x63, 0xd6, 0x63, 0xda, 0x84, 0x1c, 0x95, 0xba, 0x6c, 0x38, 0x6c,
    0x96, 0x5b, 0xf7, 0x6b, 0xd7, 0x63, 0x96, 0x5b, 0xf7, 0x6b, 0xf7, 0x63,
    0xf6, 0x63, 0xf6, 0x63, 0xb6, 0x63, 0xd6, 0x63, 0x17, 0x6c, 0x99, 0x7c,
    0xda, 0x8c, 0xfa, 0x8c, 0xbd, 0xa5, 0x9d, 0x9d, 0xd7, 0x6b, 0xb3, 0x42,
    0xd3, 0x4a, 0xb4, 0x42, 0xd3, 0x42, 0x54, 0x53, 0xbd, 0xa5, 0xd2, 0x42,
    0xf2, 0x4a, 0x33, 0x4b, 0x9c, 0x9d, 0x3b, 0x8d, 0x17, 0x64, 0xd7, 0x5b,
    0xb6, 0x5b, 0x55, 0x53, 0xb6, 0x5b, 0xde, 0x9d, 0xf6, 0x63, 0x75, 0x5b,
    0xda, 0x8c, 0x1c, 0x95, 0x79, 0x7c, 0xbe, 0xa5, 0xba, 0x7c, 0xb6, 0x5b,
    0x75, 0x53, 0x96, 0x5b, 0xd6, 0x5b, 0x58, 0x74, 0x9a, 0x7c, 0xdb, 0x84,
    0xba, 0x7c, 0x17, 0x64, 0x57, 0x6c, 0xda, 0x84, 0x7d, 0x9d, 0x58, 0x74,
    0x78, 0x74, 0xdb, 0x84, 0xba, 0x7c, 0x59, 0x6c, 0x39, 0x6c, 0xfb, 0x84,
    0xfb, 0x84, 0x79, 0x74, 0x19, 0x6c, 0x39, 0x7c, 0x59, 0x84, 0x58, 0x84,
    0x9d, 0xa5, 0x5c, 0x9d, 0x3c, 0x95, 0x5c, 0x95, 0x5b, 0x9d, 0x1e, 0xbe,
    0x9f, 0xce, 0x5f, 0xce, 0xbd, 0xad, 0x3b, 0x9d, 0x1b, 0x95, 0x9c, 0xad,
    0x9b, 0xad, 0xbd, 0xad, 0xb7, 0x6b, 0x35, 0x53, 0xd3, 0x42, 0xf3, 0x42,
    0x75, 0x53, 0x38, 0x74, 0xf7, 0x6b, 0x59, 0x7c, 0xf7, 0x6b, 0x96, 0x5b,
    0xb7, 0x63, 0xb7, 0x63, 0xb6, 0x63, 0x95, 0x5b, 0x34, 0x53, 0x13, 0x53,
    0x74, 0x5b, 0x5c, 0xa5, 0xb8, 0x74, 0xfa, 0x8c, 0x5c, 0x9d, 0xdf, 0xb5,
    0x1f, 0xb6, 0xbd, 0xad, 0x58, 0x7c, 0xf7, 0x6b, 0xf6, 0x6b, 0x17, 0x6c,
    0x17, 0x6c, 0xd6, 0x63, 0xf6, 0x63, 0xf7, 0x63, 0x17, 0x6c, 0xd6, 0x63,
    0x95, 0x5b, 0xb5, 0x63, 0x1b, 0x95, 0xbe, 0xb5, 0xd6, 0x73, 0x97, 0x63,
    0x39, 0x7c, 0x5c, 0x95, 0xd9, 0x84, 0x98, 0x7c, 0x37, 0x74, 0x78, 0x74,
    0x3b, 0x8d, 0x9d, 0x95, 0xd6, 0x5b, 0x55, 0x4b, 0x54, 0x4b, 0x55, 0x4b,
    0x18, 0x6c, 0x1f, 0xa6, 0x78, 0x74, 0x7c, 0x95, 0x99, 0x74, 0x38, 0x6c,
    0x59, 0x7c, 0x79, 0x7c, 0xb6, 0x63, 0xf7, 0x63, 0xd7, 0x5b, 0x96, 0x53,
    0x55, 0x4b, 0x13, 0x4b, 0x75, 0x53, 0xd6, 0x63, 0x1b, 0x8d, 0xfb, 0x84,
    0x99, 0x7c, 0x1b, 0x8d, 0x3c, 0x95, 0x5c, 0x95, 0x9c, 0x9d, 0x79, 0x74,
    0xd6, 0x5b, 0x55, 0x53, 0xb7, 0x5b, 0xd6, 0x63, 0xfa, 0x8c, 0x1e, 0xb6,
    0x5a, 0x7c, 0x15, 0x53, 0xb6, 0x73, 0x3c, 0x9d, 0x5c, 0x9d, 0x99, 0x7c,
    0x18, 0x6c, 0x17, 0x6c, 0x75, 0x5b, 0xd6, 0x6b, 0x99, 0x8c, 0xfe, 0xa5,
    0x58, 0x74, 0xf4, 0x52, 0x56, 0x63, 0x57, 0x6c, 0xf6, 0x63, 0x96, 0x5b,
    0xd8, 0x6b, 0xfc, 0x84, 0xdb, 0x84, 0xdb, 0x84, 0xfb, 0x8c, 0x17, 0x6c,
    0x18, 0x6c, 0xba, 0x84, 0xba, 0x84, 0x3c, 0x95, 0x35, 0x53, 0xb2, 0x42,
    0x13, 0x4b, 0x98, 0x84, 0x7c, 0xa5, 0x5c, 0xa5, 0x7c, 0xa5, 0x7c, 0xa5,
    0xba, 0x7c, 0xfb, 0x8c, 0xfe, 0xb5, 0x58, 0x7c, 0x95, 0x5b, 0xf7, 0x6b,
    0xf6, 0x6b, 0x99, 0x7c, 0xda, 0x84, 0x99, 0x7c, 0x37, 0x6c, 0xf7, 0x63,
    0x17, 0x64, 0x58, 0x6c, 0xf7, 0x63, 0x17, 0x64, 0xd6, 0x5b, 0x95, 0x53,
    0x54, 0x5b, 0x7c, 0xa5, 0x9f, 0xc6, 0x1f, 0xb6, 0x9a, 0x84, 0xd7, 0x63,
    0x58, 0x74, 0x98, 0x7c, 0x16, 0x6c, 0x78, 0x74, 0x78, 0x74, 0x99, 0x74,
    0x3c, 0x8d, 0x18, 0x64, 0x75, 0x53, 0xb6, 0x5b, 0x95, 0x53, 0x58, 0x6c,
    0xfa, 0x84, 0x5c, 0x8d, 0xd6, 0x5b, 0xd6, 0x5b, 0x18, 0x6c, 0x79, 0x74,
    0x38, 0x6c, 0xd7, 0x5b, 0xd7, 0x5b, 0x18, 0x64, 0xd6, 0x5b, 0xd6, 0x63,
    0xb9, 0x7c, 0x99, 0x7c, 0x78, 0x74, 0x17, 0x6c, 0x95, 0x5b, 0x95, 0x5b,
    0xd7, 0x6b, 0x1c, 0x95, 0x9d, 0x9d, 0x5c, 0x95, 0x58, 0x74, 0x38, 0x6c,
    0xd7, 0x63, 0xb6, 0x63, 0x38, 0x7c, 0xfa, 0x94, 0x9f, 0xbe, 0x9c, 0xad,
    0xff, 0xc5, 0x3f, 0xbe, 0xbc, 0x9d, 0x5b, 0x8d, 0x59, 0x64, 0xd7, 0x53,
    0x18, 0x6c, 0x58, 0x7c, 0x95, 0x63, 0x55, 0x5b, 0xf8, 0x6b, 0x35, 0x53,
    0x76, 0x5b, 0xb6, 0x5b, 0xb5, 0x53, 0xb6, 0x5b, 0xb7, 0x5b, 0x96, 0x5b,
    0x96, 0x5b, 0xf7, 0x6b, 0x59, 0x74, 0xda, 0x84, 0x1b, 0x95, 0xfb, 0x8c,
    0xba, 0x8c, 0x3c, 0x9d, 0x1c, 0x95, 0x18, 0x7c, 0xfa, 0xa4, 0x9f, 0xde,
    0x9d, 0xb5, 0xda, 0x9c, 0x3b, 0xa5, 0x7c, 0xa5, 0x35, 0x53, 0x54, 0x5b,
    0x37, 0x74, 0x5c, 0x9d, 0x58, 0x74, 0x74, 0x5b, 0x75, 0x5b, 0x95, 0x5b,
    0x17, 0x6c, 0xba, 0x7c, 0xba, 0x7c, 0x17, 0x6c, 0x17, 0x64, 0x38, 0x6c,
    0x78, 0x6c, 0x79, 0x74, 0x78, 0x74, 0x79, 0x74, 0x17, 0x6c, 0x37, 0x74,
    0xfe, 0xa5, 0xbd, 0x9d, 0xd6, 0x63, 0xd7, 0x63, 0xb6, 0x5b, 0x57, 0x6c,
    0x37, 0x6c, 0xda, 0x7c, 0x37, 0x6c, 0xd6, 0x5b, 0x79, 0x6c, 0x79, 0x6c,
    0x99, 0x6c, 0x79, 0x6c, 0x38, 0x6c, 0x17, 0x6c, 0x98, 0x7c, 0xda, 0x7c,
    0x99, 0x74, 0xb6, 0x53, 0x75, 0x4b, 0xd6, 0x5b, 0xd6, 0x5b, 0xf7, 0x5b,
    0xb6, 0x5b, 0xd6, 0x53, 0xf7, 0x63, 0xf6, 0x6b, 0xfa, 0x8c, 0x5f, 0xb6,
    0xfb, 0x8c, 0x58, 0x74, 0x79, 0x7c, 0xd7, 0x63, 0x76, 0x5b, 0x18, 0x74,
    0x58, 0x74, 0xfa, 0x8c, 0x7c, 0x9d, 0xba, 0x84, 0x95, 0x5b, 0x34, 0x53,
    0x95, 0x63, 0x95, 0x63, 0x58, 0x7c, 0xfa, 0x94, 0x78, 0x7c, 0x3b, 0x95,
    0x1b, 0x8d, 0x3b, 0x8d, 0x99, 0x74, 0x1b, 0x85, 0xfb, 0x84, 0xba, 0x84,
    0xfe, 0xad, 0xde, 0xb5, 0x1b, 0x9d, 0x5d, 0xa5, 0xfb, 0x8c, 0x79, 0x7c,
    0xd6, 0x63, 0xd6, 0x63, 0xd6, 0x63, 0xd7, 0x63, 0x38, 0x74, 0x34, 0x53,
    0x14, 0x53, 0x34, 0x5b, 0x13, 0x53, 0x79, 0x84, 0x5f, 0xc6, 0x99, 0x8c,
    0xba, 0x8c, 0x1c, 0x9d, 0xfa, 0x9c, 0x5c, 0xa5, 0xbd, 0xad, 0x9c, 0xad,
    0x5c, 0xa5, 0x1a, 0x95, 0x55, 0x53, 0x75, 0x5b, 0x54, 0x5b, 0x95, 0x63,
    0xfa, 0x8c, 0x59, 0x7c, 0x14, 0x4b, 0xf3, 0x4a, 0x55, 0x53, 0xb6, 0x5b,
    0x17, 0x64, 0xda, 0x7c, 0x79, 0x74, 0xba, 0x7c, 0x79, 0x6c, 0x38, 0x6c,
    0x79, 0x74, 0x59, 0x74, 0xda, 0x7c, 0x58, 0x6c, 0x38, 0x64, 0xda, 0x7c,
    0xdb, 0x7c, 0x96, 0x4b, 0x76, 0x4b, 0xb6, 0x53, 0x37, 0x64, 0x7d, 0x8d,
    0x79, 0x74, 0xf7, 0x63, 0x17, 0x64, 0x58, 0x64, 0x38, 0x64, 0xda, 0x7c,
    0x79, 0x74, 0xb9, 0x7c, 0x3a, 0x8d, 0xde, 0xa5, 0xda, 0x7c, 0x79, 0x6c,
    0xda, 0x74, 0x79, 0x6c, 0x79, 0x6c, 0xf7, 0x5b, 0x38, 0x64, 0x58, 0x64,
    0xba, 0x7c, 0xb9, 0x7c, 0x99, 0x84, 0x99, 0x84, 0x9d, 0xa5, 0x5c, 0x9d,
    0x59, 0x7c, 0x38, 0x7c, 0x38, 0x7c, 0x59, 0x7c, 0xba, 0x7c, 0xf6, 0x63,
    0x17, 0x6c, 0x1b, 0x8d, 0xde, 0xad, 0x9d, 0xa5, 0xba, 0x84, 0xd7, 0x6b,
    0x96, 0x63, 0x38, 0x74, 0x79, 0x64, 0xf7, 0x5b, 0x18, 0x74, 0x38, 0x7c,
    0x59, 0x7c, 0xf6, 0x6b, 0xf7, 0x6b, 0x17, 0x74, 0xb9, 0x84, 0x34, 0x6b,
    0x17, 0x84, 0xd7, 0x7b, 0x99, 0x8c, 0x18, 0x74, 0xdb, 0x8c, 0xbb, 0x84,
    0x59, 0x74, 0x18, 0x6c, 0xf7, 0x6b, 0xb6, 0x63, 0x75, 0x5b, 0xb6, 0x63,
    0xfa, 0x8c, 0x5f, 0xbe, 0x38, 0x7c, 0x34, 0x5b, 0x55, 0x5b, 0x55, 0x5b,
    0x74, 0x63, 0x95, 0x63, 0x78, 0x7c, 0x95, 0x63, 0x75, 0x63, 0x18, 0x74,
    0xd6, 0x63, 0x96, 0x63, 0xb7, 0x63, 0x96, 0x6b, 0x55, 0x63, 0x17, 0x74,
    0x7d, 0xa5, 0x79, 0x7c, 0x55, 0x5b, 0xd7, 0x63, 0xf7, 0x63, 0xf7, 0x63,
    0x96, 0x53, 0x96, 0x53, 0x75, 0x53, 0x34, 0x4b, 0x55, 0x4b, 0x95, 0x53,
    0x17, 0x64, 0x37, 0x64, 0xf7, 0x63, 0x17, 0x5c, 0x38, 0x64, 0x1b, 0x85,
    0x18, 0x5c, 0x96, 0x53, 0x55, 0x4b, 0xb6, 0x5b, 0x7d, 0x95, 0xba, 0x7c,
    0x9a, 0x74, 0x18, 0x64, 0x17, 0x5c, 0x58, 0x64, 0x78, 0x6c, 0x17, 0x64,
    0x37, 0x74, 0x3b, 0x95, 0x3f, 0xb6, 0xde, 0xad, 0x1b, 0x8d, 0xfb, 0x84,
    0x9d, 0x9d, 0x5c, 0x95, 0xda, 0x7c, 0x78, 0x6c, 0x58, 0x74, 0xd6, 0x63,
    0x58, 0x7c, 0x58, 0x7c, 0x58, 0x84, 0x5b, 0xa5, 0x3f, 0xce, 0x1e, 0xbe,
    0x7c, 0x9d, 0x9d, 0x9d, 0xbb, 0x7c, 0x79, 0x74, 0x78, 0x74, 0xf6, 0x63,
    0xd7, 0x6b, 0x99, 0x84, 0x1c, 0x95, 0xde, 0xa5, 0x3c, 0x95, 0x99, 0x7c,
    0x18, 0x64, 0x55, 0x53, 0x76, 0x5b, 0x34, 0x53, 0x1b, 0x95, 0x7d, 0xa5,
    0x7d, 0xa5, 0xfa, 0x8c, 0x9d, 0xa5, 0xb5, 0x63, 0xb6, 0x63, 0x54, 0x5b,
    0xd6, 0x6b, 0x55, 0x5b, 0xf7, 0x6b, 0xb6, 0x63, 0xf4, 0x4a, 0x34, 0x53,
    0x96, 0x63, 0xda, 0x84, 0xba, 0x84, 0xfb, 0x8c, 0x5c, 0x95, 0xbe, 0xa5,
    0xbb, 0x8c, 0x79, 0x6c, 0x38, 0x5c, 0xd6, 0x53, 0x56, 0x5b, 0x14, 0x4b,
    0xf4, 0x4a, 0x96, 0x5b, 0xb6, 0x63, 0x55, 0x5b, 0xb6, 0x5b, 0x17, 0x6c,
    0xb6, 0x5b, 0xb6, 0x63, 0xf6, 0x73, 0x36, 0x7c, 0x1a, 0x95, 0x7f, 0xc6,
    0xdd, 0xad, 0x98, 0x74, 0x99, 0x74, 0xba, 0x7c, 0x79, 0x74, 0x76, 0x53,
    0x34, 0x4b, 0x54, 0x4b, 0x95, 0x53, 0x75, 0x53, 0x95, 0x53, 0x99, 0x74,
    0x17, 0x64, 0xb6, 0x53, 0xd6, 0x5b, 0x79, 0x6c, 0x9d, 0x95, 0xfb, 0x84,
    0x17, 0x64, 0x75, 0x4b, 0x95, 0x53, 0x5c, 0x8d, 0x1b, 0x85, 0xb9, 0x74,
    0xb9, 0x74, 0xda, 0x7c, 0x38, 0x6c, 0x18, 0x6c, 0xd7, 0x6b, 0x96, 0x63,
    0x3c, 0x95, 0xbd, 0xa5, 0xfd, 0xad, 0xdd, 0xad, 0xdd, 0xad, 0xdd, 0xad,
    0x7c, 0x9d, 0xbd, 0x95, 0x3c, 0x8d, 0x3b, 0x8d, 0x3c, 0x8d, 0x9d, 0x9d,
    0x9c, 0x9d, 0x97, 0x94, 0x76, 0x8c, 0xdc, 0xb5, 0xbd, 0xa5, 0x58, 0x6c,
    0x98, 0x53, 0x3a, 0x6c, 0x9a, 0x7c, 0x1b, 0x8d, 0x1b, 0x95, 0xfb, 0x8c,
    0xba, 0x84, 0x9e, 0xa5, 0xbe, 0xa5, 0x7d, 0x9d, 0xdb, 0x8c, 0x38, 0x74,
    0x78, 0x7c, 0xfe, 0xb5, 0x3f, 0xbe, 0xbd, 0xad, 0x79, 0x84, 0xf7, 0x73,
    0x58, 0x7c, 0x3c, 0x95, 0xfb, 0x8c, 0xfb, 0x8c, 0x58, 0x7c, 0x58, 0x7c,
    0x58, 0x7c, 0x99, 0x84, 0xf7, 0x73, 0x95, 0x63, 0x79, 0x7c, 0x38, 0x74,
    0x17, 0x6c, 0x13, 0x4b, 0x34, 0x53, 0x34, 0x53, 0xf7, 0x6b, 0x38, 0x74,
    0xbb, 0x84, 0x9a, 0x7c, 0x9a, 0x7c, 0x59, 0x74, 0x18, 0x6c, 0xd7, 0x63,
    0x95, 0x5b, 0xb6, 0x5b, 0x37, 0x64, 0xfb, 0x7c, 0x99, 0x74, 0x79, 0x74,
    0x99, 0x74, 0xb9, 0x84, 0x98, 0x84, 0xfa, 0x8c, 0x3a, 0x95, 0xfd, 0xa5,
    0x5b, 0x8d, 0x1b, 0x8d, 0xfb, 0x84, 0x5d, 0x95, 0x99, 0x74, 0xf7, 0x63,
    0x96, 0x53, 0x96, 0x53, 0x75, 0x4b, 0x95, 0x53, 0x1b, 0x8d, 0xba, 0x7c,
    0x79, 0x6c, 0xda, 0x74, 0x1b, 0x85, 0xbd, 0x95, 0xff, 0x9d, 0xfb, 0x84,
    0x38, 0x6c, 0x3b, 0x95, 0xdd, 0x9d, 0x3b, 0x85, 0xd9, 0x7c, 0x58, 0x6c,
    0xb9, 0x74, 0xdb, 0x84, 0xdb, 0x8c, 0x7c, 0x9d, 0x17, 0x6c, 0xf7, 0x6b,
    0xf7, 0x6b, 0x17, 0x74, 0xda, 0x8c, 0xfa, 0x94, 0x3a, 0x95, 0xbd, 0xa5,
    0x7d, 0x95, 0xfa, 0x84, 0x38, 0x6c, 0x58, 0x6c, 0x58, 0x74, 0x77, 0x84,
    0x19, 0x9d, 0x1d, 0xbe, 0xfe, 0xad, 0xdb, 0x7c, 0xda, 0x5b, 0x57, 0x53,
    0x35, 0x53, 0x54, 0x5b, 0x38, 0x74, 0xb9, 0x84, 0xda, 0x8c, 0x79, 0x7c,
    0x17, 0x74, 0x58, 0x7c, 0xda, 0x94, 0x5f, 0xbe, 0xd6, 0x6b, 0x95, 0x63,
    0x96, 0x63, 0xf3, 0x52, 0x14, 0x53, 0x35, 0x53, 0x14, 0x53, 0x14, 0x4b,
    0x96, 0x63, 0xd6, 0x6b, 0x17, 0x7c, 0xb9, 0x8c, 0x3b, 0x9d, 0x7f, 0xc6,
    0x9f, 0xc6, 0x1b, 0x95, 0xfb, 0x8c, 0xba, 0x84, 0x99, 0x7c, 0x58, 0x74,
    0x38, 0x74, 0xf7, 0x73, 0x3c, 0x9d, 0xbe, 0xa5, 0xfc, 0x8c, 0x18, 0x6c,
    0x59, 0x74, 0xdc, 0x8c, 0xfc, 0x8c, 0xba, 0x7c, 0x9a, 0x7c, 0x18, 0x64,
    0x5c, 0x8d, 0x7d, 0x95, 0x5d, 0x8d, 0xda, 0x74, 0x79, 0x6c, 0x38, 0x64,
    0x18, 0x64, 0xf7, 0x63, 0x16, 0x6c, 0x57, 0x74, 0xb9, 0x7c, 0x7c, 0x95,
    0xbd, 0x9d, 0xfe, 0xa5, 0x7f, 0xb6, 0x1f, 0xae, 0xdf, 0xa5, 0x1c, 0x85,
    0x9a, 0x74, 0x58, 0x6c, 0xb9, 0x7c, 0x1f, 0xb6, 0x9d, 0x9d, 0x3c, 0x85,
    0x58, 0x6c, 0x58, 0x6c, 0x1b, 0x85, 0x9e, 0x95, 0xba, 0x84, 0x3b, 0x95,
    0x5b, 0x95, 0x1e, 0xa6, 0x1e, 0xa6, 0xfe, 0x9d, 0x7c, 0x95, 0x5c, 0x95,
    0xbc, 0xa5, 0xfd, 0xad, 0xdd, 0xad, 0xdb, 0x8c, 0x3d, 0x95, 0xdb, 0x8c,
    0x5d, 0x9d, 0xda, 0x84, 0xb9, 0x7c, 0xb9, 0x7c, 0xba, 0x7c, 0xda, 0x84,
    0x79, 0x74, 0x17, 0x6c, 0x99, 0x74, 0x37, 0x74, 0x38, 0x84, 0x1b, 0x9d,
    0x9d, 0x9d, 0x3d, 0x8d, 0xfd, 0x7c, 0x7b, 0x74, 0x3a, 0x74, 0x58, 0x7c,
    0x99, 0x84, 0x9d, 0xa5, 0x99, 0x84, 0xba, 0x7c, 0x99, 0x7c, 0x17, 0x74,
    0xd7, 0x73, 0xfb, 0x94, 0xde, 0xad, 0x38, 0x7c, 0xb6, 0x63, 0x35, 0x5b,
    0x35, 0x53, 0x35, 0x53, 0x55, 0x53, 0x96, 0x5b, 0xf7, 0x6b, 0x3b, 0x9d,
    0x5c, 0xa5, 0xbd, 0xad, 0xbd, 0xad, 0x1f, 0xbe, 0x9c, 0xa5, 0xdb, 0x8c,
    0x96, 0x5b, 0x55, 0x53, 0x55, 0x53, 0x75, 0x5b, 0xd7, 0x6b, 0x38, 0x7c,
    0x9a, 0x84, 0x7a, 0x7c, 0xf8, 0x6b, 0xb7, 0x63, 0xd7, 0x63, 0xf8, 0x73,
    0x39, 0x7c, 0x99, 0x7c, 0x9a, 0x7c, 0xb7, 0x63, 0xb9, 0x7c, 0x1c, 0x8d,
    0x1b, 0x85, 0xba, 0x74, 0x59, 0x6c, 0x38, 0x64, 0xf7, 0x5b, 0xd7, 0x5b,
    0x17, 0x6c, 0x37, 0x6c, 0x37, 0x6c, 0x98, 0x7c, 0xfa, 0x84, 0x7c, 0x95,
    0x3c, 0x8d, 0x1c, 0x8d, 0xfb, 0x84, 0x1c, 0x85, 0xfb, 0x7c, 0xdb, 0x7c,
    0x38, 0x74, 0x79, 0x84, 0x1f, 0xb6, 0xfe, 0xa5, 0xbd, 0x95, 0xfe, 0xa5,
    0x1f, 0xa6, 0x7c, 0x8d, 0xda, 0x74, 0x78, 0x64, 0x99, 0x6c, 0xba, 0x7c,
    0x38, 0x6c, 0xd7, 0x5b, 0xd7, 0x5b, 0xd6, 0x5b, 0xfa, 0x94, 0x3d, 0xbe,
    0x7f, 0xce, 0xfe, 0xbd, 0xfb, 0x94, 0x1b, 0x8d, 0xda, 0x84, 0x1b, 0x85,
    0x79, 0x74, 0x99, 0x74, 0x79, 0x74, 0x59, 0x74, 0x79, 0x74, 0x79, 0x74,
    0x59, 0x74, 0x58, 0x6c, 0xf7, 0x6b, 0xd7, 0x6b, 0x18, 0x6c, 0x99, 0x74,
    0x1b, 0x7d, 0x3d, 0x8d, 0x1d, 0x95, 0xfa, 0x8c, 0x3b, 0x95, 0x1b, 0x95,
    0x5c, 0x9d, 0xfb, 0x8c, 0xba, 0x74, 0x79, 0x7c, 0x9a, 0x84, 0x79, 0x84,
    0x99, 0x84, 0x5c, 0x9d, 0x3f, 0xbe, 0x5f, 0xbe, 0x9d, 0x9d, 0xda, 0x84,
    0xba, 0x7c, 0x9a, 0x7c, 0xba, 0x84, 0x7c, 0xa5, 0x3f, 0xbe, 0xba, 0x94,
    0xb5, 0x6b, 0x54, 0x5b, 0x37, 0x74, 0x59, 0x7c, 0x9a, 0x84, 0x9a, 0x7c,
    0xf7, 0x6b, 0xb6, 0x63, 0x75, 0x5b, 0x75, 0x63, 0x76, 0x63, 0xb6, 0x63,
    0x59, 0x7c, 0x59, 0x74, 0x55, 0x53, 0x15, 0x5b, 0xf4, 0x5a, 0x35, 0x5b,
    0x55, 0x5b, 0x96, 0x6b, 0x95, 0x53, 0xd7, 0x5b, 0x17, 0x64, 0x79, 0x6c,
    0x59, 0x6c, 0xf7, 0x5b, 0x79, 0x6c, 0xd7, 0x5b, 0x17, 0x64, 0xf7, 0x63,
    0xf6, 0x63, 0x16, 0x64, 0x78, 0x74, 0x98, 0x74, 0x99, 0x7c, 0xb9, 0x7c,
    0x58, 0x6c, 0x38, 0x64, 0x79, 0x6c, 0xdb, 0x7c, 0xbd, 0x9d, 0x3b, 0x9d,
    0xdd, 0xad, 0x5f, 0xae, 0x3a, 0x85, 0x99, 0x74, 0xda, 0x84, 0x3b, 0x85,
    0x1a, 0x75, 0xda, 0x6c, 0x18, 0x5c, 0x9a, 0x7c, 0xda, 0x7c, 0x75, 0x53,
    0xf3, 0x42, 0x34, 0x4b, 0x13, 0x53, 0x95, 0x6b, 0xd9, 0x9c, 0xbd, 0xb5,
    0xfe, 0xa5, 0x7c, 0x95, 0x99, 0x7c, 0x79, 0x74, 0x58, 0x6c, 0xf7, 0x63,
    0x38, 0x6c, 0x17, 0x6c, 0x17, 0x6c, 0x78, 0x74, 0x58, 0x74, 0x58, 0x74,
    0xfb, 0x8c, 0x1c, 0x8d, 0xbb, 0x84, 0x99, 0x7c, 0x98, 0x7c, 0x79, 0x74,
    0x59, 0x74, 0x99, 0x7c, 0x58, 0x7c, 0x78, 0x7c, 0x3c, 0x95, 0x99, 0x7c,
    0x18, 0x6c, 0x38, 0x6c, 0x18, 0x6c, 0xb6, 0x5b, 0x34, 0x53, 0xf3, 0x52,
    0xb5, 0x63, 0x16, 0x6c, 0x78, 0x74, 0xb9, 0x84, 0x5c, 0x95, 0xfb, 0x8c,
    0x38, 0x74, 0xd6, 0x6b, 0x37, 0x7c, 0xda, 0x8c, 0x95, 0x63, 0x34, 0x53,
    0x54, 0x53, 0x75, 0x5b, 0x75, 0x5b, 0xb6, 0x63, 0x38, 0x74, 0x39, 0x74,
    0xb6, 0x63, 0x75, 0x5b, 0xf7, 0x6b, 0x79, 0x7c, 0xdb, 0x84, 0x18, 0x6c,
    0x59, 0x7c, 0x9a, 0x84, 0xbb, 0x8c, 0xbb, 0x8c, 0xdb, 0x8c, 0x9d, 0xad,
    0x79, 0x6c, 0x95, 0x53, 0x75, 0x4b, 0x75, 0x4b, 0x17, 0x64, 0x38, 0x6c,
    0xf7, 0x63, 0x38, 0x6c, 0x17, 0x64, 0x59, 0x6c, 0x9a, 0x7c, 0x38, 0x6c,
    0x59, 0x74, 0x78, 0x74, 0x78, 0x74, 0xb9, 0x74, 0xfb, 0x84, 0xda, 0x7c,
    0xda, 0x7c, 0xb9, 0x7c, 0xfa, 0x84, 0x1b, 0x8d, 0x1a, 0x8d, 0xbc, 0x95,
    0x9c, 0x8d, 0xb9, 0x74, 0x75, 0x4b, 0xd6, 0x53, 0x17, 0x5c, 0x18, 0x64,
    0x38, 0x6c, 0x95, 0x53, 0x78, 0x74, 0x7c, 0x8d, 0x3b, 0x85, 0xb5, 0x5b,
    0xf3, 0x4a, 0x54, 0x5b, 0x75, 0x63, 0x75, 0x63, 0xd6, 0x63, 0x58, 0x74,
    0xba, 0x7c, 0xda, 0x84, 0xda, 0x84, 0xdb, 0x84, 0x1b, 0x8d, 0x1b, 0x8d,
    0x5c, 0x95, 0x1b, 0x8d, 0xbd, 0x9d, 0x7d, 0x9d, 0x3b, 0x95, 0x3c, 0x95,
    0xfb, 0x8c, 0xdb, 0x8c, 0x17, 0x6c, 0x75, 0x5b, 0x54, 0x53, 0x17, 0x6c,
    0xba, 0x84, 0xb9, 0x84, 0xd6, 0x63, 0xba, 0x84, 0x18, 0x6c, 0xf7, 0x6b,
    0x9a, 0x7c, 0xda, 0x84, 0xb6, 0x63, 0x96, 0x6b, 0xd6, 0x6b, 0xf7, 0x6b,
    0xf7, 0x63, 0xd6, 0x63, 0xf7, 0x6b, 0x9a, 0x84, 0xfb, 0x8c, 0xba, 0x84,
    0x79, 0x7c, 0x79, 0x7c, 0xfb, 0x8c, 0xba, 0x84, 0x79, 0x7c, 0x59, 0x7c,
    0xdb, 0x84, 0xfc, 0x8c, 0x79, 0x7c, 0x96, 0x63, 0x55, 0x5b, 0x95, 0x5b,
    0x18, 0x6c, 0x79, 0x7c, 0xb6, 0x5b, 0x96, 0x5b, 0xf3, 0x4a, 0x55, 0x53,
    0x14, 0x4b, 0x34, 0x53, 0x38, 0x6c, 0xfb, 0x94, 0x18, 0x64, 0x99, 0x74,
    0x38, 0x6c, 0x58, 0x6c, 0x99, 0x74, 0x99, 0x74, 0x1b, 0x85, 0xda, 0x7c,
    0x99, 0x74, 0x39, 0x74, 0x39, 0x6c, 0x38, 0x6c, 0x39, 0x6c, 0x58, 0x6c,
    0xfa, 0x84, 0x3c, 0x8d, 0xff, 0xa5, 0xde, 0x9d, 0x9d, 0x95, 0xbe, 0x9d,
    0xbd, 0x9d, 0x7c, 0x95, 0xf9, 0x7c, 0x97, 0x6c, 0x79, 0x6c, 0xd7, 0x5b,
    0xf7, 0x53, 0xf8, 0x53, 0xb8, 0x5b, 0x97, 0x5b, 0xd7, 0x5b, 0x37, 0x64,
    0x37, 0x64, 0x37, 0x6c, 0xb9, 0x74, 0xbd, 0x9d, 0x7d, 0x95, 0x9a, 0x84,
    0x7a, 0x7c, 0x59, 0x74, 0xf6, 0x63, 0xb5, 0x5b, 0xf7, 0x63, 0x58, 0x6c,
    0x79, 0x74, 0x1b, 0x8d, 0x99, 0x7c, 0x38, 0x6c, 0xf8, 0x6b, 0xd6, 0x63,
    0xf6, 0x63, 0x78, 0x74, 0xf7, 0x63, 0x37, 0x74, 0xf7, 0x6b, 0x19, 0x74,
    0xda, 0x84, 0x5c, 0x95, 0xba, 0x7c, 0xb6, 0x5b, 0x75, 0x5b, 0xf6, 0x6b,
    0x5c, 0x95, 0x7d, 0x9d, 0x1c, 0x8d, 0xdb, 0x84, 0x9a, 0x84, 0xda, 0x84,
    0x5d, 0x9d, 0x3d, 0x9d, 0x5d, 0x9d, 0x1c, 0x8d, 0x7a, 0x7c, 0x39, 0x74,
    0xb7, 0x63, 0xf7, 0x6b, 0xb6, 0x63, 0x96, 0x63, 0x34, 0x53, 0x14, 0x4b,
    0xf4, 0x4a, 0x35, 0x53, 0x76, 0x5b, 0xd7, 0x63, 0xf7, 0x6b, 0x39, 0x74,
    0x7a, 0x7c, 0xbb, 0x84, 0xbb, 0x84, 0xda, 0x84, 0xda, 0x8c, 0x59, 0x7c,
    0x18, 0x6c, 0xb6, 0x5b, 0x55, 0x53, 0x96, 0x53, 0x55, 0x4b, 0xd7, 0x63,
    0xde, 0x95, 0x1f, 0xae, 0x17, 0x5c, 0x17, 0x64, 0x18, 0x64, 0x99, 0x74,
    0xba, 0x7c, 0xfa, 0x84, 0x9c, 0x95, 0x1e, 0xa6, 0xde, 0xa5, 0xfe, 0xa5,
    0xbe, 0x9d, 0xde, 0x9d, 0xba, 0x7c, 0x58, 0x74, 0x37, 0x6c, 0x37, 0x6c,
    0x17, 0x64, 0x75, 0x53, 0xb6, 0x5b, 0xb6, 0x5b, 0xb6, 0x5b, 0x16, 0x6c,
    0xd9, 0x7c, 0x7c, 0x95, 0x7c, 0x8d, 0x38, 0x64, 0xb7, 0x5b, 0xb7, 0x5b,
    0xd8, 0x63, 0x59, 0x6c, 0x99, 0x6c, 0xfa, 0x7c, 0x3b, 0x8d, 0xfa, 0x84,
    0x9d, 0x95, 0x9d, 0x9d, 0xde, 0xa5, 0xfe, 0xad, 0x3c, 0x95, 0x1c, 0x8d,
    0xfa, 0x84, 0x3b, 0x8d, 0x1b, 0x8d, 0x3b, 0x8d, 0x17, 0x6c, 0xd6, 0x63,
    0xf7, 0x6b, 0x95, 0x5b, 0xb6, 0x5b, 0x17, 0x6c, 0x94, 0x5b, 0x54, 0x53,
    0x56, 0x53, 0x77, 0x5b, 0xd7, 0x6b, 0x17, 0x6c, 0xd5, 0x63, 0xb6, 0x63,
    0x79, 0x74, 0x3d, 0x8d, 0x17, 0x6c, 0x95, 0x5b, 0xd6, 0x63, 0x9d, 0xa5,
    0x9d, 0x9d, 0xfb, 0x8c, 0xd6, 0x63, 0x14, 0x53, 0xf4, 0x4a, 0xf4, 0x52,
    0x55, 0x5b, 0xd7, 0x63, 0x38, 0x74, 0x18, 0x6c, 0x18, 0x6c, 0xb6, 0x63,
    0x38, 0x74, 0xba, 0x84, 0xb7, 0x63, 0x96, 0x5b, 0x76, 0x5b, 0xb7, 0x63,
    0x59, 0x74, 0xf8, 0x6b, 0xf8, 0x6b, 0xf8, 0x6b, 0x18, 0x6c, 0x39, 0x74,
    0xda, 0x84, 0xba, 0x84, 0xfb, 0x94, 0x9e, 0xb5, 0xff, 0xbd, 0xfe, 0xad,
    0x3c, 0x95, 0x79, 0x7c, 0x3c, 0x95, 0xff, 0xad, 0x1f, 0xb6, 0xff, 0xad,
    0x16, 0x5c, 0xf7, 0x63, 0xf7, 0x6b, 0x38, 0x6c, 0x99, 0x7c, 0xda, 0x84,
    0xfa, 0x84, 0xfa, 0x84, 0x5c, 0x95, 0x9d, 0x9d, 0x3c, 0x8d, 0xda, 0x84,
    0x99, 0x7c, 0x17, 0x6c, 0x38, 0x6c, 0xf7, 0x63, 0xb6, 0x5b, 0xb6, 0x5b,
    0x95, 0x53, 0xb5, 0x53, 0x95, 0x53, 0xd6, 0x5b, 0xd6, 0x5b, 0xd6, 0x5b,
    0x38, 0x64, 0xfa, 0x7c, 0x5c, 0x8d, 0xda, 0x7c, 0x58, 0x6c, 0x17, 0x64,
    0x99, 0x74, 0x58, 0x6c, 0x37, 0x6c, 0xf6, 0x63, 0x78, 0x74, 0x7d, 0x95,
    0x17, 0x6c, 0x75, 0x5b, 0x54, 0x53, 0x75, 0x5b, 0xd6, 0x63, 0x37, 0x6c,
    0xfa, 0x84, 0xd9, 0x7c, 0x3b, 0x8d, 0xfa, 0x84, 0x58, 0x74, 0x78, 0x7c,
    0x78, 0x7c, 0x99, 0x7c, 0x79, 0x74, 0x18, 0x6c, 0xd7, 0x63, 0x95, 0x53,
    0x75, 0x53, 0x76, 0x5b, 0xb7, 0x63, 0x99, 0x7c, 0xb9, 0x7c, 0xfa, 0x84,
    0x1a, 0x95, 0xb9, 0x84, 0x3c, 0x95, 0x1b, 0x8d, 0x58, 0x74, 0xf6, 0x6b,
    0xd9, 0x8c, 0x7c, 0x9d, 0x7d, 0xa5, 0x59, 0x7c, 0x75, 0x5b, 0x14, 0x53,
    0x75, 0x5b, 0xd6, 0x63, 0x95, 0x5b, 0x95, 0x5b, 0x58, 0x74, 0xdb, 0x84,
    0x38, 0x6c, 0x95, 0x53, 0x96, 0x5b, 0xf7, 0x6b, 0x59, 0x7c, 0x38, 0x74,
    0x38, 0x74, 0x38, 0x74, 0xb6, 0x6b, 0xf7, 0x73, 0x58, 0x74, 0xda, 0x84,
    0xf7, 0x6b, 0xf7, 0x7b, 0xdb, 0x9c, 0x9d, 0xa5, 0xda, 0x84, 0xba, 0x84,
    0xdb, 0x8c, 0x7d, 0x9d, 0x1c, 0x95, 0x9e, 0xa5, 0xfa, 0x84, 0xfb, 0x8c,
    0xfa, 0x8c, 0xda, 0x8c, 0xda, 0x84, 0x3b, 0x8d, 0x3b, 0x95, 0x9d, 0x9d,
    0x7c, 0x95, 0xda, 0x84, 0x58, 0x74, 0xf7, 0x63, 0x95, 0x53, 0x74, 0x53,
    0xd6, 0x5b, 0xf6, 0x63, 0x17, 0x64, 0x58, 0x6c, 0x99, 0x74, 0x99, 0x74,
    0x99, 0x74, 0xf7, 0x5b, 0xb6, 0x53, 0x75, 0x4b, 0x54, 0x4b, 0x54, 0x4b,
    0xf6, 0x5b, 0x79, 0x74, 0x1b, 0x85, 0x1b, 0x7d, 0x1b, 0x85, 0x3c, 0x8d,
    0xbd, 0x95, 0xde, 0x9d, 0x79, 0x6c, 0xb6, 0x53, 0x96, 0x53, 0x14, 0x4b,
    0xf3, 0x4a, 0xf3, 0x4a, 0x34, 0x4b, 0x75, 0x53, 0xb6, 0x5b, 0xdb, 0x7c,
    0xba, 0x7c, 0xfa, 0x84, 0xde, 0xa5, 0x1e, 0xae, 0x7f, 0xb6, 0x9d, 0x9d,
    0xbb, 0x84, 0x3a, 0x74, 0x38, 0x6c, 0x57, 0x6c, 0x58, 0x6c, 0x97, 0x53,
    0xf8, 0x6b, 0xf7, 0x6b, 0x37, 0x74, 0xb9, 0x7c, 0x3e, 0xb6, 0x9f, 0xc6,
    0x1f, 0xae, 0xf8, 0x6b, 0x76, 0x5b, 0x14, 0x4b, 0x35, 0x53, 0x74, 0x5b,
    0x16, 0x6c, 0x1b, 0x8d, 0x5f, 0xbe, 0x5f, 0xbe, 0x7c, 0x9d, 0x5c, 0x95,
    0x1b, 0x8d, 0x1b, 0x8d, 0x99, 0x7c, 0xba, 0x7c, 0x3b, 0x8d, 0xda, 0x7c,
    0x17, 0x6c, 0x17, 0x74, 0x99, 0x7c, 0x99, 0x7c, 0xfa, 0x8c, 0x9c, 0x9d,
    0xbd, 0xad, 0x9c, 0xad, 0x9c, 0xa5, 0x1b, 0x85, 0xd6, 0x6b, 0xd6, 0x73,
    0xfb, 0x94, 0xfb, 0x8c, 0x76, 0x5b, 0xf4, 0x4a, 0xf4, 0x4a, 0xb3, 0x42,
    0xd7, 0x6b, 0x38, 0x74, 0xf7, 0x63, 0xd6, 0x6b, 0x78, 0x7c, 0x1a, 0x95,
    0x3b, 0x95, 0x1b, 0x8d, 0xd9, 0x84, 0xfa, 0x84, 0x7c, 0x95, 0x7c, 0x95,
    0xfb, 0x7c, 0xf6, 0x63, 0xf6, 0x5b, 0x95, 0x53, 0xd6, 0x5b, 0xb5, 0x5b,
    0xd6, 0x6b, 0xf7, 0x6b, 0x17, 0x6c, 0x58, 0x74, 0x99, 0x74, 0xda, 0x7c,
    0xfb, 0x84, 0xfb, 0x7c, 0x3c, 0x8d, 0x3b, 0x8d, 0x1e, 0xa6, 0x9e, 0x9d,
    0xfb, 0x84, 0x59, 0x6c, 0x38, 0x6c, 0x78, 0x7c, 0x9d, 0x95, 0x78, 0x6c,
    0xb5, 0x4b, 0x95, 0x4b, 0x34, 0x3b, 0x55, 0x4b, 0xf4, 0x4a, 0x93, 0x4a,
    0x14, 0x4b, 0x75, 0x53, 0xd7, 0x5b, 0x39, 0x6c, 0xda, 0x8c, 0xd5, 0x6b,
    0x17, 0x6c, 0xf6, 0x6b, 0x77, 0x7c, 0x9c, 0xa5, 0x1f, 0xb6, 0x5d, 0x9d,
    0xba, 0x84, 0x99, 0x74, 0x58, 0x74, 0x38, 0x74, 0xd6, 0x63, 0x39, 0x7c,
    0xdb, 0x8c, 0x5c, 0x95, 0xbd, 0xa5, 0xdd, 0xb5, 0x1f, 0xb6, 0xbd, 0xad,
    0x39, 0x7c, 0xd8, 0x6b, 0x56, 0x53, 0x96, 0x63, 0x55, 0x5b, 0x75, 0x5b,
    0x16, 0x74, 0x1a, 0x95, 0x79, 0x7c, 0xf7, 0x6b, 0x38, 0x74, 0x99, 0x84,
    0x5d, 0xa5, 0x9d, 0xa5, 0x1b, 0x95, 0x1c, 0x95, 0x7d, 0x9d, 0x7d, 0x9d,
    0x3b, 0x95, 0x99, 0x7c, 0x57, 0x74, 0x16, 0x6c, 0x16, 0x74, 0x37, 0x74,
    0xb9, 0x84, 0x38, 0x6c, 0x17, 0x6c, 0x58, 0x7c, 0x7d, 0x95, 0x59, 0x6c,
    0x76, 0x53, 0x35, 0x53, 0x76, 0x53, 0xf4, 0x4a, 0xb3, 0x42, 0x14, 0x4b,
    0x58, 0x6c, 0x9a, 0x7c, 0x3b, 0x95, 0x3b, 0x95, 0x3b, 0x95, 0xfa, 0x8c,
    0xfa, 0x8c, 0x57, 0x74, 0x37, 0x6c, 0x79, 0x74, 0xdb, 0x7c, 0x9d, 0x95,
    0xfb, 0x7c, 0xd6, 0x5b, 0x95, 0x53, 0xd6, 0x5b, 0xf6, 0x63, 0x37, 0x64,
    0x17, 0x64, 0x58, 0x74, 0xda, 0x84, 0x78, 0x74, 0x79, 0x74, 0x79, 0x74,
    0xba, 0x7c, 0xda, 0x84, 0xfa, 0x84, 0x9c, 0x95, 0x99, 0x7c, 0x56, 0x74,
    0xb6, 0x84, 0x99, 0xa5, 0x5a, 0x9d, 0x36, 0x74, 0xf5, 0x63, 0x57, 0x74,
    0x16, 0x6c, 0x32, 0x4b, 0x16, 0x6c, 0xd6, 0x73, 0x33, 0x4b, 0x74, 0x4b,
    0xb4, 0x5b, 0x15, 0x6c, 0xf8, 0x94, 0x39, 0x9d, 0x35, 0x7c, 0x76, 0x84,
    0x35, 0x7c, 0x55, 0x7c, 0x38, 0x9d, 0x7a, 0xad, 0xdd, 0xad, 0xfe, 0xad,
    0xfe, 0xb5, 0x3c, 0xb6, 0xfc, 0xad, 0x99, 0x84, 0xbb, 0x8c, 0xd9, 0x8c,
    0xb8, 0x8c, 0x7a, 0xad, 0x38, 0xa5, 0xf7, 0x9c, 0xd7, 0x94, 0x5a, 0xa5,
    0xbb, 0xad, 0x39, 0x9d, 0x19, 0x95, 0xb7, 0x8c, 0x95, 0x84, 0x36, 0x7c,
    0x79, 0x7c, 0xf7, 0x6b, 0x17, 0x74, 0xba, 0x8c, 0xde, 0xad, 0x9d, 0xa5,
    0x1b, 0x95, 0xda, 0x84, 0xdb, 0x8c, 0x3b, 0x95, 0xbd, 0xa5, 0x9d, 0x9d,
    0x5c, 0x95, 0x3c, 0x95, 0x7d, 0x95, 0x1b, 0x8d, 0x79, 0x74, 0x99, 0x7c,
    0x79, 0x74, 0xda, 0x8c, 0xff, 0xa5, 0x5d, 0x8d, 0x7a, 0x74, 0x5a, 0x74,
    0x19, 0x6c, 0xf8, 0x63, 0x76, 0x53, 0x34, 0x4b, 0xda, 0x84, 0xdb, 0x84,
    0xfa, 0x8c, 0x99, 0x7c, 0x79, 0x74, 0x37, 0x6c, 0x17, 0x6c, 0x16, 0x6c,
    0xd6, 0x5b, 0xd6, 0x5b, 0xf7, 0x5b, 0x17, 0x64, 0x98, 0x74, 0xfb, 0x84,
    0x99, 0x74, 0x17, 0x64, 0xf6, 0x5b, 0x17, 0x64, 0x78, 0x74, 0xb9, 0x7c,
    0x99, 0x74, 0x98, 0x74, 0x99, 0x74, 0xb9, 0x7c, 0xb9, 0x7c, 0x99, 0x74,
    0xd9, 0x7c, 0x37, 0x6c, 0xf3, 0x63, 0xdc, 0xce, 0xff, 0xff, 0xff, 0xff,
    0xff, 0xff, 0xfd, 0xd6, 0x92, 0x63, 0xff, 0xff, 0xff, 0xef, 0xf0, 0x4a,
    0xff, 0xff, 0xff, 0xff, 0x32, 0x53, 0x75, 0x53, 0x94, 0x5b, 0xf4, 0x6b,
    0xff, 0xff, 0xff, 0xff, 0xff, 0xff, 0xff, 0xff, 0xfc, 0xc6, 0xb3, 0x84,
    0xff, 0xff, 0xff, 0xff, 0x76, 0x84, 0x3c, 0x95, 0xbb, 0xad, 0xff, 0xff,
    0xbf, 0xef, 0x1b, 0x95, 0x76, 0x84, 0xd8, 0xad, 0xff, 0xff, 0xff, 0xff,
    0xff, 0xff, 0xff, 0xff, 0x7e, 0xdf, 0x31, 0x7c, 0xff, 0xff, 0xff, 0xff,
    0xff, 0xff, 0xff, 0xff, 0x7b, 0xbe, 0xb8, 0x8c, 0x5c, 0x9d, 0xde, 0xad,
    0x5c, 0x9d, 0x9d, 0x95, 0xda, 0x84, 0x58, 0x7c, 0xb6, 0x63, 0xf7, 0x6b,
    0xd6, 0x6b, 0x17, 0x74, 0x17, 0x74, 0x17, 0x6c, 0xf6, 0x63, 0x17, 0x6c,
    0xf7, 0x63, 0x38, 0x74, 0x59, 0x74, 0x18, 0x6c, 0x96, 0x5b, 0x75, 0x53,
    0x35, 0x4b, 0xd7, 0x5b, 0x59, 0x74, 0x7a, 0x7c, 0xdb, 0x84, 0x9a, 0x74,
    0xdb, 0x84, 0x99, 0x7c, 0xbd, 0x9d, 0x1b, 0x8d, 0xb9, 0x7c, 0xb9, 0x7c,
    0x7a, 0x6c, 0xd6, 0x5b, 0x37, 0x6c, 0x17, 0x64, 0xd6, 0x5b, 0xb6, 0x5b,
    0xd6, 0x5b, 0x17, 0x64, 0x36, 0x6c, 0x58, 0x74, 0x99, 0x7c, 0x1b, 0x8d,
    0x7c, 0x95, 0x7c, 0x95, 0x5c, 0x8d, 0xfa, 0x84, 0xb9, 0x74, 0xda, 0x7c,
    0xfa, 0x7c, 0xfa, 0x84, 0xfa, 0x84, 0x37, 0x6c, 0xfa, 0x7c, 0x38, 0x6c,
    0x99, 0x9d, 0xff, 0xff, 0x9b, 0xce, 0x56, 0x9d, 0xdc, 0xce, 0xda, 0xa5,
    0x55, 0x74, 0xff, 0xff, 0xde, 0xef, 0x72, 0x5b, 0xdf, 0xf7, 0xff, 0xff,
    0xd5, 0x6b, 0xb6, 0x5b, 0x95, 0x5b, 0xf3, 0x63, 0xff, 0xff, 0x7e, 0xef,
    0xf8, 0xad, 0x7b, 0xb6, 0x38, 0x8d, 0xb5, 0x84, 0xff, 0xff, 0xff, 0xff,
    0xfd, 0xd6, 0x73, 0x5b, 0x93, 0x63, 0xff, 0xff, 0xdf, 0xf7, 0x1a, 0x9d,
    0xfd, 0xd6, 0xff, 0xff, 0xff, 0xff, 0xbc, 0xd6, 0xd8, 0xad, 0x1d, 0xd7,
    0x58, 0x95, 0xf2, 0x6b, 0xff, 0xff, 0xfd, 0xde, 0xf6, 0x94, 0x77, 0x95,
    0x55, 0x7c, 0x95, 0x63, 0xf7, 0x6b, 0xd7, 0x63, 0xf7, 0x6b, 0x58, 0x6c,
    0x99, 0x74, 0x1c, 0x95, 0x3c, 0x95, 0x9a, 0x7c, 0x18, 0x6c, 0x58, 0x74,
    0x79, 0x7c, 0xba, 0x84, 0x1c, 0x8d, 0x5d, 0x9d, 0xbd, 0xa5, 0xde, 0xa5,
    0x1c, 0x8d, 0x9a, 0x7c, 0x59, 0x74, 0x76, 0x5b, 0x55, 0x53, 0x14, 0x4b,
    0xb3, 0x42, 0x34, 0x53, 0x35, 0x5b, 0x75, 0x63, 0x75, 0x63, 0xd6, 0x6b,
    0xd9, 0x84, 0x5b, 0x8d, 0x1a, 0x85, 0x78, 0x6c, 0x79, 0x64, 0x17, 0x64,
    0x58, 0x64, 0x58, 0x64, 0xf7, 0x63, 0xd6, 0x5b, 0xd6, 0x5b, 0x17, 0x64,
    0x16, 0x64, 0x36, 0x74, 0xb9, 0x84, 0x3b, 0x95, 0x5b, 0x8d, 0x9c, 0x95,
    0xbd, 0x9d, 0x7c, 0x95, 0xda, 0x7c, 0x58, 0x6c, 0x79, 0x6c, 0x17, 0x64,
    0x17, 0x64, 0x57, 0x6c, 0x78, 0x6c, 0x18, 0x64, 0xda, 0xa5, 0xff, 0xff,
    0x7b, 0xc6, 0x32, 0x5b, 0xd3, 0x63, 0x18, 0x85, 0xb7, 0x74, 0xff, 0xff,
    0xdf, 0xf7, 0x35, 0x74, 0xff, 0xf7, 0xff, 0xff, 0x5b, 0x9d, 0xbe, 0x9d,
    0x7d, 0x95, 0xfb, 0xa5, 0xff, 0xff, 0x3e, 0xdf, 0x95, 0x7c, 0x59, 0x8d,
    0xbb, 0x84, 0x18, 0x95, 0xff, 0xff, 0xfe, 0xff, 0xff, 0xff, 0x37, 0x95,
    0xb4, 0x6b, 0xff, 0xff, 0xde, 0xf7, 0x14, 0x7c, 0xbe, 0xef, 0xff, 0xff,
    0xf6, 0x9c, 0xd6, 0x73, 0x78, 0x7c, 0x77, 0x74, 0x18, 0x6c, 0x39, 0x95,
    0xff, 0xff, 0x7b, 0xd6, 0x92, 0x6b, 0xd5, 0x63, 0x17, 0x6c, 0x3a, 0x6c,
    0xb8, 0x5b, 0xd8, 0x5b, 0x97, 0x53, 0x96, 0x4b, 0x76, 0x53, 0x96, 0x5b,
    0xd6, 0x5b, 0x79, 0x74, 0x79, 0x74, 0x96, 0x5b, 0x34, 0x4b, 0x55, 0x53,
    0x55, 0x53, 0x55, 0x5b, 0x75, 0x5b, 0x18, 0x74, 0x5d, 0x95, 0xdb, 0x8c,
    0xfb, 0x8c, 0x1b, 0x95, 0x3c, 0x9d, 0x5d, 0xa5, 0x9a, 0x84, 0xba, 0x84,
    0xfb, 0x94, 0x9e, 0xad, 0xdf, 0xb5, 0x5d, 0x9d, 0xb4, 0x5b, 0x56, 0x6c,
    0x1a, 0x8d, 0xfa, 0x7c, 0x79, 0x6c, 0xd7, 0x5b, 0x79, 0x6c, 0x58, 0x6c,
    0x38, 0x64, 0x58, 0x6c, 0x17, 0x5c, 0xf6, 0x5b, 0x38, 0x6c, 0x57, 0x74,
    0xb9, 0x7c, 0xb9, 0x7c, 0x57, 0x74, 0xd5, 0x5b, 0xd6, 0x5b, 0x96, 0x53,
    0x18, 0x64, 0x18, 0x64, 0xd7, 0x5b, 0x75, 0x4b, 0x55, 0x4b, 0x34, 0x4b,
    0x55, 0x43, 0x56, 0x4b, 0xf4, 0x6b, 0xdf, 0xf7, 0xff, 0xff, 0xff, 0xf7,
    0xd8, 0xa5, 0xf3, 0x63, 0x14, 0x64, 0xff, 0xff, 0xdf, 0xef, 0x73, 0x5b,
    0xdf, 0xf7, 0xff, 0xff, 0x73, 0x63, 0xf7, 0x63, 0x95, 0x5b, 0x96, 0x7c,
    0xff, 0xff, 0xff, 0xff, 0x9f, 0xef, 0xdf, 0xef, 0xfb, 0xad, 0x74, 0x7c,
    0xff, 0xff, 0x79, 0xd6, 0x9e, 0xf7, 0xff, 0xff, 0x37, 0x9d, 0xff, 0xff,
    0x9e, 0xef, 0xf3, 0x73, 0xff, 0xff, 0x9e, 0xef, 0x10, 0x53, 0x75, 0x53,
    0x96, 0x53, 0x96, 0x53, 0x37, 0x53, 0x16, 0x74, 0xff, 0xff, 0x9e, 0xf7,
    0xbf, 0xef, 0xff, 0xf7, 0xfb, 0xa5, 0x38, 0x6c, 0x17, 0x64, 0xb6, 0x5b,
    0x95, 0x5b, 0x96, 0x5b, 0x75, 0x53, 0x75, 0x5b, 0xb6, 0x63, 0xd7, 0x63,
    0x17, 0x64, 0x18, 0x6c, 0xf7, 0x63, 0x75, 0x53, 0x96, 0x5b, 0x75, 0x5b,
    0xd7, 0x6b, 0xd7, 0x6b, 0xf8, 0x6b, 0x55, 0x5b, 0x34, 0x5b, 0x37, 0x7c,
    0x9f, 0xc6, 0x9d, 0xa5, 0xfa, 0x8c, 0xda, 0x84, 0xba, 0x84, 0x38, 0x6c,
    0x79, 0x74, 0x9a, 0x74, 0xb5, 0x5b, 0x37, 0x6c, 0xb8, 0x7c, 0x1b, 0x85,
    0xba, 0x74, 0x38, 0x6c, 0xf6, 0x5b, 0x78, 0x6c, 0x57, 0x6c, 0x37, 0x64,
    0x58, 0x6c, 0x78, 0x6c, 0x58, 0x74, 0x78, 0x74, 0x99, 0x74, 0x38, 0x6c,
    0xd6, 0x5b, 0x34, 0x4b, 0x55, 0x4b, 0x75, 0x53, 0x34, 0x43, 0x55, 0x4b,
    0x96, 0x53, 0xd7, 0x5b, 0xf7, 0x63, 0x18, 0x64, 0xf8, 0x63, 0x35, 0x53,
    0x53, 0x4b, 0x72, 0x53, 0xb9, 0xa5, 0xff, 0xff, 0xff, 0xff, 0xdc, 0xce,
    0x74, 0x7c, 0xff, 0xff, 0xdf, 0xf7, 0x52, 0x5b, 0xdf, 0xef, 0xff, 0xff,
    0xb4, 0x6b, 0x96, 0x53, 0xb6, 0x5b, 0x56, 0x74, 0xff, 0xff, 0xdf, 0xff,
    0x5d, 0xdf, 0x9f, 0xdf, 0xda, 0xa5, 0xd6, 0x8c, 0xff, 0xff, 0x3a, 0xc6,
    0xd5, 0x94, 0xff, 0xff, 0xdb, 0xd6, 0xbf, 0xf7, 0x9f, 0xef, 0x14, 0x74,
    0xff, 0xff, 0x9d, 0xe7, 0xcf, 0x4a, 0x96, 0x5b, 0xf8, 0x63, 0x18, 0x64,
    0x58, 0x74, 0x58, 0x9d, 0xff, 0xff, 0xfe, 0xff, 0xde, 0xf7, 0xff, 0xf7,
    0x3b, 0xb6, 0xfa, 0x8c, 0x1b, 0x8d, 0x7d, 0x9d, 0x5c, 0x9d, 0x3b, 0x95,
    0xda, 0x8c, 0x58, 0x7c, 0xf7, 0x6b, 0xf7, 0x63, 0xf7, 0x63, 0x18, 0x6c,
    0x18, 0x6c, 0xb7, 0x63, 0xb6, 0x63, 0xd7, 0x63, 0x96, 0x63, 0xf8, 0x6b,
    0x76, 0x5b, 0x76, 0x63, 0xba, 0x84, 0xfe, 0xb5, 0x3b, 0x9d, 0xb9, 0x8c,
    0xfa, 0x8c, 0x78, 0x7c, 0x78, 0x74, 0xda, 0x84, 0x58, 0x6c, 0xf7, 0x5b,
    0x17, 0x6c, 0x99, 0x7c, 0xb9, 0x7c, 0x78, 0x74, 0x58, 0x6c, 0x58, 0x6c,
    0x17, 0x64, 0x78, 0x6c, 0x77, 0x6c, 0x57, 0x6c, 0x78, 0x6c, 0xba, 0x7c,
    0x9a, 0x7c, 0xda, 0x7c, 0xba, 0x74, 0x18, 0x64, 0x96, 0x53, 0x35, 0x4b,
    0x35, 0x4b, 0x55, 0x4b, 0x14, 0x43, 0x14, 0x43, 0x55, 0x4b, 0x14, 0x43,
    0x35, 0x4b, 0x75, 0x4b, 0xf7, 0x63, 0xfb, 0x8c, 0xfa, 0x84, 0x35, 0x64,
    0xf3, 0x6b, 0xb2, 0x7b, 0xff, 0xff, 0xff, 0xff, 0x54, 0x84, 0xff, 0xff,
    0xdf, 0xf7, 0x31, 0x5b, 0xff, 0xf7, 0xff, 0xff, 0x52, 0x5b, 0x95, 0x5b,
    0x95, 0x5b, 0x36, 0x74, 0xff, 0xff, 0xfd, 0xde, 0xb2, 0x6b, 0xf4, 0x6b,
    0xd4, 0x63, 0x17, 0x95, 0xff, 0xff, 0x9b, 0xce, 0xb2, 0x63, 0x1c, 0xd7,
    0xfe, 0xff, 0xdf, 0xf7, 0xbf, 0xf7, 0x50, 0x5b, 0xff, 0xf7, 0xff, 0xff,
    0xf7, 0x94, 0xd2, 0x42, 0xf7, 0x63, 0x38, 0x6c, 0xb7, 0x7c, 0x57, 0x95,
    0xff, 0xff, 0x3d, 0xef, 0x78, 0xad, 0xd2, 0x73, 0x36, 0x84, 0xdb, 0x8c,
    0xfb, 0x8c, 0x58, 0x74, 0x58, 0x74, 0x58, 0x7c, 0xb9, 0x84, 0x1b, 0x95,
    0xbe, 0x9d, 0x9d, 0x95, 0x5c, 0x8d, 0x5d, 0x95, 0x1c, 0x8d, 0x3d, 0x95,
    0x1c, 0x95, 0x3c, 0x95, 0x99, 0x84, 0xd6, 0x6b, 0xd7, 0x6b, 0x9a, 0x84,
    0x1b, 0x95, 0x5c, 0x9d, 0x3b, 0x95, 0xfa, 0x94, 0xfa, 0x8c, 0x58, 0x74,
    0x99, 0x7c, 0x9a, 0x74, 0x99, 0x74, 0x39, 0x64, 0x78, 0x74, 0x99, 0x74,
    0x59, 0x74, 0x37, 0x6c, 0xf7, 0x63, 0xd7, 0x5b, 0xd6, 0x5b, 0x37, 0x6c,
    0x99, 0x74, 0x98, 0x74, 0xb9, 0x74, 0xb9, 0x74, 0xfb, 0x7c, 0xba, 0x74,
    0x58, 0x6c, 0x18, 0x64, 0xd6, 0x5b, 0x76, 0x53, 0x34, 0x43, 0x35, 0x43,
    0x14, 0x43, 0x14, 0x43, 0x35, 0x4b, 0x35, 0x53, 0x35, 0x53, 0x95, 0x53,
    0xf6, 0x5b, 0x57, 0x74, 0x9f, 0xe7, 0xff, 0xf7, 0xfd, 0xd6, 0xdc, 0xd6,
    0xff, 0xff, 0xff, 0xff, 0xd6, 0x94, 0xff, 0xff, 0xdf, 0xf7, 0xaf, 0x52,
    0xdf, 0xf7, 0xff, 0xff, 0xf9, 0xb5, 0xda, 0xb5, 0x9a, 0xa5, 0xf4, 0x6b,
    0xff, 0xff, 0x7f, 0xef, 0xd9, 0xb5, 0x3a, 0xbe, 0xb9, 0xad, 0x97, 0xa5,
    0xff, 0xff, 0xbc, 0xce, 0x57, 0x7c, 0xd9, 0x8c, 0xff, 0xff, 0xff, 0xff,
    0xbf, 0xef, 0xd3, 0x6b, 0x57, 0x9d, 0xff, 0xff, 0xff, 0xff, 0xdc, 0xce,
    0x7a, 0xbe, 0x7e, 0xe7, 0x3a, 0xbe, 0xd8, 0xad, 0xff, 0xf7, 0xbe, 0xf7,
    0x3d, 0xe7, 0xbb, 0xd6, 0x1b, 0xbe, 0x3b, 0x9d, 0xfa, 0x8c, 0xba, 0x7c,
    0x79, 0x74, 0x79, 0x74, 0x38, 0x74, 0x38, 0x74, 0x79, 0x7c, 0x79, 0x74,
    0x59, 0x74, 0xf7, 0x63, 0xb7, 0x5b, 0xf7, 0x6b, 0x78, 0x7c, 0x78, 0x7c,
    0x3a, 0x95, 0xbc, 0xa5, 0xdd, 0xad, 0x3b, 0x95, 0xba, 0x8c, 0x5c, 0x9d,
    0x5c, 0x9d, 0xfb, 0x8c, 0xf9, 0x8c, 0xda, 0x84, 0xba, 0x7c, 0x18, 0x64,
    0xf7, 0x5b, 0xd7, 0x5b, 0xfa, 0x84, 0xda, 0x7c, 0x58, 0x6c, 0x17, 0x64,
    0xd6, 0x5b, 0xf7, 0x63, 0xd7, 0x5b, 0xb5, 0x5b, 0x37, 0x6c, 0x99, 0x74,
    0x1b, 0x85, 0x5c, 0x8d, 0xda, 0x7c, 0x38, 0x64, 0xb6, 0x53, 0xb6, 0x53,
    0xd7, 0x5b, 0xd7, 0x5b, 0x76, 0x53, 0xb6, 0x53, 0x76, 0x4b, 0x35, 0x43,
    0x15, 0x4b, 0x15, 0x53, 0x56, 0x53, 0x95, 0x5b, 0xf6, 0x5b, 0xb8, 0x7c,
    0x1e, 0xd7, 0xff, 0xff, 0xff, 0xff, 0xff, 0xff, 0xff, 0xff, 0x9c, 0xce,
    0x3c, 0xc6, 0xff, 0xff, 0xdf, 0xf7, 0xd1, 0x5a, 0xdf, 0xf7, 0xff, 0xff,
    0xff, 0xff, 0xff, 0xff, 0xff, 0xff, 0x75, 0x7c, 0xff, 0xff, 0xff, 0xff,
    0xff, 0xff, 0xff, 0xff, 0x1c, 0xd7, 0x55, 0x95, 0xff, 0xff, 0x9f, 0xe7,
    0x9d, 0xa5, 0x9c, 0xa5, 0x5b, 0xbe, 0xff, 0xff, 0xff, 0xf7, 0x37, 0x7c,
    0x17, 0x74, 0x58, 0x9d, 0xff, 0xf7, 0xff, 0xff, 0xff, 0xff, 0xff, 0xff,
    0x1d, 0xe7, 0x56, 0xad, 0xff, 0xff, 0xff, 0xff, 0xff, 0xff, 0xff, 0xff,
    0x1f, 0xdf, 0x5c, 0x9d, 0x3c, 0x95, 0x38, 0x6c, 0x38, 0x74, 0xf7, 0x6b,
    0xb6, 0x5b, 0xb6, 0x63, 0xd6, 0x6b, 0x38, 0x74, 0xfb, 0x8c, 0xdb, 0x84,
    0x79, 0x74, 0x3d, 0x8d, 0x59, 0x74, 0x17, 0x6c, 0x95, 0x5b, 0x95, 0x5b,
    0xf7, 0x6b, 0x7c, 0x9d, 0x3f, 0xbe, 0x9c, 0xad, 0xde, 0xad, 0xba, 0x74,
    0xd7, 0x5b, 0xf7, 0x63, 0x38, 0x74, 0xfc, 0x84, 0x39, 0x6c, 0xd7, 0x63,
    0x3c, 0x8d, 0xba, 0x7c, 0xf6, 0x63, 0xf6, 0x5b, 0x17, 0x64, 0x17, 0x64,
    0x17, 0x64, 0x95, 0x53, 0x37, 0x6c, 0x79, 0x74, 0xda, 0x7c, 0x5c, 0x8d,
    0x3c, 0x8d, 0xba, 0x7c, 0x58, 0x6c, 0xd7, 0x5b, 0xb6, 0x53, 0x96, 0x53,
    0xd7, 0x53, 0x76, 0x4b, 0xb7, 0x53, 0x56, 0x53, 0x15, 0x4b, 0x15, 0x53,
    0x34, 0x53, 0xd6, 0x63, 0x3c, 0x85, 0x3c, 0x8d, 0x97, 0x74, 0x55, 0x74,
    0x96, 0x84, 0x18, 0x9d, 0x76, 0x84, 0xd8, 0x94, 0xdc, 0xb5, 0x9d, 0xce,
    0x3c, 0xc6, 0x3a, 0xa5, 0x7a, 0xad, 0xb9, 0xad, 0x78, 0xa5, 0xda, 0xb5,
    0x7a, 0xa5, 0x1b, 0x8d, 0x38, 0x95, 0x37, 0x95, 0x58, 0x95, 0xd7, 0x84,
    0x15, 0x74, 0xf4, 0x6b, 0xf4, 0x6b, 0x15, 0x74, 0x99, 0x84, 0x5d, 0x9d,
    0xbd, 0xad, 0x1a, 0xae, 0xf7, 0x94, 0x79, 0x84, 0x5a, 0x7c, 0xb7, 0x6b,
    0x93, 0x63, 0x17, 0x95, 0x18, 0xa5, 0xf7, 0xa4, 0x7b, 0xad, 0x5e, 0xce,
    0x9a, 0xad, 0x14, 0x74, 0x35, 0x7c, 0x55, 0x7c, 0x36, 0x74, 0xf6, 0x6b,
    0x17, 0x6c, 0xd7, 0x63, 0x75, 0x5b, 0xb6, 0x5b, 0xb6, 0x5b, 0x96, 0x63,
    0x56, 0x63, 0xd7, 0x6b, 0x99, 0x84, 0x7d, 0x9d, 0x1c, 0x95, 0x1b, 0x85,
    0x59, 0x74, 0xd7, 0x5b, 0xf7, 0x63, 0xf7, 0x63, 0x17, 0x6c, 0x17, 0x74,
    0x1a, 0x95, 0x1d, 0xd6, 0xff, 0xc5, 0xbc, 0x7c, 0xf9, 0x53, 0x96, 0x5b,
    0x95, 0x5b, 0x55, 0x53, 0xf8, 0x6b, 0x79, 0x74, 0xda, 0x7c, 0xba, 0x7c,
    0xd9, 0x7c, 0x7c, 0x8d, 0x5b, 0x85, 0xfa, 0x7c, 0xfa, 0x84, 0xda, 0x7c,
    0x17, 0x64, 0x9a, 0x7c, 0xba, 0x7c, 0x79, 0x74, 0x18, 0x64, 0xf7, 0x63,
    0xf7, 0x5b, 0x17, 0x64, 0xf7, 0x5b, 0x18, 0x64, 0x18, 0x64, 0x75, 0x4b,
    0xb7, 0x63, 0x17, 0x74, 0xfa, 0x94, 0x7c, 0xa5, 0xbc, 0xa5, 0x1f, 0xa6,
    0x5c, 0x8d, 0x78, 0x6c, 0x37, 0x64, 0xd6, 0x5b, 0x95, 0x5b, 0xf6, 0x6b,
    0x78, 0x7c, 0xb9, 0x8c, 0xdd, 0xad, 0xfd, 0xb5, 0x3a, 0x9d, 0x3b, 0x9d,
    0xfa, 0x94, 0xb8, 0x8c, 0xfb, 0x94, 0x38, 0x74, 0x1b, 0x8d, 0xdc, 0x84,
    0xfb, 0x84, 0x1b, 0x85, 0x1b, 0x8d, 0xfb, 0x84, 0xfb, 0x8c, 0x9b, 0x84,
    0xdb, 0x8c, 0xda, 0x8c, 0xd9, 0x8c, 0xdb, 0x8c, 0x5a, 0x84, 0xda, 0x94,
    0x5f, 0xc6, 0x1e, 0xb6, 0xdd, 0xa5, 0xde, 0xad, 0x1e, 0xb6, 0xfc, 0xb5,
    0xfd, 0xb5, 0x5e, 0xbe, 0xdf, 0xb5, 0xbb, 0x8c, 0xd7, 0x6b, 0x97, 0x5b,
    0x56, 0x53, 0x55, 0x53, 0x75, 0x5b, 0x75, 0x5b, 0x76, 0x5b, 0x96, 0x5b,
    0x96, 0x5b, 0x34, 0x4b, 0x96, 0x5b, 0x76, 0x5b, 0x55, 0x5b, 0x55, 0x5b,
    0xd6, 0x6b, 0x5c, 0xa5, 0x1f, 0xbe, 0x5b, 0x95, 0x99, 0x7c, 0xf7, 0x6b,
    0x59, 0x74, 0x79, 0x74, 0x79, 0x7c, 0x79, 0x7c, 0xd9, 0x94, 0xfd, 0xd5,
    0x3f, 0xce, 0xbb, 0x84, 0xf9, 0x53, 0x96, 0x5b, 0x75, 0x5b, 0x35, 0x4b,
    0x55, 0x53, 0xb6, 0x5b, 0xba, 0x7c, 0xda, 0x84, 0x5b, 0x8d, 0x7b, 0x8d,
    0xbc, 0x95, 0xdd, 0x9d, 0x7c, 0x95, 0x3c, 0x8d, 0x79, 0x74, 0xba, 0x84,
    0xba, 0x7c, 0x18, 0x6c, 0xf7, 0x63, 0x95, 0x53, 0xd6, 0x5b, 0x75, 0x4b,
    0xb6, 0x53, 0xd6, 0x5b, 0xf7, 0x63, 0x38, 0x74, 0x9d, 0xa5, 0x3e, 0xc6,
    0xdc, 0xb5, 0x3a, 0x9d, 0xfa, 0x8c, 0x3c, 0x8d, 0xb9, 0x74, 0x77, 0x6c,
    0x18, 0x64, 0xf8, 0x5b, 0xf8, 0x5b, 0xf7, 0x5b, 0xb9, 0x74, 0x7c, 0x95,
    0xbd, 0x9d, 0xfa, 0x84, 0x78, 0x74, 0xb6, 0x5b, 0x75, 0x53, 0x53, 0x4b,
    0xd6, 0x5b, 0xb2, 0x3a, 0xf6, 0x63, 0x77, 0x74, 0xba, 0x7c, 0xfb, 0x84,
    0xb9, 0x7c, 0xda, 0x84, 0xb9, 0x7c, 0x79, 0x7c, 0x59, 0x74, 0x9a, 0x7c,
    0xbc, 0x8c, 0x1c, 0x95, 0xfe, 0xb5, 0x1e, 0xb6, 0xff, 0xb5, 0xba, 0x84,
    0x56, 0x6c, 0x16, 0x74, 0x16, 0x74, 0x57, 0x7c, 0xfa, 0x8c, 0x5b, 0x95,
    0xdd, 0xa5, 0xd9, 0x7c, 0x37, 0x6c, 0xd7, 0x63, 0x77, 0x5b, 0x76, 0x5b,
    0x76, 0x5b, 0x77, 0x5b, 0x77, 0x5b, 0xb7, 0x63, 0x96, 0x5b, 0x54, 0x53,
    0x55, 0x53, 0x77, 0x5b, 0x55, 0x5b, 0x95, 0x5b, 0x74, 0x63, 0x95, 0x73,
    0x1e, 0xc6, 0xfe, 0xb5, 0x79, 0x84, 0x18, 0x74, 0x96, 0x63, 0xd7, 0x63,
    0xf8, 0x6b, 0x38, 0x74, 0xf9, 0x94, 0x1e, 0xc6, 0xdd, 0xb5, 0x1b, 0x95,
    0x7a, 0x74, 0x59, 0x6c, 0xf8, 0x63, 0xb7, 0x5b, 0x55, 0x53, 0x96, 0x5b,
    0xb6, 0x5b, 0x17, 0x64, 0x78, 0x74, 0x98, 0x74, 0x98, 0x74, 0x99, 0x74,
    0x17, 0x64, 0xd6, 0x5b, 0xb6, 0x5b, 0x75, 0x53, 0xd7, 0x63, 0xf8, 0x63,
    0x39, 0x6c, 0x38, 0x64, 0xf7, 0x5b, 0xd6, 0x5b, 0xb6, 0x53, 0xf7, 0x5b,
    0xfb, 0x84, 0xff, 0xad, 0x9a, 0x84, 0xf7, 0x63, 0xb6, 0x5b, 0x95, 0x53,
    0x75, 0x53, 0xb6, 0x5b, 0x99, 0x74, 0xda, 0x74, 0xba, 0x74, 0x99, 0x6c,
    0x98, 0x6c, 0x37, 0x64, 0xfa, 0x7c, 0xf9, 0x7c, 0x57, 0x6c, 0x78, 0x6c,
    0x37, 0x64, 0x17, 0x5c, 0xb6, 0x53, 0x75, 0x4b, 0x75, 0x53, 0x55, 0x53,
    0x34, 0x4b, 0x17, 0x64, 0xb7, 0x5b, 0x18, 0x6c, 0x17, 0x6c, 0x58, 0x74,
    0x58, 0x74, 0x18, 0x6c, 0xf8, 0x63, 0x39, 0x74, 0xf8, 0x6b, 0x98, 0x7c,
    0x1d, 0xae, 0x7b, 0xa5, 0x59, 0x7c, 0xf7, 0x6b, 0xb7, 0x63, 0x97, 0x63,
    0xb7, 0x6b, 0x17, 0x6c, 0xb9, 0x84, 0x9a, 0x7c, 0x1b, 0x8d, 0xba, 0x7c,
    0x59, 0x74, 0x18, 0x6c, 0xb6, 0x63, 0x96, 0x5b, 0x76, 0x5b, 0x76, 0x5b,
    0x76, 0x5b, 0x96, 0x5b, 0xb7, 0x63, 0x76, 0x53, 0x97, 0x5b, 0x76, 0x53,
    0xb7, 0x63, 0x96, 0x5b, 0x74, 0x63, 0x99, 0x94, 0x1f, 0xc6, 0xba, 0x8c,
    0x5d, 0x9d, 0x9e, 0xa5, 0xfc, 0x8c, 0x59, 0x74, 0x59, 0x74, 0x79, 0x7c,
    0x9a, 0x7c, 0xf8, 0x6b, 0x56, 0x5b, 0x96, 0x63, 0x18, 0x6c, 0x38, 0x6c,
    0x38, 0x6c, 0x18, 0x6c, 0x18, 0x6c, 0x17, 0x6c, 0xb6, 0x5b, 0xd6, 0x5b,
    0x38, 0x6c, 0x79, 0x74, 0x58, 0x6c, 0x79, 0x74, 0x18, 0x64, 0xd7, 0x5b,
    0x96, 0x53, 0x14, 0x43, 0x75, 0x53, 0x55, 0x4b, 0x96, 0x53, 0xd7, 0x5b,
    0x38, 0x74, 0x9a, 0x7c, 0xfb, 0x7c, 0xbe, 0x95, 0xfb, 0x84, 0x96, 0x53,
    0x96, 0x5b, 0x55, 0x4b, 0x54, 0x4b, 0x34, 0x4b, 0x55, 0x4b, 0x55, 0x4b,
    0x75, 0x53, 0xd7, 0x5b, 0x9a, 0x74, 0x3c, 0x8d, 0x9d, 0x9d, 0xbd, 0x9d,
    0x99, 0x74, 0x17, 0x64, 0x95, 0x53, 0x76, 0x53, 0x56, 0x53, 0x76, 0x53,
    0x18, 0x64, 0x39, 0x6c, 0x5a, 0x74, 0x19, 0x6c, 0xf8, 0x6b, 0x76, 0x5b,
    0xb8, 0x63, 0xd8, 0x63, 0xb6, 0x63, 0xf7, 0x6b, 0x38, 0x74, 0x38, 0x6c,
    0xf8, 0x6b, 0xd7, 0x63, 0xf7, 0x6b, 0xda, 0x84, 0x9d, 0xa5, 0xf8, 0x73,
    0x38, 0x74, 0xd6, 0x63, 0xf7, 0x6b, 0xb6, 0x63, 0xb6, 0x63, 0xb6, 0x63,
    0x17, 0x6c, 0x58, 0x74, 0x37, 0x6c, 0x79, 0x74, 0x59, 0x74, 0x59, 0x74,
    0x38, 0x74, 0xd7, 0x63, 0x96, 0x5b, 0x76, 0x5b, 0x55, 0x53, 0x35, 0x53,
    0x76, 0x5b, 0x35, 0x53, 0x55, 0x5b, 0x76, 0x5b, 0x76, 0x63, 0x96, 0x63,
    0x3b, 0x9d, 0xfe, 0xbd, 0x78, 0x84, 0x79, 0x7c, 0xba, 0x84, 0x9a, 0x84,
    0x7d, 0x9d, 0x9e, 0xa5, 0x38, 0x74, 0xd7, 0x63, 0x96, 0x5b, 0x56, 0x5b,
    0x56, 0x53, 0x15, 0x4b, 0x34, 0x4b, 0x34, 0x4b, 0x96, 0x5b, 0x18, 0x6c,
    0x18, 0x74, 0x79, 0x7c, 0xd7, 0x5b, 0xf7, 0x63, 0x18, 0x64, 0x18, 0x64,
    0x58, 0x64, 0x59, 0x6c, 0xf8, 0x63, 0xb6, 0x53, 0x76, 0x53, 0x14, 0x4b,
    0x55, 0x53, 0x55, 0x4b, 0x55, 0x4b, 0x55, 0x53, 0x96, 0x63, 0x99, 0x84,
    0x1f, 0xa6, 0xfb, 0x7c, 0xf7, 0x5b, 0xb6, 0x53, 0xb6, 0x53, 0x55, 0x4b,
    0x75, 0x4b, 0x34, 0x43, 0x55, 0x4b, 0x34, 0x4b, 0x35, 0x4b, 0x55, 0x53,
    0x75, 0x5b, 0x59, 0x74, 0xff, 0xa5, 0x5d, 0x95, 0xb6, 0x5b, 0xd7, 0x63,
    0xb6, 0x5b, 0x94, 0x5b, 0xb4, 0x63, 0x93, 0x63, 0xd3, 0x63, 0x55, 0x74,
    0x76, 0x7c, 0x3a, 0x95, 0xbb, 0x9d, 0x3a, 0x8d, 0x37, 0x74, 0xd5, 0x63,
    0xf5, 0x6b, 0x16, 0x6c, 0x17, 0x6c, 0x17, 0x6c, 0xf7, 0x63, 0x16, 0x6c,
    0x55, 0x74, 0x9c, 0xa5, 0xdb, 0x8c, 0xf7, 0x73, 0xb3, 0x63, 0xd3, 0x63,
    0xd4, 0x6b, 0x34, 0x74, 0xf6, 0x6b, 0xb8, 0x63, 0xb7, 0x63, 0x16, 0x6c,
    0x36, 0x6c, 0xd6, 0x63, 0x38, 0x6c, 0x18, 0x6c, 0x18, 0x64, 0x18, 0x64,
    0xd7, 0x5b, 0xb6, 0x5b, 0x96, 0x5b, 0x96, 0x63, 0x76, 0x63, 0xb6, 0x6b,
    0x18, 0x7c, 0xfb, 0x94, 0x3c, 0xa5, 0xfe, 0xb5, 0xbd, 0xad, 0x3b, 0x95,
    0x3b, 0x95, 0x1b, 0x85, 0xba, 0x7c, 0x78, 0x74, 0x37, 0x6c, 0xd9, 0x84,
    0xbd, 0x9d, 0x9a, 0x7c, 0x96, 0x5b, 0x55, 0x53, 0x35, 0x53, 0x56, 0x53,
    0x35, 0x4b, 0x75, 0x53, 0x75, 0x53, 0x76, 0x63, 0xf7, 0x73, 0x78, 0x7c,
    0x39, 0x6c, 0x39, 0x6c, 0x18, 0x5c, 0x17, 0x5c, 0x18, 0x5c, 0xf7, 0x5b,
    0xd7, 0x5b, 0xb6, 0x53, 0x96, 0x53, 0x55, 0x4b, 0x14, 0x43, 0x55, 0x4b,
    0x76, 0x53, 0x75, 0x53, 0xd6, 0x5b, 0xda, 0x84, 0xde, 0x9d, 0x79, 0x6c,
    0xf7, 0x53, 0xd7, 0x53, 0xb7, 0x53, 0xd7, 0x53, 0x15, 0x43, 0x14, 0x43,
    0x15, 0x43, 0x14, 0x43, 0x14, 0x43, 0x14, 0x43, 0x54, 0x53, 0x16, 0x6c,
    0xde, 0x9d, 0x7d, 0x8d, 0xd7, 0x5b, 0xf7, 0x63, 0xb6, 0x5b, 0xf6, 0x84,
    0xff, 0xff, 0xff, 0xff, 0xff, 0xff, 0xff, 0xff, 0xff, 0xff, 0x18, 0xb6,
    0x5d, 0xdf, 0xff, 0xff, 0xda, 0xb5, 0x3b, 0xbe, 0xff, 0xff, 0xbf, 0xf7,
    0x15, 0x74, 0x9a, 0x84, 0xfa, 0x8c, 0x9e, 0xdf, 0xff, 0xff, 0x3f, 0xdf,
    0xba, 0xad, 0xff, 0xff, 0xff, 0xff, 0xff, 0xff, 0xff, 0xff, 0x3d, 0xd7,
    0xb4, 0x63, 0x5a, 0x74, 0x5a, 0x74, 0x57, 0x74, 0x37, 0x6c, 0xf6, 0x63,
    0xb5, 0x5b, 0xf7, 0x6b, 0xf7, 0x63, 0x17, 0x6c, 0x17, 0x6c, 0x58, 0x74,
    0x79, 0x7c, 0x5c, 0x9d, 0x9d, 0xa5, 0x5b, 0x9d, 0xba, 0x8c, 0xd7, 0x73,
    0x18, 0x7c, 0x99, 0x8c, 0x7c, 0xa5, 0xbd, 0xa5, 0xbb, 0x84, 0x39, 0x6c,
    0xf7, 0x63, 0x17, 0x64, 0x17, 0x6c, 0x16, 0x6c, 0x77, 0x74, 0xbd, 0x9d,
    0x3d, 0x95, 0xf8, 0x63, 0x96, 0x5b, 0x55, 0x53, 0x55, 0x53, 0x55, 0x53,
    0x96, 0x5b, 0x75, 0x5b, 0xf7, 0x6b, 0xb9, 0x7c, 0x17, 0x64, 0xf7, 0x63,
    0xf7, 0x5b, 0x18, 0x5c, 0xd7, 0x5b, 0xd7, 0x53, 0xb6, 0x53, 0x96, 0x4b,
    0x75, 0x4b, 0x55, 0x53, 0xb3, 0x3a, 0x55, 0x4b, 0x75, 0x53, 0x75, 0x53,
    0xd6, 0x63, 0x5c, 0x95, 0x7d, 0x95, 0xf7, 0x5b, 0xb6, 0x4b, 0xd7, 0x53,
    0xd7, 0x5b, 0xb7, 0x53, 0xb7, 0x53, 0x35, 0x4b, 0x55, 0x4b, 0x55, 0x4b,
    0x35, 0x4b, 0x55, 0x4b, 0x95, 0x5b, 0x37, 0x74, 0xda, 0x7c, 0xfb, 0x84,
    0xfc, 0x84, 0x59, 0x6c, 0xd6, 0x5b, 0x76, 0x74, 0x5a, 0xbe, 0xdb, 0xd6,
    0xff, 0xff, 0x3c, 0xdf, 0x3a, 0xbe, 0xf5, 0x94, 0x3d, 0xdf, 0xff, 0xff,
    0xd9, 0xad, 0x5a, 0xbe, 0xff, 0xff, 0xff, 0xff, 0x7c, 0xc6, 0x1e, 0xbe,
    0xdb, 0xb5, 0xff, 0xff, 0xfe, 0xff, 0x7c, 0xce, 0x34, 0x74, 0xff, 0xff,
    0xde, 0xf7, 0x39, 0xc6, 0x9c, 0xce, 0x7c, 0xc6, 0x77, 0x7c, 0x58, 0x74,
    0x79, 0x7c, 0x79, 0x7c, 0x79, 0x7c, 0x17, 0x74, 0xd6, 0x6b, 0x75, 0x5b,
    0xd6, 0x6b, 0x79, 0x7c, 0x9d, 0xa5, 0xde, 0xad, 0x9d, 0xa5, 0xba, 0x84,
    0x58, 0x74, 0xf6, 0x6b, 0x17, 0x6c, 0x18, 0x74, 0x39, 0x74, 0xfa, 0x8c,
    0xfa, 0x8c, 0x79, 0x7c, 0x59, 0x74, 0x18, 0x6c, 0xf7, 0x63, 0xb7, 0x5b,
    0xb7, 0x5b, 0xb6, 0x63, 0xd5, 0x63, 0xf7, 0x6b, 0x9a, 0x7c, 0x5d, 0x9d,
    0x5c, 0x9d, 0xba, 0x84, 0xf7, 0x6b, 0x55, 0x5b, 0x55, 0x5b, 0x55, 0x5b,
    0xb6, 0x6b, 0xb9, 0x84, 0x95, 0x53, 0xd6, 0x5b, 0xb6, 0x53, 0xb7, 0x53,
    0x96, 0x4b, 0x96, 0x4b, 0x76, 0x4b, 0x96, 0x4b, 0x96, 0x4b, 0x55, 0x4b,
    0x14, 0x43, 0xb3, 0x3a, 0xf4, 0x42, 0x55, 0x53, 0xb6, 0x63, 0xfa, 0x84,
    0x1b, 0x85, 0xba, 0x74, 0xba, 0x74, 0x9a, 0x74, 0x59, 0x64, 0x38, 0x64,
    0xb7, 0x53, 0x14, 0x43, 0x55, 0x4b, 0x55, 0x4b, 0x55, 0x4b, 0x55, 0x4b,
    0xb6, 0x63, 0x99, 0x7c, 0x79, 0x6c, 0x17, 0x64, 0x18, 0x64, 0x18, 0x6c,
    0x79, 0x74, 0xf7, 0x63, 0x74, 0x5b, 0xd6, 0x94, 0xff, 0xff, 0xd9, 0xb5,
    0x53, 0x5b, 0x73, 0x63, 0x3e, 0xdf, 0xff, 0xff, 0x78, 0xa5, 0x9b, 0xce,
    0xff, 0xff, 0xff, 0xff, 0x5e, 0xef, 0xd6, 0x94, 0x3a, 0xc6, 0xff, 0xff,
    0xff, 0xff, 0xbd, 0xd6, 0xd3, 0x6b, 0xff, 0xff, 0x9f, 0xef, 0xef, 0x5a,
    0x31, 0x63, 0xf4, 0x73, 0xb8, 0x84, 0x9c, 0x9d, 0x7c, 0x9d, 0x9d, 0xa5,
    0xbe, 0xad, 0xbe, 0xad, 0x7d, 0xa5, 0x7c, 0xa5, 0x7d, 0xa5, 0xff, 0xb5,
    0x3c, 0x95, 0x59, 0x7c, 0x38, 0x74, 0x7a, 0x7c, 0x9a, 0x7c, 0xba, 0x84,
    0x59, 0x74, 0x59, 0x74, 0x59, 0x74, 0x18, 0x74, 0x79, 0x7c, 0x38, 0x74,
    0x38, 0x6c, 0x18, 0x6c, 0xd7, 0x6b, 0xb7, 0x63, 0xb7, 0x63, 0xb7, 0x63,
    0xd6, 0x63, 0x17, 0x6c, 0x39, 0x74, 0x99, 0x84, 0xda, 0x8c, 0x3b, 0x95,
    0x7d, 0x9d, 0x7c, 0xa5, 0x7c, 0xa5, 0x7c, 0xa5, 0x9d, 0xad, 0xfe, 0xb5,
    0xb6, 0x5b, 0xd6, 0x5b, 0x96, 0x4b, 0x75, 0x4b, 0x75, 0x4b, 0x55, 0x43,
    0x35, 0x43, 0x55, 0x43, 0x75, 0x4b, 0x96, 0x53, 0x18, 0x64, 0x18, 0x64,
    0x9a, 0x7c, 0x99, 0x7c, 0x1b, 0x8d, 0x3b, 0x8d, 0xfb, 0x84, 0xfb, 0x84,
    0x3c, 0x85, 0x1b, 0x7d, 0xba, 0x74, 0x59, 0x64, 0xd7, 0x5b, 0x55, 0x4b,
    0x75, 0x4b, 0x55, 0x4b, 0x55, 0x4b, 0x75, 0x53, 0xd7, 0x63, 0x7a, 0x6c,
    0xb7, 0x5b, 0x95, 0x5b, 0x96, 0x53, 0xd7, 0x63, 0x94, 0x53, 0x77, 0x74,
    0x37, 0x6c, 0x78, 0xa5, 0xff, 0xff, 0x3b, 0xc6, 0xd7, 0x6b, 0xb4, 0x6b,
    0x1d, 0xdf, 0xff, 0xff, 0x54, 0x7c, 0xbc, 0xd6, 0xff, 0xff, 0x9e, 0xf7,
    0xff, 0xff, 0xb3, 0x94, 0xff, 0xff, 0x9e, 0xf7, 0xff, 0xff, 0x1e, 0xdf,
    0xd3, 0x7b, 0xff, 0xff, 0xff, 0xf7, 0xfc, 0xd6, 0x1d, 0xdf, 0xfb, 0xb5,
    0x58, 0x7c, 0xda, 0x84, 0x9d, 0xa5, 0x1f, 0xb6, 0xbe, 0xad, 0x9d, 0xa5,
    0x7d, 0xa5, 0x1c, 0x9d, 0xba, 0x84, 0x38, 0x74, 0x38, 0x74, 0x58, 0x74,
    0x18, 0x6c, 0x18, 0x6c, 0x39, 0x74, 0xfb, 0x8c, 0xfc, 0x8c, 0x9a, 0x7c,
    0x59, 0x6c, 0x39, 0x6c, 0x18, 0x64, 0x38, 0x6c, 0xf8, 0x63, 0xf8, 0x6b,
    0xd7, 0x63, 0xb7, 0x63, 0xb7, 0x63, 0xd7, 0x63, 0x17, 0x6c, 0x78, 0x74,
    0xda, 0x84, 0xba, 0x84, 0x38, 0x6c, 0xd6, 0x63, 0x95, 0x63, 0x17, 0x7c,
    0x3b, 0xa5, 0xdd, 0xad, 0x1b, 0x9d, 0xba, 0x84, 0x38, 0x6c, 0xd6, 0x63,
    0x18, 0x5c, 0xd7, 0x53, 0x76, 0x4b, 0x55, 0x43, 0x55, 0x43, 0x75, 0x4b,
    0x96, 0x4b, 0xb6, 0x53, 0xf7, 0x63, 0xda, 0x84, 0xbd, 0xa5, 0x7f, 0xbe,
    0x5f, 0xbe, 0xff, 0xad, 0x1f, 0xa6, 0xff, 0x9d, 0xbe, 0x95, 0x3c, 0x85,
    0x79, 0x6c, 0x18, 0x5c, 0xf7, 0x5b, 0xb6, 0x53, 0xb6, 0x53, 0x96, 0x53,
    0x55, 0x4b, 0x96, 0x53, 0x18, 0x74, 0x19, 0x64, 0xf9, 0x5b, 0x76, 0x53,
    0x96, 0x5b, 0x96, 0x53, 0x94, 0x53, 0x57, 0x6c, 0x58, 0x74, 0x78, 0xa5,
    0xff, 0xff, 0x7c, 0xce, 0x79, 0x7c, 0x77, 0x84, 0x5e, 0xe7, 0xff, 0xff,
    0x37, 0x9d, 0x3e, 0xe7, 0xff, 0xff, 0xdb, 0xd6, 0xff, 0xff, 0x1b, 0xdf,
    0xff, 0xff, 0xf7, 0xbd, 0xff, 0xf7, 0x9f, 0xef, 0xf2, 0x7b, 0xff, 0xff,
    0xfe, 0xf7, 0xdf, 0xf7, 0xff, 0xff, 0x7c, 0xc6, 0x59, 0x7c, 0xfe, 0xad,
    0x3f, 0xb6, 0xfb, 0x8c, 0x9a, 0x84, 0x79, 0x7c, 0x79, 0x7c, 0x17, 0x6c,
    0xf7, 0x6b, 0xf7, 0x6b, 0x59, 0x74, 0x59, 0x74, 0x79, 0x7c, 0x79, 0x7c,
    0xda, 0x84, 0x5c, 0x95, 0xbd, 0x9d, 0x7d, 0x9d, 0x3c, 0x8d, 0xfb, 0x84,
    0x58, 0x6c, 0xb6, 0x5b, 0xb7, 0x5b, 0xd7, 0x5b, 0xd7, 0x5b, 0xd7, 0x5b,
    0xd7, 0x5b, 0xf7, 0x63, 0x58, 0x6c, 0xb9, 0x74, 0xfb, 0x7c, 0x59, 0x6c,
    0x39, 0x64, 0xf7, 0x5b, 0xb6, 0x63, 0x34, 0x63, 0xde, 0xb5, 0x1a, 0x95,
    0xfb, 0x94, 0x1f, 0xae, 0xde, 0xa5, 0x3c, 0x8d, 0xda, 0x7c, 0xf7, 0x63,
    0x55, 0x53, 0x55, 0x4b, 0x55, 0x53, 0x35, 0x4b, 0x75, 0x53, 0x96, 0x5b,
    0x9a, 0x84, 0xff, 0xb5, 0xbe, 0xa5, 0xda, 0x84, 0x5d, 0x95, 0x5d, 0x95,
    0x99, 0x74, 0x17, 0x64, 0xf7, 0x5b, 0x38, 0x64, 0x79, 0x6c, 0x79, 0x6c,
    0x58, 0x64, 0xd6, 0x53, 0xb5, 0x53, 0x17, 0x64, 0x37, 0x64, 0x38, 0x64,
    0x9a, 0x7c, 0x9a, 0x74, 0x3a, 0x6c, 0xb7, 0x63, 0xd7, 0x63, 0xf7, 0x6b,
    0xb6, 0x63, 0x78, 0x7c, 0x38, 0x74, 0x78, 0xa5, 0xff, 0xff, 0xbd, 0xd6,
    0xbe, 0xa5, 0xdd, 0xad, 0xbf, 0xef, 0xff, 0xff, 0x1a, 0xbe, 0xbf, 0xf7,
    0xff, 0xff, 0xf9, 0xbd, 0xff, 0xff, 0xfe, 0xff, 0xff, 0xf7, 0xf7, 0x9c,
    0xde, 0xf7, 0xff, 0xf7, 0x32, 0x84, 0xff, 0xff, 0x9e, 0xef, 0x30, 0x63,
    0xb4, 0x73, 0x39, 0x9d, 0x3f, 0xb6, 0x1e, 0xae, 0xfa, 0x8c, 0x9a, 0x7c,
    0x79, 0x7c, 0x79, 0x7c, 0x79, 0x74, 0x38, 0x74, 0xf7, 0x6b, 0xf7, 0x63,
    0xd7, 0x63, 0x18, 0x6c, 0x79, 0x7c, 0x58, 0x7c, 0xb9, 0x8c, 0x3b, 0x9d,
    0x9d, 0xa5, 0xde, 0xad, 0xfe, 0xb5, 0xde, 0xb5, 0x5d, 0xa5, 0x9a, 0x7c,
    0xb7, 0x5b, 0x96, 0x5b, 0x75, 0x53, 0x96, 0x53, 0xb6, 0x5b, 0x17, 0x6c,
    0xb9, 0x7c, 0xfb, 0x84, 0x79, 0x74, 0x38, 0x64, 0xf8, 0x5b, 0xb7, 0x5b,
    0xb5, 0x63, 0xfb, 0x9c, 0x1e, 0xbe, 0x5f, 0xbe, 0x9d, 0xa5, 0x3a, 0x74,
    0x5c, 0x95, 0x9d, 0x9d, 0x9d, 0x9d, 0xff, 0xad, 0xde, 0xa5, 0x3b, 0x95,
    0xda, 0x84, 0x79, 0x7c, 0x9a, 0x84, 0x5c, 0x9d, 0x3f, 0xb6, 0xde, 0xa5,
    0x1b, 0x85, 0x99, 0x74, 0xfa, 0x7c, 0xfb, 0x7c, 0x79, 0x6c, 0xd6, 0x5b,
    0x95, 0x4b, 0x55, 0x4b, 0x34, 0x43, 0x95, 0x53, 0xd6, 0x5b, 0x99, 0x74,
    0xf7, 0x63, 0xf7, 0x63, 0x99, 0x74, 0x3c, 0x8d, 0x1c, 0x95, 0x99, 0x74,
    0x19, 0x6c, 0xf7, 0x6b, 0xd7, 0x63, 0xf7, 0x6b, 0xf8, 0x6b, 0x17, 0x74,
    0x58, 0x7c, 0x99, 0xad, 0xff, 0xff, 0x1e, 0xdf, 0xbe, 0x9d, 0x3a, 0x95,
    0x9e, 0xe7, 0xff, 0xff, 0x73, 0x84, 0xdf, 0xf7, 0xff, 0xff, 0x75, 0x84,
    0xdc, 0xd6, 0xff, 0xff, 0x3e, 0xdf, 0xb7, 0x8c, 0xbf, 0xef, 0xff, 0xff,
    0xb8, 0xad, 0xff, 0xff, 0xdf, 0xf7, 0x5b, 0xc6, 0x9c, 0xc6, 0x7c, 0xbe,
    0xda, 0x8c, 0xb9, 0x84, 0xb9, 0x7c, 0x99, 0x7c, 0x59, 0x74, 0x79, 0x7c,
    0x59, 0x74, 0x39, 0x74, 0x18, 0x6c, 0x39, 0x74, 0xd6, 0x63, 0x59, 0x74,
    0x38, 0x74, 0x58, 0x74, 0x99, 0x7c, 0xfa, 0x8c, 0x3c, 0x95, 0x5c, 0x9d,
    0x7d, 0xad, 0xbe, 0xbd, 0x1f, 0xc6, 0x5f, 0xbe, 0xde, 0xad, 0x9d, 0x9d,
    0x5c, 0x9d, 0x1b, 0x95, 0x3c, 0x95, 0x5c, 0x9d, 0x9c, 0xa5, 0x5c, 0x9d,
    0x99, 0x84, 0x17, 0x6c, 0xd6, 0x63, 0x75, 0x63, 0x5c, 0x9d, 0xde, 0xb5,
    0x9d, 0xa5, 0x9d, 0x95, 0x39, 0x6c, 0xb7, 0x5b, 0xdb, 0x84, 0x59, 0x74,
    0x37, 0x6c, 0x78, 0x74, 0xd9, 0x7c, 0xda, 0x8c, 0x1b, 0x95, 0xbd, 0xad,
    0x5f, 0xbe, 0x3f, 0xbe, 0x9d, 0xa5, 0x3b, 0x85, 0x1b, 0x7d, 0xb9, 0x6c,
    0x99, 0x74, 0xda, 0x7c, 0x9a, 0x6c, 0xf7, 0x5b, 0x96, 0x53, 0x55, 0x4b,
    0x54, 0x4b, 0x35, 0x4b, 0x55, 0x53, 0x75, 0x5b, 0x17, 0x74, 0x99, 0x84,
    0x7c, 0x9d, 0x5f, 0xbe, 0x5f, 0xc6, 0x7c, 0x9d, 0x59, 0x84, 0x17, 0x7c,
    0x17, 0x74, 0xf7, 0x73, 0x38, 0x74, 0x38, 0x7c, 0x3b, 0x95, 0x5c, 0xc6,
    0xff, 0xff, 0xdd, 0xd6, 0xda, 0x84, 0x98, 0x84, 0x7e, 0xe7, 0xff, 0xff,
    0x74, 0x8c, 0xff, 0xff, 0xff, 0xf7, 0x56, 0x84, 0x58, 0xa5, 0xff, 0xff,
    0x7c, 0xc6, 0xd9, 0x94, 0x9f, 0xe7, 0xff, 0xff, 0x77, 0xa5, 0xff, 0xff,
    0xff, 0xff, 0xff, 0xff, 0xff, 0xff, 0x3d, 0xd7, 0x33, 0x5b, 0xf7, 0x6b,
    0x58, 0x74, 0xbb, 0x7c, 0x9a, 0x7c, 0x58, 0x74, 0x59, 0x74, 0x39, 0x6c,
    0x18, 0x6c, 0xf7, 0x63, 0xd7, 0x63, 0x39, 0x74, 0x58, 0x74, 0x58, 0x74,
    0x99, 0x74, 0xda, 0x7c, 0xda, 0x7c, 0xba, 0x7c, 0xda, 0x8c, 0x1b, 0x9d,
    0xde, 0xbd, 0xde, 0xb5, 0x5b, 0x9d, 0x3b, 0x9d, 0x9c, 0xa5, 0x7c, 0x9d,
    0xda, 0x8c, 0x78, 0x7c, 0xd9, 0x8c, 0x3b, 0xa5, 0xde, 0xbd, 0xde, 0xb5,
    0x5c, 0xad, 0xde, 0xc5, 0x7d, 0xad, 0xd9, 0x8c, 0xde, 0x9d, 0x99, 0x6c,
    0xf8, 0x5b, 0xb7, 0x53, 0x3c, 0x8d, 0xfb, 0x84, 0x79, 0x74, 0x39, 0x6c,
    0x59, 0x74, 0x38, 0x6c, 0x38, 0x64, 0x37, 0x64, 0xb9, 0x74, 0x3b, 0x85,
    0x3c, 0x85, 0x5c, 0x85, 0xda, 0x7c, 0xfb, 0x7c, 0x78, 0x6c, 0xba, 0x7c,
    0x79, 0x74, 0x59, 0x6c, 0xf7, 0x63, 0xb6, 0x5b, 0x75, 0x5b, 0x76, 0x5b,
    0x76, 0x5b, 0x18, 0x74, 0x3a, 0x95, 0x1e, 0xb6, 0xfd, 0xad, 0x9c, 0xa5,
    0xdd, 0xad, 0x1e, 0xb6, 0x3e, 0xbe, 0xbd, 0xad, 0x9d, 0xa5, 0xbd, 0xad,
    0x7c, 0xa5, 0xbc, 0xad, 0x9d, 0xad, 0x1c, 0xb6, 0x3c, 0xbe, 0x9b, 0xa5,
    0xda, 0x8c, 0x37, 0x74, 0xd8, 0x8c, 0x17, 0x8d, 0x54, 0x7c, 0x18, 0x95,
    0xf8, 0x94, 0x77, 0x84, 0x3a, 0x9d, 0x1d, 0xbe, 0x1d, 0xbe, 0x3d, 0xbe,
    0x9e, 0xc6, 0xbe, 0xce, 0x79, 0xa5, 0x79, 0xa5, 0x78, 0x9d, 0x38, 0x95,
    0x17, 0x95, 0xb6, 0x84, 0x54, 0x5b, 0xd7, 0x63, 0x39, 0x6c, 0xba, 0x7c,
    0xda, 0x8c, 0xda, 0x8c, 0x9a, 0x84, 0x9a, 0x7c, 0x9a, 0x7c, 0x59, 0x74,
    0x79, 0x7c, 0xf7, 0x63, 0x78, 0x7c, 0x99, 0x7c, 0x58, 0x6c, 0x58, 0x64,
    0x17, 0x64, 0xf7, 0x5b, 0xf7, 0x6b, 0xba, 0x84, 0xda, 0x84, 0x58, 0x74,
    0x78, 0x7c, 0x58, 0x74, 0xda, 0x8c, 0x99, 0x7c, 0x38, 0x6c, 0xd6, 0x63,
    0xb7, 0x63, 0xd7, 0x6b, 0x18, 0x7c, 0x56, 0x8c, 0xdd, 0xcd, 0xbf, 0xd5,
    0x5d, 0xad, 0xfe, 0xa5, 0xbd, 0x95, 0x19, 0x64, 0xb7, 0x53, 0x97, 0x53,
    0x9d, 0x9d, 0x9d, 0x9d, 0x7d, 0x95, 0x58, 0x74, 0xda, 0x84, 0xfb, 0x7c,
    0xfb, 0x7c, 0xfb, 0x7c, 0xfa, 0x84, 0xfa, 0x84, 0x1b, 0x8d, 0xb9, 0x7c,
    0xb9, 0x7c, 0xda, 0x84, 0xfb, 0x84, 0xfa, 0x84, 0xdd, 0xa5, 0xfd, 0xa5,
    0xbc, 0xa5, 0x9c, 0xad, 0xbd, 0xad, 0x7d, 0xa5, 0x9d, 0xa5, 0xbd, 0xa5,
    0x7c, 0x95, 0x1a, 0x8d, 0x1a, 0x8d, 0x7c, 0x9d, 0xfa, 0x8c, 0x99, 0x7c,
    0x99, 0x7c, 0xb9, 0x84, 0x99, 0x7c, 0x18, 0x74, 0x17, 0x74, 0x16, 0x6c,
    0x16, 0x6c, 0x56, 0x6c, 0xd8, 0x7c, 0x1b, 0x8d, 0x9d, 0x9d, 0x7d, 0x95,
    0x78, 0x74, 0x18, 0x6c, 0x18, 0x6c, 0x18, 0x6c, 0x59, 0x7c, 0xdb, 0x94,
    0xfc, 0x94, 0x5d, 0xa5, 0x9a, 0x94, 0xba, 0x8c, 0x5c, 0x9d, 0x5c, 0x9d,
    0xfb, 0x94, 0xfb, 0x8c, 0xba, 0x84, 0x9a, 0x84, 0x9a, 0x84, 0x58, 0x7c,
    0x38, 0x74, 0x59, 0x7c, 0xb9, 0x84, 0x1b, 0x95, 0xde, 0xb5, 0x1f, 0xbe,
    0xff, 0xad, 0xbe, 0xa5, 0x9e, 0xa5, 0xbe, 0xa5, 0xde, 0xa5, 0xfe, 0xad,
    0x9c, 0x9d, 0xde, 0xa5, 0xbe, 0x9d, 0x3c, 0x8d, 0xba, 0x7c, 0x59, 0x6c,
    0x9a, 0x74, 0x9a, 0x74, 0x79, 0x74, 0x38, 0x6c, 0x18, 0x6c, 0x18, 0x64,
    0x59, 0x6c, 0x79, 0x74, 0x38, 0x6c, 0x17, 0x64, 0xf7, 0x63, 0x18, 0x74,
    0xd7, 0x73, 0x7b, 0xad, 0xdd, 0xb5, 0x18, 0x7c, 0x38, 0x7c, 0x79, 0x7c,
    0x3c, 0x8d, 0x1c, 0x8d, 0x59, 0x6c, 0xd7, 0x63, 0xb9, 0x84, 0xdd, 0xa5,
    0xde, 0xa5, 0x5c, 0x95, 0xde, 0xa5, 0xfe, 0xa5, 0x1e, 0xae, 0x3f, 0xb6,
    0x1f, 0xbe, 0x3f, 0xc6, 0x3f, 0xbe, 0x3e, 0xb6, 0xdd, 0xad, 0x7c, 0x9d,
    0x3b, 0x8d, 0xda, 0x7c, 0x79, 0x74, 0x58, 0x74, 0x38, 0x74, 0xba, 0x84,
    0xb9, 0x84, 0x37, 0x6c, 0x17, 0x6c, 0xf6, 0x63, 0x17, 0x64, 0x58, 0x6c,
    0x99, 0x74, 0x79, 0x74, 0xba, 0x7c, 0x99, 0x74, 0xfa, 0x84, 0x7c, 0x95,
    0x3b, 0x8d, 0xba, 0x7c, 0xda, 0x7c, 0xfb, 0x7c, 0xda, 0x7c, 0xfa, 0x7c,
    0x1b, 0x85, 0x5d, 0x95, 0x3c, 0x95, 0x9e, 0x9d, 0xde, 0xa5, 0x9d, 0x9d,
    0xfb, 0x84, 0xfa, 0x84, 0x1b, 0x8d, 0xb9, 0x84, 0xba, 0x84, 0xfa, 0x8c,
    0x38, 0x74, 0x79, 0x7c, 0x99, 0x7c, 0x79, 0x74, 0x79, 0x74, 0x99, 0x7c,
    0xdb, 0x84, 0x1b, 0x8d, 0x7d, 0x9d, 0x7e, 0x9d, 0x7d, 0x9d, 0x1b, 0x95,
    0x1e, 0xbe, 0x3f, 0xc6, 0xde, 0xad, 0xfa, 0x8c, 0x79, 0x74, 0x58, 0x74,
    0x58, 0x74, 0x37, 0x74, 0x57, 0x74, 0xfa, 0x84, 0x5b, 0x95, 0x79, 0x7c,
    0x59, 0x6c, 0xba, 0x7c, 0x9a, 0x7c, 0xba, 0x7c, 0xfb, 0x84, 0xfb, 0x7c,
    0xbb, 0x74, 0x7a, 0x6c, 0x9a, 0x74, 0x9a, 0x74, 0x39, 0x6c, 0x38, 0x64,
    0x38, 0x6c, 0x38, 0x6c, 0x79, 0x74, 0x79, 0x84, 0x9d, 0xad, 0x9d, 0xa5,
    0xb6, 0x5b, 0xb6, 0x53, 0x76, 0x53, 0x96, 0x63, 0x55, 0x5b, 0x38, 0x74,
    0xfb, 0x84, 0xfb, 0x84, 0x9c, 0x95, 0x1f, 0xae, 0xde, 0xa5, 0x3b, 0x8d,
    0x1b, 0x85, 0x99, 0x74, 0x78, 0x74, 0x58, 0x74, 0x58, 0x7c, 0x79, 0x8c,
    0xba, 0x94, 0x9d, 0xad, 0x5f, 0xbe, 0xfe, 0xad, 0xfa, 0x84, 0x58, 0x64,
    0x96, 0x53, 0xd7, 0x5b, 0xd7, 0x5b, 0x17, 0x64, 0x38, 0x6c, 0xf7, 0x5b,
    0xf6, 0x5b, 0xd6, 0x5b, 0xf6, 0x5b, 0x17, 0x64, 0x17, 0x64, 0xd6, 0x5b,
    0x37, 0x64, 0x58, 0x6c, 0xfa, 0x84, 0xfe, 0xa5, 0xde, 0x9d, 0x9d, 0x95,
    0x9d, 0x9d, 0x5d, 0x95, 0x3d, 0x95, 0x3c, 0x95, 0x3c, 0x95, 0x3c, 0x95,
    0xbe, 0xad, 0xde, 0xad, 0xfe, 0xb5, 0x1f, 0xbe, 0x5f, 0xbe, 0xfe, 0xb5,
    0x7c, 0x9d, 0xde, 0xa5, 0x3b, 0x95, 0x99, 0x7c, 0xd6, 0x63, 0xf6, 0x63,
    0x79, 0x74, 0x58, 0x74, 0x38, 0x6c, 0x38, 0x6c, 0x38, 0x6c, 0x78, 0x74,
    0x3b, 0x95, 0x1f, 0xb6, 0x1f, 0xb6, 0x3f, 0xbe, 0x9d, 0xa5, 0x3c, 0x9d,
    0x9a, 0x7c, 0x58, 0x6c, 0xd7, 0x63, 0xd7, 0x63, 0xd6, 0x5b, 0x37, 0x6c,
    0x57, 0x6c, 0xda, 0x84, 0xb9, 0x84, 0x38, 0x6c, 0x96, 0x53, 0xb6, 0x5b,
    0xb6, 0x5b, 0xb6, 0x5b, 0xd7, 0x63, 0xf8, 0x63, 0x38, 0x6c, 0x9a, 0x7c,
    0xbb, 0x7c, 0xdb, 0x84, 0x9a, 0x7c, 0x38, 0x74, 0x59, 0x74, 0xba, 0x84,
    0x7d, 0xa5, 0xff, 0xb5, 0xdf, 0xb5, 0x59, 0x74, 0x17, 0x64, 0xd6, 0x53,
    0x96, 0x53, 0x96, 0x5b, 0xb6, 0x63, 0x75, 0x53, 0xd6, 0x63, 0xf7, 0x63,
    0x1e, 0xa6, 0x1f, 0xa6, 0xde, 0x9d, 0x1b, 0x85, 0xb9, 0x6c, 0x58, 0x6c,
    0x58, 0x6c, 0x59, 0x6c, 0x58, 0x6c, 0x38, 0x74, 0x17, 0x74, 0x59, 0x84,
    0xfb, 0x94, 0x5c, 0x9d, 0x1b, 0x8d, 0x9a, 0x74, 0xf7, 0x63, 0xd7, 0x5b,
    0xd7, 0x5b, 0x17, 0x5c, 0x18, 0x64, 0x17, 0x64, 0xd7, 0x5b, 0x18, 0x64,
    0x37, 0x64, 0x58, 0x6c, 0x38, 0x6c, 0x58, 0x6c, 0xf6, 0x63, 0xb9, 0x7c,
    0x9c, 0x9d, 0xfe, 0xad, 0x1f, 0xae, 0x7d, 0x9d, 0x79, 0x7c, 0x18, 0x6c,
    0xf8, 0x6b, 0xf7, 0x6b, 0xf7, 0x6b, 0x18, 0x6c, 0xd6, 0x63, 0x57, 0x74,
    0x99, 0x7c, 0xda, 0x8c, 0x1b, 0x95, 0xde, 0xad, 0x1f, 0xbe, 0x5f, 0xc6,
    0xbd, 0xad, 0x3b, 0x9d, 0xfb, 0x8c, 0x17, 0x74, 0x9a, 0x84, 0xdb, 0x8c,
    0xba, 0x8c, 0xba, 0x84, 0xfb, 0x8c, 0x3c, 0x95, 0x9d, 0xa5, 0x5f, 0xbe,
    0x3f, 0xbe, 0x1f, 0xb6, 0x78, 0x74, 0x58, 0x74, 0x18, 0x6c, 0x19, 0x6c,
    0xd8, 0x63, 0xd7, 0x63, 0xd6, 0x63, 0x17, 0x6c, 0x99, 0x7c, 0xdb, 0x84,
    0xda, 0x84, 0x9a, 0x7c, 0x9a, 0x74, 0xb7, 0x5b, 0xd7, 0x63, 0xb6, 0x5b,
    0x96, 0x5b, 0x96, 0x5b, 0xd7, 0x63, 0x58, 0x74, 0xfb, 0x84, 0xda, 0x84,
    0xda, 0x8c, 0x3b, 0x95, 0xbd, 0xa5, 0xbe, 0xa5, 0x1b, 0x8d, 0xfb, 0x8c,
    0xff, 0xad, 0x1f, 0x9e, 0x7d, 0x95, 0x9a, 0x7c, 0x5a, 0x7c, 0x79, 0x74,
    0x79, 0x74, 0x99, 0x7c, 0xba, 0x7c, 0xba, 0x7c, 0x1b, 0x85, 0xda, 0x7c,
    0xda, 0x7c, 0xfa, 0x7c, 0x59, 0x6c, 0xba, 0x74, 0x59, 0x6c, 0x39, 0x6c,
    0x38, 0x6c, 0x19, 0x6c, 0x39, 0x74, 0x59, 0x7c, 0x79, 0x84, 0xd9, 0x84,
    0xba, 0x7c, 0x9a, 0x74, 0x58, 0x6c, 0x38, 0x6c, 0x58, 0x74, 0x79, 0x74,
    0x79, 0x74, 0x99, 0x7c, 0xb9, 0x7c, 0xb9, 0x7c, 0x7c, 0x8d, 0x9d, 0x95,
    0x3c, 0x8d, 0x1b, 0x85, 0xba, 0x7c, 0x7d, 0x9d, 0xde, 0xad, 0x1f, 0xbe,
    0xfe, 0xad, 0xfb, 0x84, 0x79, 0x74, 0x18, 0x6c, 0xd7, 0x63, 0xf7, 0x63,
    0xf7, 0x6b, 0xf7, 0x63, 0xb6, 0x63, 0xb6, 0x63, 0xf7, 0x6b, 0x17, 0x6c,
    0x58, 0x74, 0x99, 0x84, 0x99, 0x8c, 0x99, 0x8c, 0xfb, 0x9c, 0x3f, 0xce,
    0x1f, 0xc6, 0x3f, 0xce, 0x3f, 0xc6, 0x3f, 0xc6, 0x1e, 0xbe, 0xbe, 0xad,
    0x9d, 0xa5, 0x5c, 0x9d, 0xfb, 0x94, 0xdb, 0x8c, 0xba, 0x8c, 0x3c, 0x9d,
    0xbd, 0x9d, 0x99, 0x74, 0x9a, 0x74, 0xf8, 0x63, 0xf8, 0x63, 0xb7, 0x5b,
    0xf7, 0x63, 0x18, 0x64, 0x99, 0x7c, 0x99, 0x7c, 0xb9, 0x7c, 0x99, 0x7c,
    0xda, 0x84, 0x1b, 0x8d, 0x58, 0x74, 0xba, 0x84, 0x38, 0x74, 0x38, 0x74,
    0x79, 0x74, 0x99, 0x7c, 0xb9, 0x84, 0x99, 0x8c, 0x1b, 0x95, 0xfe, 0xad,
    0xfa, 0x84, 0x79, 0x7c, 0xda, 0x84, 0x3c, 0x8d, 0x38, 0x6c, 0xb6, 0x5b,
    0xb6, 0x5b, 0x39, 0x74, 0x39, 0x74, 0xba, 0x84, 0x3c, 0x8d, 0x9d, 0x9d,
    0x1c, 0x8d, 0x9a, 0x7c, 0x38, 0x64, 0x17, 0x64, 0x79, 0x74, 0x59, 0x6c,
    0x99, 0x74, 0x59, 0x6c, 0x59, 0x74, 0x59, 0x6c, 0x38, 0x6c, 0x19, 0x6c,
    0x19, 0x6c, 0x18, 0x6c, 0x78, 0x7c, 0xb9, 0x84, 0x9a, 0x7c, 0x7a, 0x74,
    0x9a, 0x7c, 0x9a, 0x74, 0xdb, 0x84, 0xda, 0x84, 0xda, 0x84, 0x1b, 0x8d,
    0x7c, 0x9d, 0x5f, 0xb6, 0x9f, 0xb6, 0xff, 0xa5, 0x9d, 0x95, 0x1b, 0x85,
    0xfb, 0x84, 0x3b, 0x8d, 0xde, 0xad, 0xff, 0xb5, 0xbe, 0xa5, 0x1b, 0x8d,
    0x9a, 0x74, 0x7a, 0x74, 0x18, 0x6c, 0x18, 0x6c, 0xf7, 0x63, 0xf7, 0x63,
    0xd7, 0x63, 0x96, 0x5b, 0xd7, 0x63, 0x17, 0x6c, 0x38, 0x6c, 0x58, 0x7c,
    0x79, 0x84, 0xda, 0x94, 0xde, 0xad, 0xba, 0x8c, 0x18, 0x84, 0x99, 0x8c,
    0xd9, 0x8c, 0x98, 0x84, 0x99, 0x8c, 0x1c, 0x95, 0xba, 0x84, 0xdb, 0x84,
    0xba, 0x84, 0x38, 0x74, 0x18, 0x74, 0xf7, 0x6b, 0x58, 0x74, 0xba, 0x84,
    0x99, 0x7c, 0x3c, 0x8d, 0xdb, 0x84, 0xba, 0x7c, 0x9a, 0x7c, 0x99, 0x7c,
    0x99, 0x7c, 0x99, 0x7c, 0x78, 0x7c, 0x99, 0x84, 0xb9, 0x84, 0xb9, 0x84,
    0xfb, 0x8c, 0x9a, 0x84, 0x9d, 0xa5, 0xfb, 0x94, 0xfb, 0x8c, 0xfb, 0x8c,
    0xda, 0x94, 0x9d, 0xad, 0x5f, 0xc6, 0x5c, 0x9d, 0x5c, 0x95, 0x3c, 0x95,
    0xba, 0x7c, 0x59, 0x74, 0xb6, 0x5b, 0x96, 0x5b, 0x96, 0x5b, 0x76, 0x5b,
    0xb7, 0x63, 0x79, 0x7c, 0x1b, 0x8d, 0xba, 0x7c, 0xf7, 0x63, 0xb7, 0x5b,
    0xb6, 0x53, 0xd7, 0x5b, 0x17, 0x64, 0x18, 0x64, 0x38, 0x6c, 0x18, 0x64,
    0x39, 0x6c, 0x59, 0x6c, 0x38, 0x6c, 0xf8, 0x63, 0x18, 0x64, 0xf8, 0x63,
    0x37, 0x6c, 0x99, 0x7c, 0x9a, 0x7c, 0xdc, 0x84, 0xbb, 0x7c, 0x9b, 0x7c,
    0x7a, 0x7c, 0x99, 0x7c, 0xda, 0x84, 0x7d, 0x9d, 0x5f, 0xb6, 0xbd, 0xa5,
    0xfa, 0x84, 0x99, 0x74, 0x58, 0x6c, 0x78, 0x6c, 0x99, 0x74, 0x78, 0x6c,
    0x5b, 0x95, 0xbd, 0xa5, 0x7d, 0x9d, 0xfb, 0x84, 0x9a, 0x74, 0x7a, 0x74,
    0x7a, 0x74, 0x38, 0x6c, 0xf8, 0x63, 0xd7, 0x63, 0xf8, 0x63, 0xd7, 0x5b,
    0xb6, 0x5b, 0xd7, 0x63, 0xf7, 0x63, 0x58, 0x74, 0xda, 0x84, 0xbe, 0xa5,
    0xba, 0x74, 0x18, 0x64, 0xf7, 0x6b, 0x57, 0x74, 0xd9, 0x84, 0x57, 0x74,
    0x58, 0x74, 0xf8, 0x6b, 0x38, 0x6c, 0x18, 0x6c, 0xf7, 0x6b, 0x38, 0x74,
    0x59, 0x7c, 0x9a, 0x84, 0xba, 0x84, 0xfb, 0x8c, 0x1b, 0x95, 0xf6, 0x6b,
    0xda, 0x8c, 0xfa, 0x94, 0x3b, 0x9d, 0xbd, 0xad, 0x1f, 0xb6, 0xff, 0xbd,
    0xfe, 0xbd, 0xfe, 0xb5, 0xde, 0xb5, 0x7c, 0xa5, 0xbd, 0xad, 0x9e, 0xa5,
    0xba, 0x84, 0xda, 0x8c, 0xfb, 0x8c, 0x3c, 0x9d, 0xde, 0xbd, 0xfe, 0xbd,
    0x5c, 0x9d, 0x7c, 0x9d, 0x9d, 0x9d, 0x1f, 0xae, 0x9d, 0x9d, 0x38, 0x6c,
    0xf8, 0x6b, 0x75, 0x53, 0x76, 0x5b, 0x56, 0x53, 0x76, 0x5b, 0xf7, 0x63,
    0xda, 0x7c, 0xb9, 0x7c, 0xf7, 0x63, 0xb7, 0x53, 0xd6, 0x5b, 0xb6, 0x5b,
    0xd6, 0x5b, 0xd7, 0x5b, 0xf8, 0x63, 0xd7, 0x63, 0xd7, 0x63, 0xf7, 0x63,
    0x17, 0x64, 0x38, 0x6c, 0x38, 0x6c, 0x38, 0x6c, 0x7a, 0x74, 0xbb, 0x7c,
    0xfb, 0x8c, 0x1c, 0x95, 0xfc, 0x8c, 0x99, 0x74, 0x79, 0x74, 0xdb, 0x84,
    0x3c, 0x8d, 0x7c, 0x95, 0xda, 0x84, 0x59, 0x74, 0x18, 0x6c, 0x17, 0x64,
    0x17, 0x64, 0xf6, 0x5b, 0x57, 0x6c, 0x98, 0x74, 0x36, 0x6c, 0xd9, 0x8c,
    0xfb, 0x8c, 0xfb, 0x84, 0xdb, 0x7c, 0x99, 0x7c, 0x78, 0x74, 0x79, 0x74,
    0x39, 0x74, 0x38, 0x6c, 0x18, 0x6c, 0xd7, 0x6b, 0xb6, 0x63, 0x18, 0x6c,
    0x58, 0x74, 0x5b, 0x95, 0xde, 0xa5, 0x39, 0x6c, 0xd7, 0x5b, 0xb6, 0x5b,
    0xb6, 0x63, 0xd7, 0x6b, 0x58, 0x74, 0x79, 0x7c, 0x18, 0x6c, 0x39, 0x6c,
    0xd7, 0x63, 0xd7, 0x63, 0x39, 0x74, 0xf8, 0x6b, 0xb6, 0x63, 0xfa, 0x8c,
    0x9d, 0xa5, 0x9d, 0xa5, 0xff, 0xb5, 0x3f, 0xbe, 0xfa, 0x94, 0x3c, 0x9d,
    0xba, 0x94, 0xba, 0x94, 0xdb, 0x94, 0x3c, 0x9d, 0xdb, 0x94, 0x99, 0x84,
    0x98, 0x84, 0x78, 0x7c, 0x59, 0x7c, 0x5a, 0x7c, 0x7b, 0x84, 0x18, 0x74,
    0x9a, 0x84, 0x79, 0x84, 0x9d, 0xad, 0x1e, 0xbe, 0x99, 0x84, 0x17, 0x6c,
    0x17, 0x6c, 0x38, 0x74, 0xda, 0x84, 0x9d, 0x9d, 0x3b, 0x8d, 0x18, 0x6c,
    0x76, 0x53, 0x35, 0x53, 0x76, 0x53, 0x96, 0x5b, 0x59, 0x74, 0x1c, 0x8d,
    0x18, 0x6c, 0x96, 0x5b, 0xd6, 0x5b, 0xd6, 0x5b, 0xb6, 0x5b, 0xb7, 0x5b,
    0xb7, 0x63, 0xd7, 0x63, 0x97, 0x5b, 0xd7, 0x63, 0x18, 0x6c, 0x38, 0x6c,
    0x38, 0x6c, 0x9a, 0x7c, 0x9a, 0x7c, 0x5c, 0x9d, 0x1f, 0xbe, 0x3f, 0xc6,
    0x7d, 0xad, 0xdb, 0x8c, 0x5d, 0x9d, 0x1c, 0x8d, 0xfb, 0x84, 0x98, 0x74,
    0x18, 0x64, 0xf8, 0x63, 0xf8, 0x63, 0xd7, 0x63, 0xd7, 0x63, 0xf7, 0x63,
    0xd7, 0x63, 0xd6, 0x63, 0x17, 0x6c, 0xba, 0x84, 0x99, 0x7c, 0xda, 0x84,
    0xdb, 0x7c, 0xda, 0x84, 0x99, 0x7c, 0x99, 0x7c, 0x99, 0x7c, 0x99, 0x7c,
    0x99, 0x7c, 0x79, 0x84, 0x59, 0x84, 0xba, 0x8c, 0xfe, 0xb5, 0x9c, 0x9d,
    0x38, 0x6c, 0x19, 0x6c, 0xf7, 0x63, 0xd7, 0x63, 0xd7, 0x63, 0xd7, 0x63,
    0xf7, 0x6b, 0x38, 0x74, 0xf7, 0x63, 0x18, 0x6c, 0x18, 0x6c, 0x18, 0x6c,
    0xd7, 0x63, 0x39, 0x74, 0x1b, 0x8d, 0x5b, 0x9d, 0xb9, 0x84, 0x3c, 0x95,
    0xdf, 0xad, 0xdb, 0x8c, 0xf7, 0x6b, 0x75, 0x5b, 0x96, 0x63, 0x75, 0x5b,
    0x96, 0x63, 0x96, 0x63, 0xf7, 0x6b, 0x18, 0x6c, 0x58, 0x74, 0x78, 0x7c,
    0x38, 0x74, 0xf8, 0x6b, 0xd8, 0x6b, 0xf7, 0x6b, 0x96, 0x63, 0xd7, 0x6b,
    0xd5, 0x6b, 0xfe, 0xb5, 0xbe, 0xa5, 0x5d, 0x95, 0xfb, 0x84, 0x99, 0x7c,
    0x79, 0x7c, 0x58, 0x74, 0x99, 0x7c, 0x1c, 0x8d, 0xfb, 0x8c, 0xba, 0x7c,
    0xb6, 0x5b, 0x55, 0x53, 0x75, 0x5b, 0x59, 0x7c, 0xfb, 0x8c, 0xb6, 0x63,
    0xd7, 0x5b, 0xd7, 0x5b, 0xb7, 0x5b, 0xb7, 0x5b, 0xb7, 0x5b, 0xb7, 0x5b,
    0xf7, 0x63, 0xd7, 0x63, 0x17, 0x6c, 0x79, 0x74, 0xfb, 0x8c, 0xbe, 0xa5,
    0xff, 0xad, 0xde, 0xad, 0x7c, 0xa5, 0x7d, 0xad, 0x3f, 0xce, 0x5f, 0xce,
    0x1f, 0xb6, 0x1c, 0x8d, 0x99, 0x74, 0x38, 0x64, 0xf7, 0x5b, 0xf8, 0x5b,
    0xd7, 0x5b, 0xd8, 0x63, 0xf8, 0x63, 0xf8, 0x6b, 0x18, 0x6c, 0x59, 0x74,
    0x99, 0x7c, 0x9a, 0x84, 0xda, 0x84, 0x9a, 0x7c, 0xba, 0x7c, 0xba, 0x7c,
    0xb9, 0x84, 0xfa, 0x84, 0xfa, 0x84, 0x1a, 0x8d, 0x5c, 0x9d, 0xfe, 0xb5,
    0x7f, 0xce, 0x1f, 0xc6, 0x9d, 0xb5, 0xfa, 0x8c, 0x59, 0x6c, 0x39, 0x6c,
    0xf7, 0x63, 0xd7, 0x63, 0xf7, 0x63, 0xd7, 0x63, 0xf7, 0x6b, 0x38, 0x74,
    0x59, 0x74, 0x38, 0x6c, 0x59, 0x74, 0xf7, 0x63, 0x18, 0x6c, 0xfb, 0x84,
    0x5c, 0x9d, 0x99, 0x84, 0x3b, 0x95, 0x3f, 0xb6, 0xfb, 0x84, 0x59, 0x74,
    0xd8, 0x63, 0x76, 0x53, 0x96, 0x5b, 0x76, 0x5b, 0x76, 0x5b, 0x96, 0x5b,
    0xb7, 0x63, 0xd6, 0x63, 0x17, 0x6c, 0x98, 0x7c, 0x38, 0x74, 0xd8, 0x6b,
    0xb7, 0x63, 0xb7, 0x63, 0xb6, 0x63, 0xf7, 0x6b, 0x57, 0x74, 0xbd, 0xad,
    0xba, 0x84, 0xba, 0x7c, 0x3c, 0x95, 0xbd, 0xa5, 0xde, 0xa5, 0x9d, 0x9d,
    0xdb, 0x84, 0x18, 0x6c, 0xd6, 0x63, 0xd6, 0x63, 0xba, 0x7c, 0xbe, 0x9d,
    0x7c, 0x95, 0x5c, 0x9d, 0x9c, 0xa5, 0x7c, 0xa5, 0xf8, 0x63, 0xd7, 0x63,
    0xd7, 0x63, 0xd7, 0x63, 0xf7, 0x63, 0x17, 0x64, 0x38, 0x6c, 0xf7, 0x6b,
    0x7c, 0x95, 0xff, 0xad, 0xde, 0xa5, 0xfb, 0x8c, 0x79, 0x7c, 0x59, 0x7c,
    0x79, 0x7c, 0x1b, 0x95, 0xbd, 0xa5, 0x9d, 0xa5, 0x7d, 0x9d, 0xff, 0xa5,
    0x9e, 0x9d, 0xbb, 0x7c, 0x79, 0x74, 0x18, 0x64, 0xf7, 0x63, 0xf7, 0x63,
    0xf8, 0x6b, 0x18, 0x6c, 0x18, 0x6c, 0x58, 0x74, 0xda, 0x84, 0xfb, 0x8c,
    0xda, 0x84, 0xba, 0x7c, 0x99, 0x7c, 0x99, 0x7c, 0xb9, 0x84, 0x1b, 0x8d,
    0xbd, 0xa5, 0x5f, 0xb6, 0x5f, 0xbe, 0xdd, 0xb5, 0x9c, 0xa5, 0x9d, 0xad,
    0x7c, 0xa5, 0xff, 0xad, 0x7d, 0x95, 0xda, 0x84, 0x58, 0x6c, 0xf7, 0x63,
    0xd7, 0x63, 0xd7, 0x63, 0xf7, 0x6b, 0xf7, 0x6b, 0x38, 0x74, 0x18, 0x6c,
    0x38, 0x74, 0x38, 0x74, 0xda, 0x84, 0x1a, 0x8d, 0x38, 0x7c, 0xb9, 0x94,
    0x3f, 0xb6, 0x7d, 0x9d, 0xfb, 0x84, 0x59, 0x6c, 0xd8, 0x5b, 0xd7, 0x63,
    0x35, 0x4b, 0x76, 0x53, 0x76, 0x5b, 0x96, 0x5b, 0x96, 0x5b, 0xb6, 0x5b,
    0xf7, 0x63, 0x78, 0x74, 0x79, 0x7c, 0xf8, 0x6b, 0xb7, 0x63, 0xd7, 0x63,
    0xb7, 0x63, 0xd7, 0x63, 0x78, 0x7c, 0xdd, 0xad, 0xba, 0x84, 0x9a, 0x74,
    0x79, 0x84, 0x1b, 0xa5, 0x3e, 0xb6, 0x3f, 0xb6, 0xbf, 0xa5, 0x1d, 0x8d,
    0x9a, 0x7c, 0x1b, 0x8d, 0x7e, 0x9d, 0xfb, 0x84, 0x58, 0x74, 0x78, 0x7c,
    0x1b, 0x8d, 0xde, 0xad, 0x7d, 0x95, 0x3c, 0x8d, 0x7d, 0x95, 0x9d, 0x95,
    0xbe, 0x9d, 0x1f, 0xae, 0x5f, 0xbe, 0x1f, 0xb6, 0xbd, 0x9d, 0xbe, 0xa5,
    0x5c, 0x95, 0x7c, 0x8d, 0x9d, 0x95, 0xbe, 0x9d, 0xde, 0xa5, 0x5c, 0x95,
    0xda, 0x7c, 0xda, 0x7c, 0x99, 0x74, 0xbb, 0x84, 0x5d, 0x95, 0xff, 0xa5,
    0x5d, 0x95, 0x9a, 0x74, 0x59, 0x6c, 0x39, 0x6c, 0x19, 0x6c, 0x18, 0x6c,
    0x59, 0x74, 0xba, 0x84, 0xfb, 0x8c, 0xfb, 0x8c, 0xdb, 0x84, 0x9a, 0x7c,
    0x99, 0x7c, 0x99, 0x7c, 0xda, 0x8c, 0x3c, 0x95, 0x1f, 0xb6, 0x5c, 0x9d,
    0xda, 0x8c, 0x99, 0x84, 0x98, 0x7c, 0x78, 0x7c, 0x57, 0x7c, 0xd9, 0x8c,
    0x3b, 0x95, 0x7c, 0x9d, 0x3c, 0x95, 0xda, 0x84, 0x59, 0x74, 0x59, 0x74,
    0x38, 0x74, 0x58, 0x7c, 0xba, 0x8c, 0x3c, 0x9d, 0x1b, 0x95, 0x5c, 0x9d,
    0x1b, 0x95, 0xba, 0x8c, 0x5c, 0xad, 0x3f, 0xc6, 0x3f, 0xb6, 0xff, 0xad,
    0x9e, 0x95, 0xdb, 0x84, 0x5a, 0x74, 0xd7, 0x63, 0x76, 0x5b, 0x96, 0x5b,
    0x96, 0x5b, 0x96, 0x5b, 0x96, 0x5b, 0x96, 0x5b, 0xf6, 0x63, 0x37, 0x74,
    0xba, 0x7c, 0x18, 0x6c, 0xb7, 0x63, 0xd7, 0x63, 0xb7, 0x63, 0x96, 0x5b,
    0x78, 0x7c, 0xdd, 0xa5, 0x99, 0x7c, 0x18, 0x64, 0x38, 0x74, 0xba, 0x94,
    0xbc, 0xa5, 0x1e, 0xae, 0x7e, 0x9d, 0x1d, 0x8d, 0x1c, 0x8d, 0xbd, 0x9d,
    0xbb, 0x84, 0xd7, 0x63, 0x17, 0x6c, 0x17, 0x6c, 0x79, 0x74, 0x5d, 0x95,
    0x1b, 0x85, 0x3b, 0x8d, 0x5c, 0x8d, 0x5b, 0x8d, 0x3b, 0x8d, 0xda, 0x84,
    0x37, 0x74, 0x38, 0x74, 0xda, 0x84, 0x3b, 0x8d, 0x7c, 0x8d, 0x7c, 0x8d,
    0x5c, 0x8d, 0x3c, 0x8d, 0xfb, 0x84, 0xfb, 0x84, 0xda, 0x7c, 0xba, 0x74,
    0xda, 0x7c, 0x58, 0x6c, 0x99, 0x7c, 0xdb, 0x84, 0xbd, 0x9d, 0xde, 0x9d,
    0x5d, 0x8d, 0xdb, 0x84, 0x9a, 0x7c, 0x79, 0x74, 0x59, 0x74, 0x9a, 0x7c,
    0x3c, 0x95, 0x5d, 0x95, 0xba, 0x7c, 0xba, 0x7c, 0xba, 0x7c, 0x79, 0x7c,
    0x9d, 0x9d, 0x1f, 0xae, 0x1b, 0x8d, 0x99, 0x7c, 0x79, 0x74, 0x38, 0x6c,
    0x17, 0x6c, 0x17, 0x6c, 0xd6, 0x63, 0x58, 0x74, 0x99, 0x7c, 0xba, 0x84,
    0x3b, 0x8d, 0x3c, 0x95, 0x3c, 0x95, 0x3c, 0x8d, 0x3c, 0x9d, 0x9d, 0xad,
    0x1e, 0xbe, 0x5f, 0xbe, 0xbd, 0xb5, 0xfe, 0xbd, 0x3f, 0xc6, 0xde, 0xbd,
    0x3c, 0x9d, 0xb9, 0x84, 0x99, 0x7c, 0x58, 0x74, 0x79, 0x74, 0x9a, 0x7c,
    0x9b, 0x7c, 0xbb, 0x7c, 0x9a, 0x7c, 0xf7, 0x6b, 0xf8, 0x6b, 0xf8, 0x6b,
    0xd8, 0x63, 0xf7, 0x63, 0xf7, 0x6b, 0x57, 0x74, 0xba, 0x84, 0x79, 0x74,
    0xd7, 0x63, 0x76, 0x5b, 0x76, 0x5b, 0x96, 0x63, 0x78, 0x7c, 0xdd, 0xa5,
    0x99, 0x7c, 0x79, 0x6c, 0x99, 0x7c, 0xfb, 0x94, 0xbe, 0xa5, 0x9d, 0x95,
    0xbb, 0x7c, 0x79, 0x7c, 0xfa, 0x8c, 0xbd, 0x9d, 0x9b, 0x7c, 0xb8, 0x5b,
    0xd7, 0x63, 0xf7, 0x63, 0x79, 0x6c, 0x3c, 0x8d,
};
